news_id,ticker,title,sapo,publish_time,Target_Date,open,high,low,close,volume
304,VIC,"Phiên 4/1: HAG tạo đáy mới, khối ngoại “xả” VIC trong ngày đầu năm mới","Trong ngày đầu năm mới, khối ngoại đã mua ròng tổng cộng hơn 2 triệu cổ phiếu trên toàn thị trường. Tuy vậy, xét về giá trị thì đây là phiên bán ròng nhẹ với khoảng 60 triệu đồng và phần lớn tập trung tại VIC.",2016-01-04 16:38:00,2016-01-05,12.69,12.88,12.63,12.82,2480100.0
809,HAG,"HAG về dưới mệnh giá, VnIndex mất mốc 570 điểm","Thanh khoản trên thị trường tiếp tục ở mức thấp. Tổng giá giá trị giao dịch trên thị trường chỉ đạt khoảng 2.000 tỷ đồng, trong đó, giao dịch thỏa thuận là gần 200 tỷ đồng.",2016-01-05 16:10:00,2016-01-06,9.7,10.2,9.6,10.0,6607690.0
808,HAG,Khối lượng đặt mua HAG tăng vọt từ khi phục hồi,"Kết thúc phiên giao dịch hôm nay, HAG đạt 10.900 đồng/cổ phiếu- tăng trần- dư mua trần hơn 280 nghìn đơn vị.",2016-01-11 17:35:00,2016-01-12,10.9,11.4,10.9,11.3,8942460.0
303,VIC,"Phiên 11/1: Khối ngoại “xả hàng”, VIC vẫn tiếp tục tăng điểm","Giao dịch khối ngoại trong phiên giao dịch hôm nay không thực sự sôi động, họ vẫn tiếp tục mua ròng trên HNX và bán ròng trên HSX. Tính chung, khối ngoại có phiên bán ròng nhẹ với giá trị 390 triệu đồng.",2016-01-11 16:53:00,2016-01-12,13.04,13.06,12.85,12.96,1030900.0
302,VIC,"Phiên 13/1: Khối ngoại mua ròng MSN, tiếp tục “xả hàng” VIC",Khối ngoại có phiên bán ròng trên cả 2 sàn giao dịch với giá trị 83 tỷ đồng. Việc khối ngoại vẫn chưa trở lại mua ròng vẫn đang là rào cản cho sự hồi phục của thị trường.,2016-01-13 17:24:00,2016-01-14,12.74,13.01,12.74,12.96,2616100.0
807,HAG,HAG lại xuyên thủng đáy cũ: Lòng tham bị trả giá đắt?,"Cổ phiếu HAG đã liên tiếp giảm 3 phiên vừa qua, về 9.900 đồng chốt phiên giao dịch ngày 15/1. Đến phiên sáng nay, cổ phiếu này đã có lúc giao dịch ở mức giá sàn 9.300 đồng-phá vỡ đáy cũ.",2016-01-18 09:34:00,2016-01-18,9.6,9.7,9.3,9.3,8483270.0
301,VIC,"VIC, MSN hồi phục cuối phiên, VnIndex đóng cửa giảm gần 17 điểm","Như vậy, sau khi chạm vùng 520 điểm, chỉ số VnIndex đã tạm bật tăng trở lại ngay trong phiên giao dịch dù rằng mức phục hồi là không quá mạnh.",2016-01-18 15:05:00,2016-01-19,12.74,12.98,12.74,12.82,736420.0
806,HAG,"HAG “phá đáy”, VnIndex thủng mốc 530 điểm","Sau những nỗ lực hồi phục bất thành trong phiên sáng, áp lực bán đã được đẩy mạnh trong phiên giao dịch buổi chiều, đặc biệt tại các Bluechips như VNM, HAG, BVH, GAS, HSG….",2016-01-20 15:12:00,2016-01-21,8.9,8.9,8.4,8.4,12664870.0
805,HAG,"HAG giảm sàn, VnIndex mất tiếp gần 8 điểm","HAG hôm nay giảm sàn và cuối phiên có dư bán sàn 417 nghìn cổ phiếu, khối lượng khớp lệnh đạt 12,66 triệu đơn vị.",2016-01-21 15:29:00,2016-01-22,8.1,8.4,7.9,7.9,19081830.0
804,HAG,"HAG chỉ còn 7.900 đồng/cổ phiếu, đã mua được chưa?",Đã nên mua HAG hay chưa khi mà lần bắt đáy nào cũng khiến nhà đầu tư thua lỗ nặng?,2016-01-22 08:00:00,2016-01-22,8.1,8.4,7.9,7.9,19081830.0
803,HAG,Hội thảo nhận định cổ phiếu HAG,"Công ty chứng khoán HVS Vietnam, thuộc Tập đoàn HVS Group, Malaysia, sẽ tổ chức buổi hội thảo “Nhận định cổ phiếu HAG” lúc 13h30 ngày 28/01/2016, tại Phòng Hội Nghị Lầu 2, Khách sạn Liberty 4, 265 Phạm Ngũ Lão, Quận 1, TP. HCM.",2016-01-22 08:00:00,2016-01-22,8.1,8.4,7.9,7.9,19081830.0
802,HAG,"HAG khớp lệnh kỷ lục, VnIndex bất ngờ đảo chiều tăng điểm với thanh khoản tăng vọt","Dòng tiền “bắt đáy” mạnh khi VnIndex giảm về vùng hỗ trợ 515 điểm đã khiến thanh khoản toàn thị trường tăng lên 217 triệu đơn vị, tương ứng giá trị 2.463 tỷ đồng.",2016-01-22 15:15:00,2016-01-23,8.2,8.4,7.9,8.4,11890990.0
801,HAG,Hội thảo nhận định cổ phiếu HAG,"Công ty chứng khoán HVS Vietnam, thuộc Tập đoàn HVS Group, Malaysia, sẽ tổ chức buổi hội thảo “Nhận định cổ phiếu HAG” lúc 13h30 ngày 28/01/2016, tại Phòng Hội Nghị Lầu 2, Khách sạn Liberty 4, 265 Phạm Ngũ Lão, Quận 1, TP. HCM.",2016-01-25 08:00:00,2016-01-25,8.2,8.4,7.9,8.4,11890990.0
800,HAG,"HAG thăng hoa, cổ phiếu công ty con lại bị bán tháo giá sàn","HNG giảm khá mạnh thời gian gần đây, từ mức giá 29.000 đồng phiên đầu tiên của năm 2016, HNG đã sụt giảm gần 16% chỉ sau chưa đầy 1 tháng giao dịch.",2016-01-25 16:20:00,2016-01-26,8.5,8.9,8.2,8.9,14351750.0
799,HAG,Tiền thật nhìn từ HAG,"Phải đến khi cổ phiếu HAG bị cắt margin chủ động từ các công ty chứng khoán, chúng ta mới biết được sức mạnh của Tiền thật.",2016-01-26 08:36:00,2016-01-26,8.5,8.9,8.2,8.9,14351750.0
798,HAG,"Tạm hoãn ""Hội thảo nhận định cổ phiếu HAG""","Ban tổ chức Hội thảo nhận định cổ phiếu HAG thông báo hoãn Hội thảo ngày 28/01/2016. Ban tổ chức gửi lời xin lỗi chân thành và sẽ thông báo lại thời gian, địa điểm tổ chức Hội thảo đến các nhà đầu tư sau.",2016-01-27 08:00:00,2016-01-27,8.8,9.2,8.7,8.8,8082850.0
1243,TTF,"Bán ""chui"" cổ phiếu TTF, một cá nhân vị phạt 50 triệu đồng","Bà Nguyễn Thị Xuân (địa chỉ: số 8, ngách 69A/48 Hoàng Văn Thái, Khương Trung, Hà Nội) bị phạt 50 triệu đồng do báo cáo không đúng thời hạn việc bán 2 triệu cổ phiếu TTF.",2016-02-04 19:29:00,2016-02-05,31.3,31.6,31.2,31.4,277780.0
1242,TTF,"Meco JSC bán ""hớ"" cổ phiếu TTF năm 2015, lãi quý 4 tăng 140% nhờ thoái vốn Thủy điện Văn Chấn","Trong năm 2015, Meco JSC cũng đã chuyển nhượng hết cổ phần đang nắm giữ tại công ty liên kết là Thủy điện Văn Chấn, đây là nguyên nhân chủ yếu giúp lợi nhuận năm 2014 của MCG tăng cao 140% so với cùng kỳ.",2016-02-18 09:38:00,2016-02-18,31.4,31.4,31.1,31.2,312890.0
797,HAG,"Cổ phiếu trụ cứu nguy cho VN-Index, nổi bật ""2 mẹ con"" HAG và HNG","HAG giảm 400 đồng xuống 7.900 đồng/CP, khối lượng khớp lệnh lớn nhất thị trường với hơn 12 triệu đơn vị. Còn HNG giảm sàn xuống mức 7.500 đồng/CP và khớp lệnh hơn 9,7 triệu đơn vị.",2016-03-03 15:53:00,2016-03-04,8.0,8.4,7.9,8.2,4479430.0
300,VIC,"VIC, MSN kéo tụt nỗ lực VNM, VnIndex gặp khó trước ngưỡng 580 điểm","Trong khi dòng cao su tự nhiên đã giảm nhiệt với sắc đỏ tại phần lớn cổ phiếu thì riêng HNG - sau thông tin bất lợi được công bố ngày hôm qua, đã tăng trần.",2016-03-11 15:14:00,2016-03-12,12.2,12.28,12.15,12.25,346630.0
299,VIC,"Phiên 5/4: “Xả hàng” VIC, khối ngoại bán ròng 600 tỷ đồng trên toàn thị trường",Nếu không tính giao dịch thỏa thuận đột biến tại VIC thì khối ngoại vẫn tiếp tục có phiên mua ròng.,2016-04-05 17:02:00,2016-04-06,12.71,12.85,12.66,12.85,547050.0
298,VIC,Khối ngoại bán ròng hơn 1.000 tỷ đồng VIC chỉ sau 2 phiên giao dịch,"Trên HSX, khối ngoại đã bán ròng gần 6 triệu cổ phiếu với giá trị 443,32 tỷ đồng trong phiên giao dịch hôm nay và phần lớn lượng bán ròng tập trung tại VIC với 443 tỷ đồng.",2016-04-06 16:30:00,2016-04-07,12.85,12.88,12.71,12.74,289730.0
297,VIC,"Ngừng “xả hàng” VIC, khối ngoại mua ròng hơn 100 tỷ đồng trong phiên 7/4","SSI tiếp tục được khối ngoại mua khá mạnh trong phiên giao dịch hôm nay với 28,75 tỷ đồng. Hiện tại, tỷ lệ sở hữu của khối ngoại tại SSI đã lên tới gần 53%.",2016-04-07 21:11:00,2016-04-08,12.74,12.85,12.66,12.82,600280.0
296,VIC,"Tuần 4-8/4: Đột biến thỏa thuận VIC, khối ngoại bán ròng hơn 1.000 tỷ đồng trên toàn thị trường","Tuần qua, giá trị bán ròng của khối ngoại trên toàn thị trường lên tới trên 1.000 tỷ đồng. Tuy nhiên, nếu loại bỏ giao dịch tại VIC và MSN thì khối ngoại vẫn có tuần mua ròng khá tích cực.",2016-04-09 13:00:00,2016-04-09,12.82,13.63,12.82,13.63,1288260.0
295,VIC,"Phiên 12/4: Khối ngoại bán ròng hơn 16 triệu cổ phiếu VIC, tiếp tục mua ròng trên HNX","Khối ngoại có phiên bán ròng khá mạnh trên với hơn 750 tỷ đồng trên toàn thị trường. Tuy vậy, phần lớn lượng bán ròng được thực hiện qua giao dịch thỏa thuận.",2016-04-12 17:03:00,2016-04-13,13.9,14.3,13.63,14.04,807840.0
294,VIC,"VIC quay đầu giảm điểm, VnIndex thêm một lần “vấp ngã” trước ngưỡng 580 điểm","Trong những phiên giao dịch gần đây, việc VnIndex vượt 580 điểm nhưng đóng cửa dưới ngưỡng kháng cự tâm lý này là hình ảnh khá quen thuộc.",2016-04-15 15:11:00,2016-04-16,14.04,14.04,13.42,13.42,1021510.0
1241,TTF,"ĐHCĐ Gỗ Trường Thành: ""Cổ đông chỉ mong TTF có vốn lớn để cạnh tranh, không cần phải chia cổ tức""","""Tôi chỉ mới đầu tư khoảng 600.000 cổ phần với tư cách cá nhân nhưng KSB vẫn muốn tôi tham gia vào thành viên HĐQT"" - ông Võ Trường Thành cho biết",2016-04-15 16:09:00,2016-04-16,26.3,27.3,26.3,27.3,758590.0
293,VIC,"Tuần 11-15/4: VnIndex liên tục “vấp ngã” trước ngưỡng 580 điểm, khối ngoại bán ròng VIC hơn 865 tỷ đồng","Tuần qua, có khá nhiều thời điểm VnIndex áp sát ngưỡng 585 điểm nhưng áp điều chỉnh tại các Bluechips như VNM, VIC luôn khiến VnIndex đóng cửa bên dưới ngưỡng 580 điểm.",2016-04-16 17:45:00,2016-04-17,14.04,14.04,13.42,13.42,1021510.0
292,VIC,"VNM -  VIC - GAS: Những ""tội đồ"" khiến VN-Index giảm gần 12 điểm trong ngày 19/4","VNM là cổ phiếu tác động tiêu cực nhất tới VnIndex trong phiên giao dịch hôm nay khi giảm 4.000đ (2,8%) xuống 139.000đ.",2016-04-19 17:24:00,2016-04-20,13.42,13.77,13.42,13.63,1417390.0
796,HAG,"Cổ phiếu HNG, HAG của Bầu Đức tím ngắt nhờ 3 thông tin quan trọng này","3 thông tin quan trọng mà Chủ tịch BIDV Trần Bắc Hà tiết lộ cuối tuần qua đã cứu giá HNG, HAG phiên sáng nay.",2016-04-25 11:32:00,2016-04-25,7.3,7.4,7.2,7.4,10176920.0
291,VIC,"Tuần 9-13/5: Khối ngoại bán mạnh VIC, HPG, VnIndex giằng co quanh vùng 610 điểm","HPG cùng VIC là 2 cổ phiếu bị khối ngoại bán mạnh nhất tuần qua với giá trị lần lượt 302 tỷ đồng và 205,91 tỷ đồng. Những giao dịch này chủ yếu diễn ra qua phương thức thỏa thuận vào phiên 9/5 và 11/5.",2016-05-14 10:55:00,2016-05-14,14.44,14.98,14.3,14.84,1233650.0
1240,TTF,"TTF, VPK, ISG, HD2: Thông tin giao dịch lượng lớn cổ phiếu",Thông tin giao dịch lượng lớn cổ phiếu trên HNX/HSX.,2016-05-17 22:49:00,2016-05-18,32.5,32.6,31.2,32.4,926390.0
795,HAG,"Số mã xanh áp đảo, bluechips đẩy VN-Index tăng 3,5 điểm, HAG và HNG bật lên sắc xanh","Cổ phiếu dầu khí tăng giá hàng loạt. Trong đó, GAS tăng 1.500 đồng lên 61.500 đồng/CP, PVD tăng 400 đồng lên 32.000 đồng/CP.",2016-06-02 15:53:00,2016-06-03,8.0,8.1,7.9,8.1,3540730.0
1239,TTF,"Giao dịch cổ phiếu TTF, em gái ông Võ Trường Thành bị phạt 42,5 triệu đồng","Trên Bản cáo bạch năm 2015 của Gỗ Trường Thành, bà Võ Thị Tiếp được biết đến là em gái ông Võ Trường Thành, và bà Tiếp không sở hữu cổ phiếu TTF nào.",2016-06-13 11:51:00,2016-06-13,40.0,40.0,38.3,39.0,675710.0
1238,TTF,[Cổ phiếu nổi bật tuần]: Chuyện thoái vốn SCIC- KSB trở thành miếng mồi béo bổ của DRH và TTF,"Bất chấp thị trường chao đảo vì Brexit, KSB vẫn đạt mức tăng 2,4% trong phiên giao dịch cuối tuần qua. Không kém cạnh bất kỳ các công ty tăng trưởng nào khác trên sàn, KSB đã tăng gần 90% tính từ thời điểm đầu năm 2016. Còn nếu tính xa hơn, trong một năm rưỡi trở lại đây KSB đã tăng tới 240%.",2016-06-25 19:58:00,2016-06-26,37.8,38.2,37.3,38.0,283040.0
290,VIC,"VNM, VIC “níu giữ” sắc xanh cho VnIndex","Mặc dù biến động thị trường khá mạnh nhưng dòng tiền trong phiên hôm nay vẫn tiếp tục tập trung vào các cổ phiếu cơ bản, đón đầu KQKD quý 2 như AAA, CVT, DGC, HCC, ITD, RDP, VCS, SKG….",2016-06-30 15:19:00,2016-07-01,15.14,15.44,14.96,15.3,888200.0
289,VIC,"VN-Index chính thức vượt 640 điểm, bùng nổ GAS và VIC","Nổi bật hôm nay là HPG với mức tăng 200 đồng lên 39.800 đồng/CP và dẫn đầu khối lượng giao dịch sàn HOSE với hơn 5,65 triệu đơn vị.",2016-07-01 15:29:00,2016-07-02,15.44,15.6,15.3,15.3,459790.0
1237,TTF,Con trai ông Võ Trường Thành đăng ký mua 3 triệu cổ phiếu TTF,"Tính đến hiện tại, cổ phiếu TTF đã có 8 phiên liên tiếp giảm sàn",2016-07-29 10:31:00,2016-07-29,23.1,23.1,23.1,23.1,264340.0
1235,TTF,"Gỗ Trường Thành (TTF): Tồn kho ""bay hơi"", lỗ quý II hơn nghìn tỷ đồng","Gần 980 tỷ đồng hàng tồn kho phát hiện thiếu khi E&amp;Y kiểm kê tài sản. Khoản lỗ 1.123 tỷ đồng trong quý II đã khiến Trường Thành phải ghi nhận khoản lỗ lũy kế 1.082 tỷ đồng, ăn mòn 75% vốn điều lệ của DN này. Giá trị cổ phiếu lao dốc không phanh suốt nửa tháng qua.",2016-08-02 08:23:00,2016-08-02,20.0,20.0,20.0,20.0,4640.0
1236,TTF,"Cổ phiếu TTF đã giảm sàn 10 phiên liên tiếp từ khi có ""tin xấu"", mất 1/2 giá trị","Ngày 18/07 là ngày tươi sáng cuối cùng của TTF khi giá cổ phiếu tăng lên đến 43.600 đồng – mức đỉnh lịch sử. Từ đó đến nay, giá cổ phiếu đã giảm một nửa và chỉ còn 21.500 đồng.",2016-08-01 16:46:00,2016-08-02,20.0,20.0,20.0,20.0,4640.0
1234,TTF,"Chỉ với 10 cổ phiếu khớp lệnh, TTF có phiên giảm sàn thứ 12 liên tiếp","Tại mức giá đóng cửa 3/8, vốn hóa TTF chỉ còn 2.690 tỷ đồng, “bay hơi” 57% giá trị so với cách đây 12 phiên giao dịch.",2016-08-03 16:32:00,2016-08-04,18.6,18.6,17.3,17.3,550.0
288,VIC,"VIC, MSN kéo tụt VnIndex trong phiên cuối tuần","Những nỗ lực của VNM, FPT, HPG, HSG, BVH… không đủ giúp sắc xanh trở lại thị trường khi mà VIC, MSN điều chỉnh quá sâu.",2016-08-05 15:21:00,2016-08-06,13.41,13.65,12.48,13.41,3019390.0
287,VIC,"Khối ngoại tiếp tục “gom hàng” VNM, bán mạnh VIC, MSN trong phiên cuối tuần","Trên HNX, khối ngoại có phiên mua ròng thứ 17 liên tiếp với 1,58 triệu cổ phiếu, tương ứng giá trị 26,88 tỷ đồng.",2016-08-05 21:23:00,2016-08-06,13.41,13.65,12.48,13.41,3019390.0
1233,TTF,"Lỗ nghìn tỷ, cổ phiếu TTF bị đưa vào diện kiểm soát đặc biệt kể từ ngày 09/08","Tính từ ngày 19/7 đến nay, cổ phiếu TTF đã giảm sàn 15 phiên liên tục, mất 66% giá trị.",2016-08-08 21:06:00,2016-08-09,14.0,14.0,14.0,14.0,10.0
794,HAG,Hoàng Anh Gia Lai (HAG) chốt danh sách cổ đông tham dự ĐHCĐ thường niên 2016,"Thời gian họp dự kiến vào 15/9/2016 tại khách sạn Hoàng Anh Gia Lai, số 01 Phù Đổng, Tp Pleiku, tỉnh Gia Lai.",2016-08-09 13:00:00,2016-08-09,5.4,5.6,5.3,5.6,2969100.0
286,VIC,"VNM, VIC, VCB nâng đỡ thị trường, VnIndex tăng gần 8 điểm","VNM trong phiên sáng nay tăng mạnh 4.000đ lên 162.000đ và đây là yếu tố quan trọng thúc đẩy đà tăng của thị trường. Bên cạnh đó, các Bluechips như VIC, VCB, MSN, HPG, HSG, FPT…tăng điểm cũng giúp sắc xanh được củng cố.",2016-08-09 15:26:00,2016-08-10,13.71,14.58,13.71,14.58,2852080.0
285,VIC,"Khối ngoại tiếp tục đẩy mạnh bán ròng hơn 90 tỷ đồng, tập trung vào VIC","VIC là cổ phiếu bị khối ngoại bán ròng mạnh nhất với 63,4 tỷ đồng. Tuy vậy, cổ phiếu này vẫn giao dịch khá tốt và tăng kịch trần lên 48.600đ.",2016-08-10 17:12:00,2016-08-11,14.58,14.76,14.46,14.7,1964870.0
1232,TTF,Tóm gọn 3 năm thăng trầm của Gỗ Trường Thành (TTF) trong 2 phút: Tay không trắng tay lại về không,"Cổ phiếu TTF mất ba năm để tăng giá phi mã từ 5.000 lên gần 45.000 đồng. Nhưng ""thành quả"" này có thể mất sạch chỉ trong vòng 1 tháng.",2016-08-10 15:52:00,2016-08-11,12.2,12.2,12.2,12.2,30.0
1231,TTF,"Ông Võ Trường Thành bị bãi nhiệm vị trí Chủ tịch TTF, Phó Tổng giám đốc Vingroup lên thay",Ông Võ Trường Thành bị bãi nhiệm chức vụ Chủ tịch HĐQT do không hoàn thành đầy đủ trách nhiệm và nghĩa vụ của Chủ tịch HĐQT trong tình hình khó khăn khẩn cấp của công ty.,2016-08-15 10:52:00,2016-08-15,10.7,10.7,10.7,10.7,391920.0
1229,TTF,"TTF khớp lệnh 1,3 triệu cổ phiếu, VnIndex đánh rơi mốc 660 điểm trong phút chót","Nhóm cổ phiếu dược phẩm thu hút dòng tiền khá tốt trong phiên sáng nay với hàng loạt mã tăng mạnh như DMC, DHG, IMP, DBT, DCL…. Trong đó, DMC và IMP hiện tăng kịch trần.",2016-08-16 12:49:00,2016-08-16,10.0,10.0,10.0,10.0,1319810.0
793,HAG,"HAG, HNG tăng kịch trần, VnIndex áp sát cột mốc 660 điểm trong phiên chiều","Nhóm cổ phiếu bất động sản, xây dựng là tâm điểm thị trường trong buổi chiều với nhiều mã tăng mạnh như KBC, HBC, CTD, DXG, HUT, VCG, SCR, KDH… Tương tự, các cổ phiếu thép HPG, HSG, NKG, VIS…cũng tăng khá mạnh.",2016-08-15 15:52:00,2016-08-16,7.1,7.1,6.6,6.8,5584310.0
1230,TTF,"Sau 20 phiên nằm “thoi thóp”, lực cầu trở lại với TTF để “bắt đáy”?",Dù tiếp tục giảm sàn phiên thứ 20 nhưng điểm tích cực của TTF trong phiên hôm nay là khối lượng khớp lệnh của cổ phiếu đạt 391.920 đơn vị - tăng “cực mạnh” so với các phiên giao dịch trước.,2016-08-15 15:51:00,2016-08-16,10.0,10.0,10.0,10.0,1319810.0
792,HAG,"Chốt quyền nhận cổ tức, VNM vẫn tăng 3.000 đồng làm đầu tàu kéo VN-Index, HAG và HNG tăng trần trở lại","Nổi bật lên trong các dòng cổ phiếu là mía đường, sắc xanh phủ lên tất cả các mã. Cổ phiếu ô tô cũng rất tích cực.",2016-08-19 09:56:00,2016-08-19,6.1,6.4,6.1,6.4,2669880.0
1228,TTF,"Trọn 1 tháng giảm sàn, cổ phiếu TTF bốc hơi 80% giá trị xuống còn 8.100 đồng","Sau khi xuống dưới mệnh giá, dù vẫn bị dư bán sàn lớn nhưng lượng khớp lệnh đã có dấu hiệu tăng lên.",2016-08-21 09:00:00,2016-08-21,7.6,8.6,7.6,8.6,12906770.0
1227,TTF,"Gỗ trường thành (TTF) đột ngột tăng trần, chấm dứt chuỗi 24 phiên giảm sàn liên tiếp","Khối lượng khớp lệnh TTF trong phiên hôm nay tăng vọt lên xấp xỉ 13 triệu đơn vị. Trong đó, khối ngoại cũng đẩy mạnh “xả hàng” gần 2 triệu đơn vị.",2016-08-22 15:36:00,2016-08-23,9.2,9.2,9.2,9.2,89840.0
1226,TTF,"TTF khớp lệnh gần 13 triệu cổ phiếu, VnIndex đánh mất mốc 660 điểm trong phiên giao dịch đầu tuần","Việc các Bluechips như VNM, VIC HSG, MSN, HAG…g iảm sâu là nguyên nhân chính ảnh hưởng tiêu cực tới thị trường.",2016-08-22 16:18:00,2016-08-23,9.2,9.2,9.2,9.2,89840.0
1225,TTF,"Đảo chiều ngoạn mục, 2 chỉ số kết phiên đều tăng điểm, TTF tiếp tục tăng trần",Trong khi hàng loạt cổ phiếu dầu khí đều giảm giá thì PVS bất ngờ tăng 200 đồng lên 21.900 đồng/CP.,2016-08-23 16:57:00,2016-08-24,9.8,9.8,9.7,9.8,2603080.0
1224,TTF,"TTF, DRH đồng loạt tăng trần, VnIndex giữ vững cột mốc 660 điểm","Trong phiên hôm nay, các cổ phiếu bất động sản, xây dựng như HBC, CTD, VCG, TDH, TIG, SCR, KBC… cũng giao dịch tương đối sôi động và hầu hết đóng cửa trong sắc xanh.",2016-08-24 15:32:00,2016-08-25,9.6,10.4,9.2,10.4,9909990.0
1221,TTF,"TTF, BCG, SHS, SDH, CDO, TNT, HVA, DLR: Thông tin giao dịch lượng lớn cổ phiếu",Thông tin giao dịch lượng lớn cổ phiếu trên HNX/HSX.,2016-08-26 08:22:00,2016-08-26,11.1,11.1,11.0,11.1,743000.0
1223,TTF,"2 sàn đóng cửa trái chiều, TTF tăng trần với thanh khoản lớn nhất thị trường","Hàng loạt cổ phiếu đầu cơ có thị giá siêu thấp như JVC, OGC, VNH, HAR, KMR, TSC... lại tăng trần. Nhưng ATA thì giảm sàn và trắng bên mua.",2016-08-25 16:02:00,2016-08-26,11.1,11.1,11.0,11.1,743000.0
1222,TTF,Con gái ông Võ Trường Thành đã bán hết cổ phiếu TTF,Cổ phiếu TTF đã chấm dứt chuỗi 24 phiên giảm sàn liên tiếp và bắt đầu tăng điểm với 4 phiên tăng trần liên tiếp.,2016-08-25 17:35:00,2016-08-26,11.1,11.1,11.0,11.1,743000.0
284,VIC,"Tuần 22-26/8: Khối ngoại bán mạnh VIC, VNM, VnIndex tiếp tục giữ vững mốc 660 điểm","NKG là cổ phiếu được khối ngoại mua ròng mạnh nhất tuần qua với 38,88 tỷ đồng. Xếp tiếp theo trong top mua ròng lần lượt là HPG (24,42 tỷ đồng), KBC (21,25 tỷ đồng), PVT (17,83 tỷ đồng), C32 (12,59 tỷ đồng).",2016-08-27 16:44:00,2016-08-28,14.4,14.6,14.4,14.4,858310.0
1220,TTF,Ông Võ Trường Thành bị bán giải chấp gần 7 triệu cổ phiếu TTF ở đúng vùng giá đáy?,"Sau giao dịch, ông Võ Trường Thành còn sở hữu hơn 7,71 triệu cổ phiếu TTF.",2016-08-30 17:58:00,2016-08-31,13.4,13.4,13.4,13.4,149040.0
1219,TTF,"TTF, SAM, DLG, PNC, TAG, HCM, STP, KMR, DBT, SIC: Thông tin giao dịch lượng lớn cổ phiếu",Thông tin giao dịch lượng lớn cổ phiếu trên HNX/HSX.,2016-08-31 07:35:00,2016-08-31,13.4,13.4,13.4,13.4,149040.0
791,HAG,"HAG, HNG và LGL bị đưa vào diện cổ phiếu không đủ điều kiện giao dịch ký quỹ",Lý do đưa ra là lợi nhuận sau thuế của công ty mẹ trên BCTC hợp nhất soát xét 6 tháng đầu năm 2016 là số âm.,2016-09-01 10:34:00,2016-09-01,6.2,6.2,5.9,6.0,3871050.0
1218,TTF,"Phục hồi từ mức giảm 10 điểm, VN-index chỉ còn giảm hơn 5 điểm, TTF giảm sàn",Tổng giá trị giao dịch trên 2 sàn đạt gần 3.300 tỷ đồng.,2016-09-01 15:58:00,2016-09-02,11.7,11.7,11.7,11.7,437040.0
1217,TTF,"VNM và HSG được thêm vào danh mục của FTSE Vietnam Index, TTF bị loại",TTF cũng bị loại khỏi danh mục để tính chỉ số FTSE Vietnam All-Share Index.,2016-09-02 16:23:00,2016-09-03,11.7,11.7,11.7,11.7,437040.0
1216,TTF,"Bluechips kéo thị trường giảm gần 5 điểm, TTF tiếp tục chuỗi ngày “trắng bên mua”","Tuy vậy, điểm tích cực là các cổ phiếu thuộc các nhóm ngành khác không bị bán mạnh theo, thậm chí còn tăng điểm.",2016-09-05 15:16:00,2016-09-06,10.9,10.9,10.9,10.9,102090.0
283,VIC,"VIC thỏa thuận 5,6 triệu cổ phiếu, VnIndex mất hơn 7 điểm trong ngày đầu tiên áp dụng quy chế giao dịch mới","VNM tiếp tục bị khối ngoại bán ròng hơn 700 nghìn cổ phiếu trong phiên hôm nay. Đóng cửa phiên giao dịch, VNM giảm 1.800đ xuống 141.200đ và điều này đã ảnh hưởng khá tiêu cực tới thị trường chung.",2016-09-12 15:45:00,2016-09-13,14.84,14.96,14.7,14.72,393290.0
282,VIC,"Đây là lý do không nên bán cổ phiếu VIC chỉ vì công bố ""sốc"" phi lợi nhuận của Vingroup","Đừng vội vàng nhìn quyết định dành 100% lợi nhuận Vinmec và Vinschool cho xã hội mà bán cổ phiếu. Suy cho cùng, cổ đông không thiệt hại gì nhiều.",2016-09-28 08:54:00,2016-09-28,16.7,16.72,16.16,16.4,1071170.0
790,HAG,"Cổ phiếu HAG, HNG đồng loạt tăng trần trong sự ngỡ ngàng của nhà đầu tư","Đầu giờ sáng nay, cả 2 cổ phiếu đều không có tín hiệu bứt phá nhưng sau khoảng 30 phút giao dịch thì HAG, HNG đều tăng nhanh. Đến 10h30’ thì cả 2 cổ phiếu đều tăng trần.",2016-10-14 10:55:00,2016-10-14,5.27,5.63,5.27,5.63,5596060.0
281,VIC,"VIC tiếp tục thỏa thuận hơn 380 tỷ đồng, các cổ phiếu lớn kéo VN-Index giảm 2,5 điểm","Nhóm dầu khí đang xanh mướt với mức tăng 500 đồng của GAS, 300 đồng của PVD, 200 đồng tại PVS, PVB, PVC…",2016-10-20 15:49:00,2016-10-21,15.91,15.91,15.69,15.8,751380.0
789,HAG,"LNST 9 tháng của chứng khoán MBS giảm 45% so với cùng kỳ, dự phòng 33 tỷ đồng cho HAG","Một trong những khoản đầu tư lớn nhất của MBS tính đến cuối quý 3/2016 là HAG với số lượng hơn 2,1 triệu cổ phiếu, giá trị ghi sổ là 44 tỷ đồng (tương ứng giá bình quân gần 21.000 đồng/cp).",2016-10-21 14:12:00,2016-10-21,5.32,5.36,5.3,5.3,1810550.0
280,VIC,"Nam Thái mua 85,3 triệu cổ phiếu VIC, trở thành cổ đông lớn của Vingroup","Nếu tạm tính theo mức giá 43.000 đồng/cổ phiếu như hiện nay, thì Nam Thái đã bỏ ra khoảng 3.670 tỷ đồng cho số cổ phiếu này.",2016-10-28 13:04:00,2016-10-28,15.72,15.87,15.65,15.74,711780.0
279,VIC,"VIC, FLC, MWG, AAA, ITA, PGI, BBC, EMC: Thông tin giao dịch lượng lớn cổ phiếu",Thông tin giao dịch lượng lớn cổ phiếu trên HNX/HSX.,2016-10-28 17:45:00,2016-10-29,15.61,15.89,15.54,15.61,980500.0
1215,TTF,2 cơ hội mong manh giúp Gỗ Trường Thành (TTF) thoát án bị hủy niêm yết,"Lỗ lũy kế đã vượt xa vốn đầu tư của chủ sở hữu và theo quy chế niêm yết hiện hành, Gỗ Trường Thành đang đối mặt nguy cơ bị hủy niêm yết bắt buộc. Tuy nhiên, vẫn còn 2 cơ hội mong manh giúp doanh nghiệp từng nổi danh thị trường chứng khoán này trụ chân ở sàn niêm yết.",2016-11-02 16:10:00,2016-11-03,7.13,7.13,7.13,7.13,24240.0
1214,TTF,HoSE cảnh báo cổ phiếu TTF có thể bị hủy niêm yết bắt buộc,Nguyên nhân là do công ty Trường Thành hiện đang có số lỗ lũy kế vượt quá vốn điều lệ thực góp.,2016-11-07 11:14:00,2016-11-07,6.18,6.18,6.18,6.18,9330.0
278,VIC,Cổ phiếu VIC vụt tăng giúp tỷ phú Phạm Nhật Vượng lấy lại ngôi vị giàu nhất thị trường chứng khoán,Ông Trịnh Văn Quyết soán ngôi vị giàu nhất thị trường chứng khoán trong khoảng 30 phút nhưng sau đó cổ phiếu VIC tăng mạnh đẩy tài sản của tỷ phú Phạm Nhật Vượng vượt lên 31.858 tỷ đồng.,2016-11-11 15:10:00,2016-11-12,16.05,16.46,15.76,15.76,1412440.0
277,VIC,"VIC và ROS kéo VN-Index tăng hơn 1 điểm, cổ phiếu bia sàn hàng loạt",Cổ phiếu than và cổ phiếu cao su thì vẫn giữ nguyên phong độ. VHG đóng cửa trong sắc tím.,2016-11-11 16:14:00,2016-11-12,16.05,16.46,15.76,15.76,1412440.0
788,HAG,"HAG, HNG tím ngắt, Vinamilk đẩy VnIndex tăng khi ROS giảm sâu","VNM đóng cửa tăng mạnh 1.700đ lên 139.000đ và trong đó, khối ngoại đã mua ròng gần 400 nghìn cổ phiếu VNM.",2016-11-16 15:29:00,2016-11-17,5.9,6.07,5.8,5.8,9145390.0
1213,TTF,"Cổ phiếu TTF vừa tăng trần 4 phiên liên tiếp, Tân Liên Phát đăng ký bán gần 30 triệu cổ phiếu",Số cổ phiếu này Tân Liên Phát mua vào hồi tháng 5/2016 với giá khoảng 25.000 đồng/cổ phiếu.,2016-11-25 14:12:00,2016-11-25,5.7,5.7,4.96,4.96,662560.0
1212,TTF,"TTF, HQC, SHB, RDP, QNC, SKG, SDG, HND, VGP, SDU, SHA, TET: Thông tin giao dịch lượng lớn cổ phiếu",Thông tin giao dịch lượng lớn cổ phiếu trên HNX/HSX.,2016-11-25 20:00:00,2016-11-26,4.62,4.62,4.62,4.62,26290.0
1211,TTF,Gỗ Trường Thành (TTF): Miễn nhiệm toàn bộ chức danh lãnh đạo của cha con ông Võ Trường Thành,HĐQT Gỗ Trường Thành vừa có quyết định miễn nhiệm 3 vị trí Phó Tổng giám đốc và chấm dứt tư cách thành viên HĐQT đối với ông Võ Trường Thành và ông Võ Diệp Văn Tuấn.,2016-11-28 19:37:00,2016-11-29,4.3,4.94,4.3,4.41,898770.0
1210,TTF,"MSN, TTF, HQC, VSH, PAN, SIC, KMT, SSN, SGS, DDM: Thông tin giao dịch lượng lớn cổ phiếu",Thông tin giao dịch lượng lớn cổ phiếu trên HNX/HSX.,2016-12-06 22:31:00,2016-12-07,6.58,6.58,6.58,6.58,38470.0
276,VIC,"Công ty Quang Thái sở hữu hơn 140 triệu cổ phiếu VIC, trở thành cổ đông lớn của Vingroup","Số cổ phiếu trên được ""kế thừa"" từ một doanh nghiệp khác do chia tách doanh nghiệp.",2016-12-17 10:14:00,2016-12-17,15.69,15.91,15.65,15.72,620190.0
275,VIC,"Đột biến giao dịch thỏa thuận, VnIndex giữ vững sắc xanh nhờ VNM, VIC, SAB","Các cổ phiếu vốn hóa lớn như SAB, VIC, FPT, STB, ROS… đồng loạt tăng điểm giúp sắc xanh trên toàn thị trường được củng cố.",2016-12-27 15:12:00,2016-12-28,15.6,15.6,15.26,15.28,1112890.0
274,VIC,Tập đoàn đầu tư Việt Nam hoàn tất nhận chuyển nhượng 572 triệu cổ phiếu VIC,"Sáp nhập doanh nghiệp và nhận góp vốn bằng cổ phiếu VIC đã giúp Tập đoàn đầu tư Việt Nam nâng tỷ lệ sở hữu Vingroup lên 33,37% và thành cổ đông lớn nhất của Vingroup.",2016-12-30 10:45:00,2016-12-30,15.28,15.43,15.28,15.43,704400.0
273,VIC,"HSG, VIC, PSI, SAM, PGT, TNT, CTI, API, THW: Thông tin giao dịch lượng lớn cổ phiếu",Thông tin giao dịch lượng lớn cổ phiếu trên HNX/HSX.,2016-12-31 14:00:00,2016-12-31,15.43,15.43,15.28,15.28,321500.0
272,VIC,"Năm 2016: Khối ngoại bán ròng trên Hose hơn 7.828 tỷ đồng, VIC và VNM là tâm điểm","Đây là năm thứ 2 liên tiếp VIC dẫn đầu giá trị bán ròng của khối ngoại trên sàn HOSE, đạt tổng cộng hơn 9.767,7 tỷ đồng.",2017-01-02 11:48:00,2017-01-02,15.43,15.43,15.28,15.28,321500.0
1209,TTF,CDO phá kỷ lục của Gỗ Trường Thành (TTF) với 25 phiên giảm sàn liên tục,Tết sắp về và nhà đầu tư rót tiền vào cổ phiếu CDO vẫn không nhìn thấy tia hy vọng mong manh nào cứu vớt cho khoản tiền của họ. Tiền cứ hàng ngày mất đi bất chấp nhà đầu tư có nỗ lực cách mấy để cắt lỗ.,2017-01-11 07:23:00,2017-01-11,6.2,6.2,5.55,5.7,93810.0
787,HAG,"HAG, HNG hút tiền, VnIndex giữ vững sắc xanh nhờ VNM, ROS và cổ phiếu ngân hàng","Tâm lý nghỉ tết hiện hữu khiến lực cầu vào thị trường suy yếu, trong khi áp lực bán nhằm hạ margin tăng mạnh khiến thị trường giao dịch khá ảm đạm.",2017-01-23 15:11:00,2017-01-24,5.5,5.79,5.45,5.79,9260420.0
786,HAG,"HAG và HNG tăng giá tạo hiệu ứng kéo AGR tăng trần, thanh khoản thị trường vượt 3.000 tỷ đồng","Bộ đôi HAG, HNG duy trì đà tăng điểm tích cực bất chấp thông tin lỗ lớn trong năm 2016. Việc HNG hồi phục cũng mang lại niềm vui cho AGR và giúp cổ phiếu này tăng kịch trần.",2017-02-13 15:34:00,2017-02-14,6.52,6.67,6.5,6.52,10838480.0
785,HAG,"SAB cứu VN-Index khỏi sắc đỏ, FLC, HAG và OGC chiếm hơn 20% khối lượng sàn HSX",Có vẻ như khi các cổ phiếu lớn đang điều chỉnh thì sự lựa chọn của nhà đầu tư lại chuyển sang nhóm cổ phiếu vừa và nhỏ.,2017-02-14 15:25:00,2017-02-15,6.52,6.94,6.51,6.8,10279310.0
784,HAG,"HAG khớp lệnh kỷ lục, VnIndex mất mốc 710 điểm trước áp lực bán tăng vọt","Nhóm cổ phiếu ngân hàng sau những phút bùng nổ đầu phiên chiều cũng đồng loạt đảo chiều. Thậm chí, EIB còn rơi từ giá trần xuống giá sàn.",2017-02-16 15:05:00,2017-02-17,7.0,7.24,6.95,7.24,10523050.0
783,HAG,"Áp lực chốt lời tăng vọt cuối phiên, HAG giảm sàn sau chuỗi ngày tăng nóng",Mặc dù điểm số không giảm quá nhiều nhưng áp lực điều chỉnh đang diễn ra khá mạnh trên toàn thị trường. Điều này có thể thấy rõ nét khi hầu hết các nhóm cổ phiếu trên thị trường đều điều chỉnh sâu.,2017-02-24 15:13:00,2017-02-25,7.52,8.11,7.35,8.11,13478380.0
271,VIC,[Cổ phiếu nổi bật tuần] VIC - khởi đầu chu kỳ đầu tư?,"Kết thúc năm 2016, Tập đoàn Vingroup - Công ty Cổ phần (VIC – HOSE) đạt doanh thu hơn 58,5 nghìn tỷ đồng, tương ứng với mức 2,6 tỷ USD tăng trưởng 72% với năm 2015. Với vị thế người dẫn đầu, lợi nhuận sau thuế tăng 133% lên 3,5 nghìn tỷ đồng.",2017-02-26 17:39:00,2017-02-27,16.64,17.08,16.64,16.88,788600.0
782,HAG,"HAG, HVN đồng loạt tăng trần, VnIndex tăng gần 3 điểm trong ngày đầu tuần","Bộ đôi HAG, HNG duy trì lực cầu mạnh trong suốt phiên giao dịch và HAG đóng cửa tăng kịch trần lên 8.110 đồng. Tương tự, HVN cũng tăng trần lên 37.600 đồng và không còn dư bán cuối phiên.",2017-02-27 15:05:00,2017-02-28,8.3,8.45,8.13,8.18,6526970.0
1208,TTF,TTF: Cha con ông Võ Trường Thành xin lấy tài sản cá nhân để khắc phục hậu quả,HĐQT CTCP Tập đoàn Kỹ nghệ Gỗ Trường Thành (mã TTF) vừa trình cổ đông thông qua phương án khắc phục hậu quả được đề xuất bởi ông Võ Trường Thành - nguyên Chủ tịch HĐQT kiêm Tổng giám đốc TTF và ông Võ Diệp Văn Tuấn - nguyên thành viên HĐQT và Phó Tổng giám đốc công ty.,2017-03-03 15:36:00,2017-03-04,7.21,7.21,7.21,7.21,98830.0
781,HAG,"Cổ phiếu hàng không giảm mạnh, bộ đôi HAG, HNG đồng loạt bứt phá cuối phiên","Trong phiên hôm nay, nhóm cổ phiếu bất động sản, xây dựng duy trì đà tăng khá tốt với hàng loạt mã tăng điểm như DXG, DRH, ROS, KDH, LHG, SJS, NLG, PC1…",2017-03-15 15:10:00,2017-03-16,8.31,8.87,8.3,8.87,23174050.0
780,HAG,"HAG và HNG tỏa sáng với sắc tím, NVL và ACB được thỏa thuận khối lượng lớn","Bất động sản, xây dựng tiếp tục thu hút dòng tiền khá tốt với nhiều mã tăng điểm ấn tượng như TDH, DXG, LCG, DIG, DRH, HBC, LDG…",2017-03-16 15:54:00,2017-03-17,9.15,9.29,9.0,9.1,12658110.0
779,HAG,"Cổ phiếu HAG lần đầu tiên trở lại mệnh giá sau hơn 1 năm ròng rã, Bầu Đức lọt top 10 người giàu nhất TTCK Việt Nam",Lần cuối cùng thị giá HAG đạt trên 10.000 đồng là ngày 14/1/2016 với giá đóng cửa 10.300 đồng/cp.,2017-03-23 10:42:00,2017-03-23,9.7,10.25,9.68,10.1,10651430.0
1207,TTF,"Gỗ Trường Thành báo giảm lỗ 350 tỷ đồng sau kiểm toán, cổ phiếu TTF ""kịp"" tăng trần phiên cuối tuần",Mặc dù doanh thu thuần sau kiểm toán giảm hơn 600 tỷ đồng so với trước kiểm toán nhưng chi phí quản lý doanh nghiệp giảm tới 87%.,2017-03-25 15:35:00,2017-03-26,8.59,8.59,8.59,8.59,983660.0
1206,TTF,"TTF thỏa thuận hơn 21 triệu cổ phiếu giá sàn, sắc đỏ phủ kín thị trường trong phiên cuối tuần","Bộ đôi HAG, HNG cũng có phiên giao dịch ấn tượng khi cả 2 đồng loạt đảo chiều tăng điểm về cuối phiên giao dịch.",2017-03-31 15:14:00,2017-04-01,7.21,7.81,7.0,7.5,716020.0
270,VIC,"TTF lại tăng trần, VN-Index tăng nhờ VCB và VIC, thanh khoản đạt 5.000 tỷ đồng","Nhóm chứng khoán đồng loạt giảm khá mạnh, kể cả những cổ phiếu tăng tốt trong phiên sáng như SSI.",2017-04-04 15:24:00,2017-04-05,15.43,15.47,15.28,15.28,526530.0
1205,TTF,"TTF, SAM, GTN, API, PVI, PIT, FTM, SDY, VJT, SMB, VTX, HID: Thông tin giao dịch lượng lớn cổ phiếu",Thông tin giao dịch lượng lớn cổ phiếu trên HNX/HSX.,2017-04-05 08:15:00,2017-04-05,8.1,8.58,8.1,8.58,318530.0
1204,TTF,"VN30-Index giảm 8 điểm, thị trường chìm trong sắc đỏ, TTF tiếp tục tăng trần",Khối ngoại mua mạnh FLC với hơn 3 triệu đơn vị.,2017-04-05 15:46:00,2017-04-06,9.18,9.18,9.0,9.18,1121820.0
1203,TTF,"MWG, BHS, TTF, BCG, VGP, B82: Thông tin giao dịch lượng lớn cổ phiếu",Thông tin giao dịch lượng lớn cổ phiếu trên HNX/HSX.,2017-04-06 07:30:00,2017-04-06,9.18,9.18,9.0,9.18,1121820.0
1202,TTF,"Cổ phiếu chứng khoán bứt phá, TTF chấm dứt chuỗi 3 phiên tăng trần, VnIndex mất mốc 730 điểm vào “phút 90”","Các cổ phiếu chứng khoán như BVS, CTS, HCM, VND, SHS… cũng đồng loạt bứt phá giúp thị trường trở nên tương đối sôi động. Trong đó, SHS, VND đóng cửa tăng kịch trần.",2017-04-10 15:23:00,2017-04-11,9.29,9.29,8.6,8.62,382690.0
1201,TTF,"HNG, TTF đồng loạt giảm sàn, VNM, VJC không đủ cứu VnIndex khỏi một phiên giảm sâu","Bộ đôi HAG, HNG chịu áp lực điều chỉnh khá mạnh và trong đó, HNG thậm chí giảm sàn xuống 10.700 đồng. Tương tự, TTF cũng chịu áp lực bán mạnh và giảm sàn xuống 8.020 đồng.",2017-04-12 15:03:00,2017-04-13,8.0,8.45,7.6,8.1,477330.0
778,HAG,"CTCK HSC lãi 95 tỷ đồng quý 1/2017, bán cổ phiếu Vietjet, mua HAG và HSG","Đến 31/03/2017, HSC cho vay ký quỹ và cho vay ứng trước tiền bán chứng khoán với tổng giá trị 3.029 tỷ đồng.",2017-04-21 13:48:00,2017-04-21,8.16,8.35,8.1,8.29,3644360.0
777,HAG,"HAGL đăng ký bán cổ phiếu HAGL Agrico để hoán đổi nợ, giá bộ đôi HAG và HNG tăng vọt","Sau giao dịch này, HAG sẽ giảm khối lượng nắm giữ HNG từ 540,5 triệu cổ phiếu xuống còn 520,5 triệu cổ phiếu (tương đương 67,84% vốn cổ phần).",2017-04-24 13:46:00,2017-04-24,8.3,8.85,8.3,8.68,6795740.0
1200,TTF,"Cải tổ mạnh cũng không gánh nổi nợ lãi vay, TTF chịu lỗ 17 tỷ quý I",Tổng mức vay nợ ngắn hạn đang ở con số trên 2.560 tỷ đồng.,2017-05-06 08:04:00,2017-05-06,8.13,8.13,8.13,8.13,35360.0
776,HAG,"Hàng loạt cổ phiếu bất động sản tăng trần, bộ đôi HAG, HNG giảm mạnh vì thông tin bất lợi",TTF sau thông tin ký kết hợp đồng cung cấp sản phẩm cho VinGroup với giá trị 16.000 tỷ đồng cũng có phiên giao dịch khá tích cực và tăng kịch trần.,2017-05-08 15:07:00,2017-05-09,8.4,8.95,8.2,8.9,7103240.0
775,HAG,"Khối lượng bắt “hàng” giá sàn của HAG và HNG tăng vọt, người mua “đặt cược” điều gì?","Theo giới đầu tư, giá cổ phiếu trong ngắn hạn không tránh khỏi việc bị ảnh hưởng tiêu cực với thông tin vào diện cảnh báo. Còn xét trong thời gian dài hơn, quá trình tái cấu trúc đang có diễn biến mới và nhà đầu tư có thể kỳ vọng hơn vào triển vọng của doanh nghiệp.",2017-05-09 09:00:00,2017-05-09,8.4,8.95,8.2,8.9,7103240.0
1199,TTF,"Áp lực chốt lời mạnh khi VnIndex áp sát vùng 730 điểm, TTF chấm dứt chuỗi tăng trần liên tiếp","Nhóm bất động sản, xây dựng dù không còn quá bùng nổ nhưng vẫn có một vài gương mặt tăng mạnh như SCR, DRH, HBC, KBC, LDG, NDN, QCG, SJS, VRC, NVL, PC1…",2017-05-10 15:15:00,2017-05-11,9.4,9.4,8.25,8.35,749160.0
774,HAG,Review ETF: FTSE Vietnam Index bất ngờ loại HAG ra khỏi danh mục,FTSE Vietnam Index đã thêm 2 cổ phiếu Việt Nam là Novaland (NVL) và Sacombank (STB) và loại 3 cổ phiếu ra khỏi danh mục trong đợt review quý 2/2017.,2017-06-02 16:57:00,2017-06-03,8.6,8.7,8.3,8.3,11312810.0
773,HAG,Vì sao FTSE bất ngờ loại hơn 10 triệu cổ phiếu HAG khỏi danh mục?,"Ước tính theo mức giá đóng cửa ngày 2/6/2017 (8.920 đồng/cp), khoản mục đầu tư vào HAG của FTSE có giá trị xấp xỉ hơn 90 tỷ đồng.",2017-06-03 16:05:00,2017-06-04,8.6,8.7,8.3,8.3,11312810.0
1198,TTF,"TTF: Cửa này đóng lại, cửa khác có mở ra?",Khủng hoảng từ việc kiểm toán phát hiện hàng tồn kho bốc hơi và lỗ lũy kế nặng nề khiến Cty CP Tập đoàn Kỹ nghệ Gỗ Trường Thành (HoSE: TTF) đứng bên bờ vực phá sản năm 2016. Nhưng có vẻ “số” của Gỗ Trường Thành “chưa tận”.,2017-06-04 10:46:00,2017-06-04,9.0,9.3,8.96,8.96,362520.0
772,HAG,"HAG, HNG đồng loạt giảm sàn, VnIndex tăng gần 5 điểm trong phiên đầu tuần","Dòng tiền có dấu hiệu quay lại các cổ phiếu vốn hóa nhỏ, trung bình như NAG, NVT, QBS, RIC, VOS, TNT, HKB, BII, AMD, KLF, ACM, DCS…và giúp nhóm này tăng kịch trần.",2017-06-05 15:05:00,2017-06-06,8.31,8.58,8.23,8.58,3402260.0
771,HAG,"Khối ngoại quay đầu bán ròng trong phiên đầu tuần, tập trung ROS, HAG","Lực bán ròng chủ yếu tập trung tại ROS với 82,05 tỷ đồng. Trong phiên hôm nay, ROS tiếp tục giảm mạnh 2.500 đồng (2%) xuống 121.000 đồng và đây là phiên giảm thứ 2 liên tiếp của cổ phiếu.",2017-06-05 20:51:00,2017-06-06,8.31,8.58,8.23,8.58,3402260.0
269,VIC,"HNG giảm sàn, VIC và EIB thỏa thuận ""khủng"" chiếm gần 30% thanh khoản sàn HOSE","Ngoài ra, NVL, AAA, VNM, PNJ… cũng được thỏa thuận với giá trị lớn.",2017-06-08 15:13:00,2017-06-09,15.21,15.36,15.21,15.28,538240.0
770,HAG,"HAG tăng bất chấp ETF bán 10 triệu cổ phiếu, STB dẫn đầu thanh khoản trên HOSE","Không bị ảnh hưởng bởi ETF nhưng với áp lực hàng trả cổ tức về tài khoản cũng như hơn 6 triệu cổ phiếu T3 về, DXG đã phục hồi thành công lên giá 17.550 đồng với khối lượng hơn 7,7 triệu đơn vị. Giá cao nhất trong phiên đạt 17.900 đồng.",2017-06-16 15:00:00,2017-06-17,9.4,9.4,9.02,9.05,4811100.0
769,HAG,"Bộ đôi HAG, HNG đồng loạt bứt phá, cổ phiếu ngân hàng kéo thị trường giảm điểm","Nhóm cổ phiếu bất động sản, xây dựng thu hút tiền khá tốt với hàng loạt mã tăng điểm như CTD, DRH, DXG, FCN, LCG, LHG, QCG, SCR, SJS, SZL, ROS, VCG…",2017-06-22 15:13:00,2017-06-23,9.6,9.87,9.6,9.78,6292590.0
1197,TTF,"ĐHCĐ Gỗ Trường Thành (TTF): Bán hết số đồ gỗ tồn đọng dù có thể lỗ, ông Mai Hữu Tín sẽ mua cổ phiếu nếu phát hành không thành công","Năm 2017, Gỗ Trường Thành đặt mục tiêu 1.254 tỷ đồng doanh thu thuần, lợi nhuận sau thuế khoảng 35,4 tỷ đồng.",2017-06-26 15:27:00,2017-06-27,8.7,8.7,8.1,8.22,863150.0
768,HAG,Lý do gì khiến khối ngoại gom mạnh HAG trong phiên ATC?,"Kết thúc phiên ngày 12/7/2017, HAG tăng 4,5% lên 9.200 đồng/CP.",2017-07-12 10:07:00,2017-07-12,9.3,9.43,9.21,9.25,6394260.0
1196,TTF,Đã tròn 1 năm sau biến cố kiểm kê thiếu 1.000 tỷ đồng hàng tồn kho khiến Gỗ Trường Thành (TTF) giảm sàn 24 phiên liên tiếp,"Cách đây đúng 1 năm, vào ngày 19/07/2016, Tập đoàn Vingroup ( VIC ) bất ngờ thông báo, thành viên của tập đoàn này là CTCP Đầu tư Xây dựng Tân Liên Phát quyết định tạm dừng việc chuyển đổi khoản vay giá trị 1.202 tỷ đồng tại CTCP Tập đoàn kỹ nghệ Gỗ Trường Thành (mã TTF ).",2017-07-19 09:46:00,2017-07-19,7.3,7.4,7.2,7.2,127480.0
1195,TTF,UBCKNN không chấp thuận cho Gỗ Trường Thành (TTF) gia hạn công bố BCTC quý 2 đến tháng 9,"Nguyên nhân, các lý do mà Gỗ Trường Thành nêu ra không thuộc các lý do bất khả kháng theo quy định.",2017-08-07 10:47:00,2017-08-07,7.6,7.6,7.5,7.5,80180.0
767,HAG,"Bộ đôi cổ phiếu HAG, HNG ra khỏi diện cảnh báo kể từ ngày 22/8","Trước đó, vào ngày 12/5/2017, HAG và HNG đã bị đưa vào diện cảnh báo do lợi nhuận sau thuế năm 2016 âm.",2017-08-18 17:22:00,2017-08-19,8.7,8.78,8.6,8.6,2456970.0
1194,TTF,Gỗ Trường Thành  (TTF) bất ngờ báo lãi trong quý 2/2017 nhờ lợi nhuận khác,"Khoản phải thu tăng thêm gần 290 tỷ đồng, chủ yếu là do TTF xuất hiện thêm khoản phải thu theo tiến độ kế hoạch hợp đồng xây dựng lên tới gần 350 tỷ đồng.",2017-08-28 16:05:00,2017-08-29,7.3,7.66,7.1,7.35,577000.0
1193,TTF,"Hàng loạt vấn đề còn bỏ ngỏ sau báo cáo tài chính ""chữa cháy"" của Gỗ Trường Thành (TTF)",Lá bài xóa lãi vay từ xưa đến nay vẫn là cứu cánh từ trên trời rơi xuống cho Gỗ Trường Thành.,2017-08-29 14:55:00,2017-08-29,7.3,7.66,7.1,7.35,577000.0
268,VIC,"Số mã giảm điểm chiếm ưu thế, VnIndex vẫn tăng gần 5 điểm nhờ VIC, ROS","Sự trái chiều của các chỉ số có nguyên nhân quan trọng bởi các cổ phiếu vốn hóa lớn như HPG, HSG, MSN, MWG, PNJ, ROS, VIC, SAB… đồng loạt tăng mạnh. Trong đó, đáng chú ý VIC tăng 3.150 đồng (gần kịch trần) và ROS tăng 3.000 đồng.",2017-08-30 15:21:00,2017-08-31,18.0,18.59,17.82,18.0,1464890.0
267,VIC,"Khối ngoại đẩy mạnh mua ròng VIC, VnIndex bật tăng gần 5 điểm trong phiên 30/8","VIC là cổ phiếu được khối ngoại mua ròng nhiều nhất phiên với 38,73 tỷ đồng. Xếp tiếp theo lần lượt là CTD (11,45 tỷ đồng), VNM (9,84 tỷ đồng), DXG (9,17 tỷ đồng), HSG (8,09 tỷ đồng).",2017-08-30 18:01:00,2017-08-31,18.0,18.59,17.82,18.0,1464890.0
266,VIC,"VIC giảm điểm cuối phiên, BID bất ngờ tăng trần, thanh khoản thị trường tăng vọt dù nghỉ lễ cận kề",BID tăng trần lên 20.700 đồng với thanh khoản tăng vọt. Nhóm cổ phiếu ngân hàng đua nhau tăng điểm mạnh.,2017-08-31 16:01:00,2017-09-01,17.89,18.33,17.89,18.15,613910.0
265,VIC,"[Điểm nóng TTCK tuần 28/08 - 03/09] Chứng khoán Việt bùng nổ vơi VIC và BID, TTCK thế giới hồi phục trong dè dặt",Thị trường chứng khoán thế giới tuần qua đang dần hồi phục mặc dù cũng có một vài biến động giữa tuần xung quanh việc phóng tên lửa của Bắc Triều Tiên ở miền bắc Nhật Bản trong khi thị trường chứng khoán Việt Nam trải qua một tuần giao dịch khá “tích cực” khi nhóm ngân hàng và các bluechips tiếp tục dẫn dắt thị trường tiến lên phía trước.,2017-09-03 08:18:00,2017-09-03,18.33,18.48,18.22,18.44,1083940.0
264,VIC,VIC –Vingroup: Giai đoạn tăng tốc về giá cho dài hạn đang bắt đầu?,VIC gây ra sự ngạc nhiên khi thị giá tăng mạnh nhất kể từ đầu năm.,2017-09-04 09:01:00,2017-09-04,18.33,18.48,18.22,18.44,1083940.0
263,VIC,"Cổ phiếu chứng khoán tăng tích cực dưới dự dẫn dắt của HCM, VN-index tăng 3,5 điểm nhờ GAS, VIC và VJC","Phía HNX-Index lại bất ngờ quay đầu giảm điểm khi ACB giảm 0,7%. KLF giao dịch tới hơn 21 triệu cổ phiếu tương đương 79 tỷ đồng.",2017-09-14 15:13:00,2017-09-15,17.71,18.18,17.71,17.96,3535620.0
1192,TTF,"Lỗ vượt vốn điều lệ, cổ phiếu TTF của Gỗ Trường Thành có nguy cơ bị hủy niêm yết",Nếu báo cáo tài chính kiểm toán năm 2017 của TTF có tổng số lỗ lũy kế vượt quá số vốn điều lệ thực góp thì HOSE sẽ thực hiện thủ tục hủy niêm yết bắt buộc đối với chứng khoán TTF.,2017-09-18 11:02:00,2017-09-18,7.99,8.35,7.72,8.0,470490.0
1191,TTF,"TTF giảm sâu trước lo ngại hủy niêm yết, SAB, CTG, VNM giúp VnIndex tăng hơn 2 điểm","Về giao dịch khối ngoại, họ mua ròng gần 1 triệu cổ phiếu CTG, gần 900 nghìn HPG, hơn 700 nghìn SSI, hơn 200 nghìn EIB và bán ròng gần 1 triệu KBC trong phiên hôm nay.",2017-09-18 15:11:00,2017-09-19,7.8,7.85,7.45,7.45,461750.0
261,VIC,"Khối ngoại tiếp tục bán ròng trong phiên 11/10, VnIndex vẫn tăng hơn 3 điểm nhờ VIC","Cổ phiếu được khối ngoại mua ròng nhiều nhất phiên là VIC với 20,21 tỷ đồng. Trong phiên hôm nay, VIC giao dịch khá tích cực khi tăng 2.700 đồng (5,2%) lên 54.900 đồng và là cổ phiếu tác động tích cực nhất tới VnIndex.",2017-10-11 19:03:00,2017-10-12,20.17,20.5,19.8,20.2,955520.0
262,VIC,"VIC tăng hơn 5%, VPB ""nổ"" giá và khối lượng, kéo VN-Index tăng hơn 3 điểm","STB dù được nhấc lên khỏi giá sàn nhưng cũng giảm tới 6,4%. Cổ phiếu ngân hàng do ông Dương Công Minh làm chủ tịch HĐQT hôm nay khớp 9,3 triệu cổ phiếu – đứng thứ 2 sàn HOSE về khối lượng giao dịch.",2017-10-11 15:22:00,2017-10-12,20.17,20.5,19.8,20.2,955520.0
260,VIC,"SAB, VIC, GAS “đẩy” VnIndex vượt 820 điểm trong phiên cuối tuần, BHN bất ngờ giảm sàn “trắng bên mua”","PNJ trong phiên chiều nay đã thu hút lực cầu bắt đáy khá tích cực và đảo chiều tăng 200 đồng lên 109.100 đồng, đây cũng là mức giá cao nhất trong phiên.",2017-10-13 15:14:00,2017-10-14,20.57,20.65,20.06,20.06,1164490.0
766,HAG,Bộ đôi HNG & HAG kéo lợi nhuận quý III của VietinbankSC (CTS) giảm 72% so với cùng kỳ,"Sau khi báo lãi 6 tháng đầu năm tăng mạnh so với cùng kỳ năm trước, Công ty cổ phần Chứng khoán Ngân hàng Công thương Việt Nam (HOSE: CTS) vừa có báo cáo kết quả kinh doanh quý III với hiệu quả sụt giảm mạnh trong kỳ này.",2017-10-24 11:11:00,2017-10-24,7.7,7.8,7.67,7.77,2137480.0
765,HAG,"HAG, TRA, NVT, GTN, LPB, HNF,FCN, TVC, NTP, VPH, DGC, F99, CTC, SVNM CMV: Thông tin giao dịch lượng lớn cổ phiếu",Thông tin giao dịch lượng lớn cổ phiếu trên HNX/HSX.,2017-10-25 07:27:00,2017-10-25,7.8,8.1,7.8,7.91,2136850.0
259,VIC,"HBC, HII, HAR, FIT, QCG... thi nhau giảm sàn, VnIndex vẫn giữ được sắc xanh nhờ ROS, SAB, VIC, GAS","Trong phiên chiều nay, hầu hết các nhóm ngành có tính thị trường cao như chứng khoán, bất động sản, xây dựng đều giảm điểm, thậm chí, HBC, QCG còn giảm sàn “trắng bên mua”.",2017-10-30 15:09:00,2017-10-31,21.42,21.6,21.2,21.49,1225710.0
764,HAG,"Bộ đôi cổ phiếu HAG và HNG của bầu Đức bất ngờ ""bay""mất 14% trong 2 phiên, điều gì đang xảy ra?",Cổ phiếu HAG giảm sàn vào ngày 02 và “suýt sàn” vào ngày 03/11. Cổ phiếu HNG của CTCP Nông nghiệp Quốc tế Hoàng Anh Gia Lai (HAGL Agrico) cũng giảm liền 3 phiên và giảm sàn vào phiên cuối tuần qua.,2017-11-06 08:00:00,2017-11-06,7.04,7.38,7.03,7.29,4390780.0
258,VIC,"VIC và VNM giúp VN-Index bảo toàn mốc 860 điểm, KSA giảm sàn sau thông tin về trụ sở bỏ hoang","Tại nhóm xây dựng – bất động sản, QCG giảm sàn, HBC và CTD cùng giảm hơn 2% và VRE vẫn không khớp cổ phiếu nào, dư mua trần gần 10 triệu đơn vị.",2017-11-09 15:23:00,2017-11-10,24.91,25.72,23.99,24.25,2037660.0
257,VIC,"VIC, FMC, DHG, GTN, LSS, GSM, PCT, ADS: Thông tin giao dịch lượng lớn cổ phiếu",Thông tin giao dịch lượng lớn cổ phiếu trên HNX/HSX.,2017-11-15 23:26:00,2017-11-16,24.98,25.68,24.98,25.68,1449350.0
256,VIC,"VIC, VRE ngược dòng thị trường, VnIndex giữ vững mốc 890 điểm dù chịu áp lực bán mạnh","Bộ đôi HAG, HNG cũng giao dịch khá tích cực và đồng loạt tăng điểm. AGR cũng hưởng lợi từ điều này và tăng trần phiên thứ 2 liên tiếp.",2017-11-17 10:07:00,2017-11-17,25.79,26.45,25.68,26.23,1572620.0
255,VIC,"Bùng nổ trong phiên chiều, VnIndex dễ dàng vượt cản 900 điểm với sự bứt phá của VIC, VRE, VNM","Danh mục SCIC thoái vốn cũng có những tín hiệu tích cực trong phiên chiều, tiêu biểu là BMP tăng gần hết biên độ. Thông tin BMP có thể lọt rổ FTSE Vietnam ETF đã tác động tích cực tới cổ phiếu này. Ngược lại, HBC giảm 1.500 đồng sau dự báo có thể loại khỏi rổ V.N.M ETF.",2017-11-20 10:03:00,2017-11-20,26.38,28.03,26.27,28.03,1958970.0
254,VIC,"Khối ngoại bán mạnh VIC, nhiều cổ phiếu lớn hạ nhiệt, VN-Index chỉ còn tăng gần 15 điểm","VNM có lúc rơi về sát giá tham chiếu nhưng khi đóng cửa vẫn được kéo lên 189.000 đồng – tăng 1,1%. Còn VRE vẫn tăng trần và khớp lệnh hơn 8 triệu đơn vị, tương đương 409 tỷ đồng.",2017-11-21 15:10:00,2017-11-22,28.29,28.95,27.0,27.92,1670670.0
763,HAG,"HAG, SBS, PVB, PVC, MCG, SJD, KHP, SKG, BVG, HHC, MDG, NNC: Thông tin giao dịch lượng lớn cổ phiếu",Thông tin giao dịch lượng lớn cổ phiếu trên HNX/HSX.,2017-11-22 08:50:00,2017-11-22,7.48,7.6,7.39,7.52,2974710.0
253,VIC,"Loại trừ ảnh hưởng của VIC, VRE, ROS và SAB, thị trường chứng khoán Việt hóa ra... vẫn rẻ",Bốn cổ phiếu trên chiếm 24% vốn hoá của sàn HoSE nhưng chỉ đóng góp 6% tổng lợi nhuận nên đã vô tình kéo mặt bằng P/E của thị trường lên cao hơn mức bình thường.,2017-11-22 11:52:00,2017-11-22,28.29,28.95,27.0,27.92,1670670.0
252,VIC,"VIC, VNM, NBB, HBC, PCG, PTB, VNF, SKG, TEG, TDM, FMC, DTL, RIC, PTL, MDG, LPB, BXH, SPP, PXA, VDL: Thông tin giao dịch lượng lớn cổ phiếu",Thông tin giao dịch lượng lớn cổ phiếu trên HNX/HSX.,2017-11-28 08:28:00,2017-11-28,28.47,28.99,27.92,27.99,1786250.0
251,VIC,"Bộ 3 SAB, VIC, MSN bất ngờ đảo chiều giảm sâu, VnIndex mất mốc 950 điểm trong phiên chiều","Mặc dù giảm điểm nhưng nhìn chung thị trường chung vẫn khá tích cực, điều này được thể hiện qua số mã tăng điểm trên 3 sàn vẫn áp đảo với 354, trong khi số mã giảm chỉ là 283.",2017-11-30 15:05:00,2017-12-01,27.37,27.7,27.11,27.41,966230.0
250,VIC,"VIC, VNM hồi phục mạnh sau chuỗi ngày giảm sâu, VnIndex lấy lại cột mốc 940 điểm trong phiên cuối tuần","Ở nhóm chứng khoán, HCM, CTS, SSI là những cổ phiếu nổi bật nhất khi kết phiên tăng điểm. Trong khi đó, nhóm bất động sản, xây dựng cũng xuất hiện nhiều cái tên đáng chú ý như NVL, IDV, PHC, ROS, VIC, VRC, DIG, FCN, DRH…",2017-12-08 15:11:00,2017-12-09,26.45,26.89,26.08,26.45,1057910.0
1190,TTF,TTF công bố danh sách 12 cá nhân sẽ mua 1.000 tỷ đồng cổ phiếu phát hành thêm trong tháng 12,"TTF dự kiến sẽ bán cổ phần phát hành riêng lẻ cho 12 cá nhân, thu về 1.000 tỷ đồng và thoát nguy cơ bị huỷ niêm yết bắt buộc.",2017-12-13 21:13:00,2017-12-14,8.56,8.56,7.44,7.9,2126580.0
1189,TTF,"SMC, CII, TTF, STB, HNF, TVC, EBS, TPS, NHH: Thông tin giao dịch lượng lớn cổ phiếu",Thông tin giao dịch lượng lớn cổ phiếu trên HNX/HSX.,2017-12-21 09:02:00,2017-12-21,7.6,7.8,7.3,7.3,496690.0
249,VIC,"“Đạp” VIC, MSN, BID... trong phiên ATC, VN-Index giảm hơn 7 điểm, cổ phiếu dầu khí hạ nhiệt",Rất có thể đây là động thái chốt NAV của một quỹ đầu tư.,2017-12-21 15:08:00,2017-12-22,27.08,27.77,26.96,27.77,2254940.0
248,VIC,"VCB, VIC, GAS đồng loạt bứt phá giúp thị trường “thăng hoa” trong phiên chiều, VnIndex kết tuần vượt 950 điểm","Một số cổ phiếu có yếu tố cơ bản tốt đã tăng khá trong thời gian qua như APC, PNJ, NCT, CVT, PC1…đã bị bán mạnh về cuối phiên và đồng loạt giảm sâu.",2017-12-22 15:10:00,2017-12-23,27.88,28.66,27.85,28.66,1399540.0
1188,TTF,"Gỗ Trường Thành (TTF) bán hết 70 triệu cổ phiếu phát hành riêng lẻ, thu về 700 tỷ đồng",Việc phát hành cổ phiếu tuy không đạt được 1.000 tỷ như mong muốn nhưng cũng đủ để cứu nguy cho cổ phiếu TTF khỏi án hủy niêm yết khi lỗ lũy kế vượt vốn điều lệ.,2017-12-25 14:07:00,2017-12-25,7.7,7.7,7.35,7.4,151300.0
247,VIC,"VIC, SAB, PLX đồng loạt bùng nổ giúp VnIndex tăng gần 6 điểm, CMG tăng trần sau chuỗi 6 phiên giảm sàn liên tiếp","Trong phiên chiều nay, nhóm dầu khí mặc dù bị chốt lời mạnh nhưng vẫn có nhiều cổ phiếu tăng điểm tích cực, có thể kể tới PVS, PVD, GAS, PVT, PXS… Tương tự là nhóm hàng không với NCT, ACV, VJC, SCS tăng điểm.",2017-12-25 15:11:00,2017-12-26,28.76,29.02,28.58,28.66,2308080.0
1187,TTF,"Tương lai mới cho bộ 3 kiểm soát đặc biệt TTF, JVC và PNC","Những thay đổi lớn về nội tại, về cơ cấu nợ, cơ cấu cổ đông và ""thay máu"" ban lãnh đạo có thể mở ra vận hội mới cho chặng đường sắp tới của bộ 3 cổ phiếu bị kiểm soát đặc biệt TTF, JVC và PNC.",2017-12-30 10:04:00,2017-12-30,6.9,7.4,6.9,7.19,353100.0
1186,TTF,"TTF, CTF, MSR, DTL, TAG, PCG, FTM, VNF, C47, HDG, NBC, VC2, SDY: Thông tin giao dịch lượng lớn cổ phiếu",Thông tin giao dịch lượng lớn cổ phiếu trên HNX/HSX.,2018-01-04 07:32:00,2018-01-04,7.7,7.7,7.25,7.27,254350.0
246,VIC,"Chốt lời mạnh cổ phiếu dầu khí, VnIndex giữ vững mốc 1.050 điểm trong phiên cuối tuần nhờ VIC, VRE, HDB, MSN","Trong nhóm Bluechips, HDB tiếp tục gây ấn tượng khi tăng kịch trần lên 45.450 đồng. Khối ngoại cũng mua ròng hơn 300 tỷ đồng HDB trong phiên hôm nay và điều này góp phần quan trọng giúp cổ phiếu bứt phá.",2018-01-12 15:08:00,2018-01-13,31.74,32.62,31.63,32.03,3992270.0
762,HAG,"HAG, HNG, KPF, NVT, PLX, NKG, VC9, QBS, BTS, SLR: Thông tin giao dịch lượng lớn cổ phiếu",Thông tin giao dịch lượng lớn cổ phiếu trên HNX/HSX.,2018-01-13 09:19:00,2018-01-13,7.5,7.68,7.5,7.63,6033580.0
761,HAG,"""Đột biến"" tại HAG và HNG, các chỉ số giằng co với giá trị giao dịch trên 9.200 tỷ đồng","Các penny AMD, HAI, VOS, DST, ACM tăng trần. Ngoài ra, VCF cũng tăng trần lên 224.700 đồng. Trong khi đó, HVG giảm sàn phiên thứ 2.",2018-01-16 15:13:00,2018-01-17,8.16,8.55,8.13,8.16,15121430.0
1185,TTF,"AAA, GTN, AMD, VCF, TTF, TVS, SHS, PVI, RCL, TEL, VC3, TTZ, V12, SIC, PND, SVH, THW: Thông tin giao dịch lượng lớn cổ phiếu",Thông tin giao dịch lượng lớn cổ phiếu trên HNX/HSX.,2018-02-07 10:01:00,2018-02-07,7.2,7.4,7.12,7.2,1269060.0
245,VIC,"Quỹ ETF nội VFMVN30 thu hút 78 triệu USD mới trong tháng 1, dồn tiền mua HPG, VIC và VNM","Cho đến cuối tháng 1/2018, chiếm tỷ trọng lớn nhất trong danh mục của quỹ này là HPG của Tập đoàn Hòa Phát với hơn 8,1 triệu cổ phiếu tương đương 10,28%.",2018-02-08 11:24:00,2018-02-08,29.39,29.76,29.02,29.02,1035980.0
760,HAG,HOSE cảnh báo HAG và HNG bị hủy niêm yết bắt buộc nếu không thực hiện tốt việc công bố thông tin,HAG và HNG đã có công văn gửi đến HoSE xin gia hạn công bố thông tin các Báo cáo tài chính riêng và hợp nhất kiểm toán năm 2017 với thời gian đề xuất gia hạn là chậm nhất 100 ngày kể từ ngày kết thúc năm tài chính (theo quy định hiện hành là 90 ngày).,2018-02-08 13:29:00,2018-02-08,6.8,6.95,6.62,6.62,21212700.0
759,HAG,"Khởi nghĩa bất thành tại HAG - cổ phiếu vẫn giảm sàn, VN-Index mất 17 điểm","PVD giảm sàn về 20.500 đồng và PVS giảm 9,4% về 20.200 đồng. GAS cũng giảm tới 5,5% về 104.000 đồng và làm mất đi 2,45 điểm của VN-Index.",2018-02-08 15:02:00,2018-02-09,6.16,6.6,6.16,6.5,12440370.0
758,HAG,"Không thu xếp đủ tiền, trong 1 tháng, 2 lãnh đạo cấp cao của HAG và HNG đều không mua được 1 triệu cổ phiếu như đã đăng ký","Trong khoảng thời gian nói trên, cả cổ phiếu HAG và HNG đều rơi vào quá trình lao dốc rất mạnh.",2018-02-14 19:20:00,2018-02-15,6.55,6.7,6.45,6.52,6366520.0
244,VIC,"""Trơ trọi"" CTG và VIC đỡ chỉ số, VN-Index lao dốc giảm hơn 11 điểm trong phiên chiều","GAS rơi nhanh và giảm 5,4%, đóng cửa ở mức thấp nhất phiên là 106.000 đồng. Đây là cổ phiếu gây ảnh hưởng tiêu cực nhất đến chỉ số và làm mất 2,33 điểm của VN-Index.",2018-02-22 15:25:00,2018-02-23,33.43,33.8,33.43,33.65,1315690.0
243,VIC,"CTCK nhận định thị trường 26/02: Nếu chấp nhận rủi ro cao, giao dịch ngắn hạn tại VCB, CTG, BID, ACB, VPB, VIC, PLX, VNM, BVH",Một nhóm cổ phiếu dẫn dắt với vốn hóa đủ lớn như để kéo dòng tiền nghỉ tết trở lại thị trường mới là yếu tố cần thiết nhất lúc này để thị trường có thể vượt vùng đỉnh cũ và đi được xa hơn lúc này.,2018-02-26 08:34:00,2018-02-26,33.8,35.45,33.8,34.9,2663650.0
242,VIC,"Chốt lời mạnh cuối phiên, VnIndex vẫn tăng gần 12 điểm nhờ lực kéo từ PLX, VIC, VRE, HPG","Nhóm Bluechips VRE, PLX, VJC, VIC, SAB, BHN, BVH, GAS, HPG…tiếp tục tăng mạnh và là động lực thúc đẩy thị trường bứt phá.",2018-02-26 15:14:00,2018-02-27,35.45,35.6,33.98,34.35,2312070.0
241,VIC,"Khối ngoại “náo loạn” phiên ATC, VnIndex vẫn giữ vững sắc xanh với lực kéo từ VIC, PLX cùng nhóm ngân hàng, dầu khí","Trong phiên chiều nay, nhóm cổ phiếu chứng khoán cũng gây chú ý khi HCM, SSI, VND, CTS…đồng loạt tăng điểm. Tương tự, các cổ phiếu dầu khí GAS, PVD, PVS, PVT, PXS…cũng thu hút dòng tiền và tăng khá tốt.",2018-02-28 15:08:00,2018-03-01,34.68,35.19,34.28,34.53,1228940.0
239,VIC,"Bứt phá mạnh mẽ, cổ phiếu VIC vượt ngưỡng giá 100.000 đồng","Vingroup hiện đang nuôi khá nhiều tham vọng trong lĩnh vực xe ô tô, giáo dục đại học.",2018-03-08 13:53:00,2018-03-08,36.0,38.35,35.97,37.91,2497640.0
240,VIC,"Rung lắc dữ dội trong phiên chiều, VNM, MSN, VIC, VPB...giúp VnIndex chỉ còn giảm 8 điểm","Bộ đôi HAG, HNG duy trì đà tăng tích cực, thậm chí HNG dư mua trần gần 4 triệu cổ phiếu. Nhóm cổ phiếu có tính đầu cơ cao như HAI, AMD, TSC, FIT, KLF, FLC…cũng tăng kịch trần.",2018-03-07 15:14:00,2018-03-08,36.0,38.35,35.97,37.91,2497640.0
237,VIC,"Phiên 8/3: Khối ngoại bán ròng gần 70 tỷ, tập trung “gom hàng” VIC, VRE, POW","Khối ngoại bán ròng GMD (38,36 tỷ đồng), VCB (37,55 tỷ đồng), DIG (34,91 tỷ đồng), SSI (32,17 tỷ đồng).",2018-03-08 16:04:00,2018-03-09,37.91,38.94,36.74,38.02,3193390.0
238,VIC,"VIC, VPB lập đỉnh mới, VnIndex tăng gần 12 điểm trong ngày 8/3","Ở nhóm chứng khoán, 2 cái tên “nóng” nhất thời gian qua là VND, SSI đã “tạm nghỉ” khi đồng loạt giảm điểm. Trong khi đó, MBS gây chú ý với phiên khớp lệnh đột biến 9,5 triệu đơn vị. MBS có thời điểm giảm gần sàn nhưng kết phiên đã tăng kịch trần. HCM cũng có phiên hồi phục khá tốt khi tăng 800 đồng lên 75.400 đồng.",2018-03-08 15:13:00,2018-03-09,37.91,38.94,36.74,38.02,3193390.0
236,VIC,"Phiên 9/3: Khối ngoại tiếp tục bán ròng, tập trung “gom hàng” VIC, VRE","VNM đứng đầu danh sách bán ròng của khối ngoại với 98,78 tỷ đồng. Xếp tiếp theo trong top bán ròng lần lượt là NSC (68,4 tỷ đồng), VCB (63 tỷ đồng), SJD (27,47 tỷ đồng), BID (27,21 tỷ đồng).",2018-03-09 15:43:00,2018-03-10,37.84,38.24,36.63,36.74,4156360.0
235,VIC,"Phiên 14/3: Khối ngoại quay đầu bán ròng hơn 270 tỷ đồng, tranh thủ “gom hàng” VIC, VRE","Bộ đôi VIC, VRE tiếp tục được khối ngoại “gom hàng” khá quyết liệt với giá trị mua ròng lần lượt đạt 110,94 tỷ đồng và 36,34 tỷ đồng. Tuy nhiên, cả 2 cổ phiếu này đều đóng cửa giảm điểm.",2018-03-14 16:00:00,2018-03-15,37.8,37.8,36.55,36.55,2784640.0
234,VIC,"Khối ngoại tiếp tục mua ròng trên HoSE, tập trung “gom hàng” VIC, VRE trong phiên 15/3","Bộ đôi VRE, VIC tiếp tục được khối ngoại “gom hàng” khá mạnh với 76,37 tỷ đồng và 56,14 tỷ đồng. Đóng cửa phiên giao dịch, cả 2 cổ phiếu này đều giảm mạnh và điều này khiến thị trường chưa thể bứt phá.",2018-03-15 16:05:00,2018-03-16,36.52,37.1,36.52,36.63,3090070.0
233,VIC,"VnIndex mất mốc lịch sử 1.170 điểm trong những phút cuối phiên, bất chấp nỗ lực bứt phá từ VIC, GAS, BVH, ROS…","Nhóm ngân hàng sau chuỗi ngày bùng nổ đã chững lại và chỉ còn MBB, BID, CTG, STB tăng điểm đáng chú ý. Trong khi đó, ACB, VCB, VPB, LPB, HDB đều giảm khá mạnh.",2018-03-21 15:07:00,2018-03-22,40.04,40.67,39.68,39.68,2262170.0
232,VIC,"Nhóm ngân hàng vẫn bị bán mạnh, VIC xanh và VHC tăng trần, cùng chinh phục đỉnh giá mới","Nhóm ngân hàng vẫn bị chốt lời mạnh. BID giảm tới 4,4%, lùi về 42.350 đồng. Các cổ phiếu khác cũng giảm trên dưới 3%.",2018-03-23 15:21:00,2018-03-24,40.41,43.02,39.86,41.81,4681960.0
231,VIC,"VN-Index tăng hơn 17 điểm nhờ VIC, BID, MSN, ROS",Giao dịch đột biến đáng chú ý có VGT với giao dịch thỏa thuận rất lớn. Khối ngoại mua 50 triệu cổ phiếu VGT.,2018-03-26 15:16:00,2018-03-27,42.98,43.28,41.48,41.51,3149210.0
230,VIC,"Khối ngoại trở lại mua ròng hơn 150 tỷ trong phiên 28/3, tập trung “gom hàng” VHC, VIC","VHC là cổ phiếu được khối ngoại mua ròng nhiều nhất phiên với 67,98 tỷ đồng. Trong phiên hôm nay, VHC giao dịch khá tích cực khi tăng 1.300 đồng (2%) lên 64.800 đồng.",2018-03-28 16:12:00,2018-03-29,42.06,42.43,41.7,42.25,1580300.0
229,VIC,"Cổ phiếu bất động sản hút tiền, VIC, MSN cùng lập đỉnh mới giúp VnIndex tăng hơn 7 điểm","Tuy vậy, các cổ phiếu ngành tài chính, ngân hàng như VPB, BID, CTG, VCB, HDB…hầu hết đều giảm điểm. Phía tăng điểm đáng chú ý có ACB, cũng như các cổ phiếu ngành chứng khoán VND, MBS, HCM…",2018-03-30 15:09:00,2018-03-31,43.61,45.74,43.35,45.19,2458390.0
757,HAG,HAG và KHA bị đưa vào danh sách chứng khoán không được giao dịch ký quỹ,Nâng tổng số mã chứng khoán không được giao dịch ý quỹ trên sàn HoSE lên 72 doanh nghiệp.,2018-04-03 15:34:00,2018-04-04,6.3,6.43,6.27,6.3,5497020.0
228,VIC,"VIC và VNM “cứu” thị trường, VnIndex gặp khó trước kháng cự tâm lý 1.200 điểm","Trong phiên chiều nay, các nhóm cổ phiếu “hot” thời gian qua như chứng khoán, ngân hàng chịu áp lực điều chỉnh khá mạnh và hầu hết đều giảm điểm. Phía tăng điểm đáng chú ý có HDB, LPB, VDS, MBS…",2018-04-04 15:04:00,2018-04-05,48.49,48.86,47.65,48.13,3190050.0
226,VIC,VCSC: Bất động sản và cho thuê mặt bằng bán lẻ của VIC sẽ dẫn dắt tăng trưởng,"VCSC kỳ vọng, VinCity dự kiến sẽ thực hiện trong quý II với 4 dự án với hàng trăm ha sẽ hỗ trợ cho giá trị hợp đồng bán BĐS 2018 của VIC đạt 89.000 tỷ đồng, tăng 22% so với 2017.",2018-04-06 10:24:00,2018-04-06,47.76,48.68,47.65,48.64,1954390.0
227,VIC,"VIC, BVH tiếp tục “phá đỉnh” giúp VnIndex giữ vững sắc xanh, dòng tiền tập trung vào cổ phiếu bất động sản","Nhóm ngân hàng có sự phân hóa khá mạnh, trong khi LPB, MBB, ACB tăng khá tốt thì các cổ phiếu “nóng” như BID, CTG, VPB…laị giảm khá sâu.",2018-04-05 15:17:00,2018-04-06,47.76,48.68,47.65,48.64,1954390.0
756,HAG,"HAG, DRL, MBB, TBD, NED, SDG, GDT, NDF, VNF, HTC, HIG, TDG, SP2, EBS: Thông tin giao dịch lượng lớn cổ phiếu",Thông tin giao dịch lượng lớn cổ phiếu trên HNX/HSX.,2018-04-06 07:56:00,2018-04-06,6.25,6.33,6.19,6.19,7068740.0
225,VIC,"VIC, VRE bứt phá không ngừng nghỉ, VnIndex tăng mạnh nhưng vẫn mất mốc 1.200 điểm vào “phút 90”","Nhóm bất động sản, xây dựng cũng có phiên giao dịch khởi sắc với nhiều mã tăng mạnh như CTD, DIG, DXG, FCN, HBC, LDG, LCG, NDN, QCG, VIC, VNE, NLG…",2018-04-06 15:14:00,2018-04-07,49.6,49.78,48.86,49.56,3209490.0
1184,TTF,"TTF, PDR, AAA, PDN, IME: Thông tin giao dịch lượng lớn cổ phiếu",Thông tin giao dịch lượng lớn cổ phiếu trên HNX/HSX.,2018-04-10 07:17:00,2018-04-10,6.5,6.5,6.1,6.18,133830.0
224,VIC,"VIC giảm gần 4.000 đồng, VN-Index chỉ giảm 0,5% nhờ đội ngũ ngân hàng, BVH và SAB, sàn HOSE khớp lệnh gần 8.000 tỷ đồng",HDB được khối ngoại mua ròng tích cực với khối lượng mua ròng gần 4 triệu đơn vị. Cổ phiếu này tăng gần 4%.,2018-04-10 15:10:00,2018-04-11,48.35,49.04,45.55,46.29,3216110.0
223,VIC,"Tín hiệu mua bán cổ phiếu: Tín hiệu đáng chú ý tại VIC, MSN, VJC, MWG, HDB","Các ngành và cổ phiếu mạnh hơn thị trường: Công nghệ (FPT +1,6%, DGW +5,4%), Ngân hàng (BID +2,5%, HDB +3,9%), Thủy sản (MPC +5,7%, SEA +0,6%).",2018-04-11 09:10:00,2018-04-11,48.35,49.04,45.55,46.29,3216110.0
755,HAG,"HAG, CEO, MPC, PAN, GTN, MTP, NED, VAF, IME, NDN, LM8, MCC: Thông tin giao dịch lượng lớn cổ phiếu",Thông tin giao dịch lượng lớn cổ phiếu trên HNX/HSX.,2018-04-11 19:35:00,2018-04-12,5.43,5.45,5.2,5.28,8267630.0
222,VIC,"VN-Index vượt lên mốc 1.170 ""thần thánh"" nhờ GAS, VIC, MSN, khối ngoại tiếp tục mua hơn 2 triệu cổ phiếu HDB","ROS tiếp diễn bài giảm sàn và hồi nhẹ. Trong phiên, ROS đã giảm xuống 99.700 đồng, tức mất mốc thị giá 100.000 đồng song về cuối phiên hồi nhẹ và đóng cửa ở con số tròn trĩnh 100.000 đồng.",2018-04-12 15:06:00,2018-04-13,47.02,47.98,46.66,46.88,2093210.0
221,VIC,"Phiên 12/4: Khối ngoại bán ròng hơn 60 tỷ trên HoSE, tập trung “xả” VIC, VCB","VIC đứng đầu danh sách bán ròng của khối ngoại với 171,91 tỷ đồng. Tuy vậy, cổ phiếu này vẫn có phiên giao dịch khá tốt khi tăng 1.000 đồng lên 127.000 đồng.",2018-04-12 16:27:00,2018-04-13,47.02,47.98,46.66,46.88,2093210.0
754,HAG,"REE, DLG, SMT, GDT, HAG, DRH, BID, ST8, QNS, SJF, IME, APF, RCC: Thông tin giao dịch lượng lớn cổ phiếu",Thông tin giao dịch lượng lớn cổ phiếu trên HNX/HSX.,2018-04-14 08:31:00,2018-04-14,5.48,5.82,5.38,5.7,6149530.0
220,VIC,"Phiên 17/4: Khối ngoại bán ròng hơn 230 tỷ trên toàn thị trường, tập trung ""xả"" VNM, VIC","VNM là cổ phiếu bị khối ngoại bán ròng khá mạnh với 88,83 tỷ đồng. Trong phiên hôm nay, VNM tiếp tục giảm sâu 5.500 đồng (2,9%) xuống 184.500 đồng.",2018-04-17 16:14:00,2018-04-18,48.13,48.49,47.72,47.72,2306360.0
753,HAG,"VJC, VNM, HAG, APS, VIX, ATA, VIS, NED, NDN, VSA, VE9, S55: Thông tin giao dịch lượng lớn cổ phiếu",Thông tin giao dịch lượng lớn cổ phiếu trên HNX/HSX.,2018-04-25 08:25:00,2018-04-25,5.54,5.69,5.4,5.4,3775820.0
219,VIC,"VIC giao dịch gần 1.100 tỷ đồng, cổ phiếu dầu khí đỡ thị trường","VIC trở thành cổ phiếu có khối lượng lớn nhất trên sàn HOSE hôm nay, giá trị giao dịch đạt gần 1.100 tỷ đồng – chiếm 17% giá trị giao dịch sàn HOSE. Khối ngoại bán tới 4,45 triệu cổ phiếu này.",2018-04-24 15:10:00,2018-04-25,46.58,46.66,45.15,46.66,6434440.0
752,HAG,Cổ phiếu HAG vào diện bị cảnh báo,"Lý do là công ty kiểm toán có ý kiến ngoại trừ trên báo cáo tài chính hợp nhất năm 2017, cổ phiếu thuộc trường hợp bị cảnh báo theo quy định.",2018-04-27 09:03:00,2018-04-27,5.4,5.45,5.09,5.3,4734660.0
1183,TTF,"Phó Chủ tịch Gỗ Trường Thành: ""Chúng tôi hiểu cảm giác của cổ đông nhưng “cơ thể” của TTF sẽ còn phải trải qua những đau đớn nhất định""","""Cơ thể này sẽ còn phải trải qua những đau đớn nhất định. Chúng tôi hiểu cảm giác của cổ đông khi nhìn thấy giá cổ phiếu. Chúng tôi khẳng định TTF chỉ có thể vươn lên mạnh mẽ khi xử lý hết các vấn đề của 2018"" ông Tín nói.",2018-04-29 08:00:00,2018-04-29,5.46,5.46,4.8,4.8,502410.0
751,HAG,"Cổ phiếu HAG liên tục dò đáy, bầu Đức đăng ký mua 20 triệu cổ phiếu",Cổ phiếu HAG đã lập tức tăng trần sáng 4/5 trước thông tin ông Đoàn Nguyên Đức đăng ký mua vào.,2018-05-04 09:57:00,2018-05-04,5.15,5.15,5.06,5.15,10094560.0
218,VIC,"VIC, VRE, SAB bùng nổ, VnIndex bứt phá hơn 22 điểm trong phiên đầu tuần","Các nhóm cổ phiếu có tính thị trường hơn như chứng khoán, ngân hàng, bất động sản, xây dựng cũng tăng khá tốt giúp thị trường trở nên sôi động hơn.",2018-05-14 15:04:00,2018-05-15,49.19,49.52,48.49,48.49,1713520.0
217,VIC,"Tuần 21-25/5: Khối ngoại bán ròng gần 3.400 tỷ đồng, tâm điểm VIC, VHM và VRE","Bộ ba cổ phiếu VIC, VHM và VRE bị khối ngoại bán ròng rất mạnh ở tuần qua.",2018-05-27 10:13:00,2018-05-27,37.77,40.78,37.66,40.78,3154610.0
216,VIC,"135 mã giảm sàn trên toàn thị trường, VnIndex tiếp tục mất hơn 32 điểm bất chấp nỗ lực của VIC","Số mã giảm điểm hôm nay áp đảo hoàn toàn với 473 mã, trong đó có 135 mã giảm sàn. Số mã tăng điểm chỉ vỏn vẹn 92 mã. Hàng loạt Bluechips như CTD, FPT, GAS, HAG, HSG, STB, VJC, VPB, PNJ, MWG, BID…đều giảm hết biên độ khiến thị trường thiếu lực đỡ và giảm sâu.",2018-05-28 15:02:00,2018-05-29,39.05,40.96,38.98,40.41,1698700.0
215,VIC,"Bộ đôi VIC, VHM nâng đỡ thị trường, VnIndex kết phiên chỉ còn giảm gần 4 điểm","Việc thị trường không giảm quá sâu trong phiên hôm nay có sự đóng góp của bộ đôi VIC, VHM khi đồng loạt tăng về cuối phiên, dù bị khối ngoại bán mạnh. Bên cạnh đó, BVH, HPG, ROS cũng như các cổ phiếu ngân hàng VPB, HDB, VCB tăng mạnh cũng là yếu tố hỗ trợ thị trường. Ngoài ra, DXG, SSI, FCN, VCI cũng là những cổ phiếu tăng điểm đáng chú ý.",2018-05-30 15:01:00,2018-05-31,41.07,42.98,40.04,42.62,5567040.0
214,VIC,"Bộ ba VHM, VRE, VIC cùng VJC bứt phá, VnIndex tăng gần 22 điểm trong phiên cuối tuần","VJC tiếp tục là “ngọn cờ đầu” dẫn dắt thị trường bứt phá khi tăng trần lên 159.200 đồng. Bên cạnh đó là bộ ba cổ phiếu VIC, VRE, VHM cũng bứt phá mạnh củng cố vững chắc đà tăng.",2018-06-01 15:03:00,2018-06-02,43.72,44.12,43.53,44.08,901540.0
750,HAG,"Cổ phiếu rơi về mức thấp nhất trong lịch sử, bầu Đức chỉ mua được 1/4 lượng cổ phiếu HAG đã đăng ký",Cổ phiếu HAG đã rơi xuống mức thấp nhất trong lịch sử là 4.420 đồng vào ngày 28/5.,2018-06-07 06:38:00,2018-06-07,4.7,4.86,4.7,4.78,3912270.0
749,HAG,"HAG, KDC,TNA, PIV, VMI, FRM, STC: Thông tin giao dịch lượng lớn cổ phiếu",Thông tin giao dịch lượng lớn cổ phiếu trên HNX/HSX.,2018-06-07 07:54:00,2018-06-07,4.7,4.86,4.7,4.78,3912270.0
748,HAG,"VNM ETF loại HAG, HSG ra khỏi danh mục trong đợt review quý 2/2018","Các cổ phiếu được gia tăng tỷ trọng đáng chú ý có thể kể tới ROS (được mua thêm khoảng 7,5 triệu USD), NVL (mua thêm 5 triệu USD), VRE (mua thêm 4,47 triệu USD), VNM (mua thêm 2,86 triệu USD)…",2018-06-09 06:06:00,2018-06-09,4.6,4.7,4.58,4.61,3287140.0
747,HAG,Chanh dây là khác biệt lớn nhất trong kế hoạch kinh doanh mảng nông nghiệp của HAG và HNG,"HAGL Agrico kế hoạch 2018 với doanh thu thuần 3.743 tỷ đồng, lợi nhuận trước thuế dự đạt khoảng 150 tỷ đồng.",2018-06-15 09:17:00,2018-06-15,4.72,4.8,4.65,4.69,16533880.0
213,VIC,"Bán mạnh cuối phiên, VN-Index giảm hơn 11 điểm bất chấp nỗ lực từ VIC","Thị trường có một phiên dao động trong biên độ mạnh khi có thời điểm về gần tham chiếu nhưng rồi lại quay đầu giảm mạnh. PNJ, LDG, VGC giảm sàn với khối lượng lớn.",2018-06-28 15:20:00,2018-06-29,46.71,47.91,46.71,47.77,2967850.0
212,VIC,"“Cánh én” VIC, VHM không đủ làm nên “mùa xuân”, Vn-Index thủng mốc 900 điểm","Khá nhiều cổ phiếu trong phiên hôm nay giảm sàn, có thể kể tới như GAS, TCM, DXG, NKG, CVT, VGC, PDR, DGW,…Trong đó, DXG giảm sàn có liên quan đến việc UBND TP.HCM đề nghị cơ quan công an làm rõ vụ bán đất công cho tập đoàn Đất Xanh.",2018-07-05 15:03:00,2018-07-06,46.26,47.51,45.24,47.2,1431620.0
211,VIC,"Tuần đầu tháng 7: Khối ngoại sàn HOSE bán ròng trở lại 1.171 tỷ đồng, VHM và VIC là tâm điểm","VIC đã bị khối ngoại bán ròng 15 tuần liên tiếp, với giá trị lên đến 8.470,5 tỷ đồng.",2018-07-08 10:46:00,2018-07-08,47.11,47.68,46.44,46.66,701990.0
746,HAG,"HAG, PET, AAA, HAH, VND, CTS, YEG, TDG, AAM, CMX, QPH: Thông tin giao dịch lượng lớn cổ phiếu",Thông tin giao dịch lượng lớn cổ phiếu trên HNX/HSX.,2018-07-10 07:07:00,2018-07-10,5.04,5.1,4.95,4.97,3630000.0
210,VIC,"VPB, TCB giảm sàn “trắng bên mua”, VIC ngược dòng tăng điểm giúp Vn-Index không giảm quá sâu","Bên cạnh những nhóm ngành giảm sâu, thị trường cũng có nhiều cổ phiếu ngược dòng tăng điểm đáng chú ý như VHC, HNG, FRT, PVT, VGC…",2018-07-11 15:00:00,2018-07-12,46.62,46.62,44.88,45.77,357710.0
209,VIC,"Khối ngoại tiếp tục bán ròng trong phiên cuối tuần, tập trung VIC, IDC","Khối ngoại hôm nay vẫn bán ròng hơn 350 tỷ đồng trên toàn thị trường. Tuy nhiên, nếu loại đi một số giao dịch đột biến tại VIC, IDC thì đây là phiên giao dịch khá tích cực của khối ngoại.",2018-07-20 15:49:00,2018-07-21,46.04,47.33,45.91,46.22,1255810.0
745,HAG,"""Sấp mặt"" với gần 27 triệu cổ phiếu HAG, Chứng khoán VietinBank (CTS) giảm gần 3 lần lãi ròng quý 2/2018, chỉ còn 15 tỷ đồng","Ngoài cổ phiếu HAG, một số mã giảm sốc gây nhiều chú ý cũng có tên trong danh mục của CTS, phải kể đến Tập đoàn Hoa Sen (HSG) ghi nhận giảm 7 tỷ, Đầu tư C.E.O cũng là mã gây giảm giá trị tự doanh CTS với khoản chênh lệch đến 30/6 là 3,5 tỷ đồng...",2018-07-24 12:21:00,2018-07-24,6.75,7.08,6.7,7.08,20360820.0
208,VIC,Hơn nửa tỷ cổ phiếu VIC của Vingroup được niêm yết bổ sung,"Với quyết định này, tổng số lượng chứng khoán sau khi niêm yết của Vingroup là 3.19 tỷ cổ phiếu tương đương giá trị tính theo mệnh giá là 31.916 tỷ đồng.",2018-07-26 15:47:00,2018-07-27,47.55,47.82,46.97,47.28,1187590.0
744,HAG,"Bộ đôi HAG, HNG tiếp tục tăng trần, Vn-Index bứt phá hơn 5 điểm trong phiên cuối tuần","Bộ đôi HAG, HNG sau phiên giảm mạnh hôm qua đã lấy lại đà bứt phá khi cả 2 cùng tăng mạnh, trong đó HAG tăng trần, HNG chỉ còn kém giá trần 1 bước giá.",2018-07-27 14:59:00,2018-07-27,6.6,7.09,6.6,7.09,13895070.0
1182,TTF,"Gỗ Trường Thành (TTF): ""Bệnh cũ"" tái phát, nửa đầu năm 2018 lỗ thêm 568 tỷ",Các khoản dự phòng phải thu tăng đột biến cùng việc bán lỗ vốn khiến Gỗ Trường Thành tiếp tục lỗ lớn.,2018-08-01 08:26:00,2018-08-01,3.0,3.1,2.97,3.0,1544650.0
743,HAG,"HAG, HNG giảm sâu sau chuỗi ngày tăng “nóng”, Vn-Index điều chỉnh nhẹ bởi áp lực chốt lời cuối phiên","Bộ đôi HAG, HNG sau chuỗi ngày tăng ""phi mã"" đã chịu áp lực bán mạnh và đồng loạt giảm điểm. HAG thậm chí đóng cửa gần về giá sàn. Cổ phiếu ""nóng"" FLC cũng chung cảnh ngộ khi giảm gần 200 đồng trong phiên hôm nay. Dù vậy, một vài penny như ITA, HQC vẫn tăng kịch trần.",2018-08-01 15:00:00,2018-08-02,7.1,7.3,6.64,6.9,15524250.0
1181,TTF,Gỗ Trường Thành (TTF) lên tiếng về khoản lỗ 565 tỷ đồng trong quý 2/2018,"Lãnh đạo Gỗ Trường Thành cũng từng tiết lộ việc xử lý hàng tồn kho có thể khiến Công ty lỗ lớn nhưng là việc phải làm, bởi lượng tồn kho này đã tồn tại hơn 10 năm và không còn đủ chất lượng cho sản xuất. Như vậy, nếu xử lý hàng tồn kho trong nửa cuối năm 2018 thì khả năng cao TTF còn lỗ hơn nữa.",2018-08-02 20:23:00,2018-08-03,2.94,3.0,2.83,2.92,676710.0
207,VIC,"Phiên 6/8: Khối ngoại tiếp tục bán ròng gần 400 tỷ đồng trên HoSE, tập trung ""xả"" VIC, VNM, GTN","Giao dịch khối ngoại là điểm đáng chú ý khi họ bán ròng 388 tỷ đồng trên HoSE, nhưng lại mua ròng gần 50 tỷ đồng trên HNX và Upcom.",2018-08-06 15:25:00,2018-08-07,49.33,49.55,48.84,49.02,1103740.0
1180,TTF,"Cổ phiếu nằm sàn với giao dịch đột biến, Gỗ Trường Thành (TTF) tiếp tục nhấn mạnh sẽ phát triển hợp đồng cùng Vingroup","Một thông tin đáng chú ý theo giải trình lần này, Gỗ Trường Thành cho biết theo kế hoạch kinh doanh trong năm 2018, Công ty sẽ tiếp tục phát triển nhóm khách hàng công trình, đặc biệt là các hợp đồng đã ký kết với Vingroup.",2018-08-12 08:53:00,2018-08-12,2.65,2.68,2.64,2.68,768990.0
742,HAG,"HAG hợp tác với Thaco, loạt ngân hàng vui lây","Khi Thaco hợp tác chiến lược với HAG, không chỉ đầu tư thêm mà còn tái cơ cấu nợ, điều này đem lại niềm vui cho cả cổ đông HAG, HNG lẫn các chủ nợ của hai đơn vị.",2018-08-13 12:48:00,2018-08-13,7.49,7.58,7.35,7.4,5029940.0
206,VIC,"ROS tăng 8% trong 3 phiên, Vn-Index giữ vững sắc xanh nhờ lực kéo từ VIC, MSN",Sự đảo chiều ở những cổ phiếu vốn hóa lớn đã giúp cho Vn-Index có thêm một phiên tăng điểm. Điểm tích cực khác là khối ngoại mua ròng khoảng 26 tỷ đồng trong phiên hôm nay.,2018-08-14 15:12:00,2018-08-15,45.91,46.35,45.28,45.28,644810.0
1179,TTF,"Tăng 22% lỗ ròng nửa đầu năm lên hơn 685 tỷ sau soát xét, Gỗ Trường Thành (TTF) nói gì?",Gỗ Trường Thành đã tăng trích lập dự phòng giám giá hàng tồn kho dẫn đến lỗ tăng.,2018-08-31 08:29:00,2018-08-31,3.3,3.55,3.25,3.54,1960640.0
205,VIC,"Áp lực bán tăng mạnh cuối phiên, Vn-Index vẫn giữ được mốc 970 điểm nhờ nỗ lực của VIC, BVH, PLX","Sắc xanh thị trường hôm nay được giữ vững có công lớn từ các Bluechips như BVH, GAS, VIC, VNM, SAB, PLX, VRE. Trong đó, VIC tăng 2.100 đồng lên 99.300 đồng và là cổ phiếu tác động tích cực nhất tới thị trường.",2018-09-10 14:55:00,2018-09-10,43.55,44.4,43.15,44.13,896450.0
741,HAG,"BVH, TCM, HAG tăng kịch trần, Vn-Index tăng gần 15 điểm",Đà tăng của thị trường có sự đồng thuận của nhiều nhóm ngành và dòng tiền của khối ngoại cũng đóng vai trò hỗ trợ tâm lý khá tốt khi khối này mua ròng hơn 400 tỷ đồng trong ngày hôm nay.,2018-09-11 15:10:00,2018-09-12,6.45,6.49,6.1,6.18,6996030.0
1178,TTF,"TTF nhận sáp nhập một công ty thành viên của ‘bầu Thắng’, tỷ lệ 8,21:1","Tỷ lệ sáp nhập được xác định là 8,21 cổ phiếu TTF đổi lấy 1 cổ phiếu Sứ Thiên Thanh.",2018-10-25 16:34:00,2018-10-26,4.75,4.75,4.75,4.75,1282930.0
740,HAG,"Chuyển động nợ tại HAG-HNG: Tăng ngắn giảm dài, đang mượn tạm Chủ tịch Thaco và bầu Đức 1.000 tỷ đồng","Đối với các khoản phải trả ngắn hạn khác, dư nợ cá nhân tính đến cuối kỳ cũng tăng mạnh so với thời điểm đầu năm, trong đó HAG vừa được ông Trần Bá Dương – Chủ tịch Thaco - cho mượn 500 tỷ đồng với tư cách cá nhân, bầu Đức cũng cho mượn tạm 427 tỷ đồng.",2018-11-03 08:25:00,2018-11-03,5.2,5.28,5.14,5.2,2491640.0
739,HAG,"HVG, TTF, HAG: Gánh nặng nợ giảm, đường hồi sinh ra sao?","Những doanh nghiệp một thời sa lầy vào nợ vay như TTF, HVG, HAG đều đã tìm ra cửa thoát, tuy nhiên để hồi sinh được vẫn cần nỗ lực.",2018-11-08 10:41:00,2018-11-08,5.28,5.46,5.28,5.46,5303150.0
1177,TTF,"TTF sắp phát hành 97 triệu cp để sáp nhập Sứ Thiên Thanh, chấp nhận EPS bị pha loãng mặc dù ""rất đau""","Theo người đứng đầu TTF, thương vụ hợp tác đầu tiên trên lâu dài có thể dẫn đến hợp tác khác giữa công ty con của Tập đoàn Đông Tâm với Gỗ Trường Thành để có thể có thêm các sản phẩm cung ứng cho các công trình mà Công ty đang làm.",2018-11-17 08:27:00,2018-11-17,3.55,3.72,3.55,3.61,589800.0
204,VIC,"Tuần 12-16/11: Khối ngoại đẩy mạnh bán ròng 876 tỷ đồng, tập trung mạnh tại VIC",VIC vẫn là tâm điểm khi bị khối ngoại bán ròng 653 tỷ đồng và có một lượng lớn được khối này thực hiện giao dịch thông qua phương thức thỏa thuận.,2018-11-18 08:17:00,2018-11-18,40.04,42.84,40.04,42.84,1553130.0
203,VIC,"FLC bất ngờ tăng mạnh sau phiên khớp lệnh ""khủng"", Vn-Index vẫn tăng gần 18 điểm nhờ trụ VIC, VPB","Trên TTCK Phái sinh, cả 4 HĐTL đều thấp hơn Vn30 Index từ 6 đến gần 9 điểm cho thấy tâm lý thận trọng của giới đầu tư, bất chấp thị trường tăng mạnh.",2018-11-19 14:57:00,2018-11-19,40.04,42.84,40.04,42.84,1553130.0
202,VIC,"Cổ phiếu VIC lần đầu tăng trần sau 9 tháng, vốn hóa VinGroup vượt ngưỡng 300.000 tỷ đồng, tương đương Vinamilk và BIDV cộng lại","Tại mức giá 96.400 đồng, vốn hóa thị trường VinGroup đạt 307.672 tỷ đồng, tương ứng 13,3 tỷ USD và là doanh nghiệp có vốn hóa lớn nhất thị trường chứng khoán Việt Nam. Mức vốn hóa của VinGroup hiện tương đương vốn hóa Vinamilk và BIDV cộng lại.",2018-11-19 16:06:00,2018-11-20,42.08,43.2,42.08,43.2,1470120.0
201,VIC,"“Cánh én” VIC, BVH không đủ giúp thị trường, Vn-Index mất hơn 6 điểm trong phiên cuối tuần","Tuy vậy, vẫn có những nhóm ngành ngược dòng tăng điểm, tiêu biểu là nhóm thủy sản với hàng loạt mã tăng mạnh như VHC, CMX, ACL, ABT,…VCG cùng với VTP cũng giữ vững phong độ và duy trì đà tăng trần trong suốt phiên giao dịch.",2018-11-23 14:58:00,2018-11-23,43.91,44.0,43.11,44.0,1055870.0
200,VIC,"Tháng 11: Khối ngoại tiếp tục mua ròng 1.338 tỷ đồng, vẫn bán mạnh VIC",Khối ngoại trên HoSE vẫn duy trì được trạng thái mua ròng nhờ giao dịch thỏa thuận của MSN.,2018-12-03 20:41:00,2018-12-04,45.51,45.51,45.15,45.33,966490.0
199,VIC,"Liên minh taxi truyền thống lớn nhất Việt Nam ra đời, tụ hội toàn ""anh tài"" VIC, Open99, Thanh Nga..., sở hữu 4.000 xe tại Hà Nội, sẵn sàng thách thức Grab","Nếu như liên minh G7 chỉ gồm Thành Công, Ba Sao, Sao Hà Nội thì liên minh taxi truyền thống mới tụ hội tới 17 công ty trên cả nước taxi Việt như Thanh Nga, Vạn Xuân, Thăng Long... VIC, Open99 (thương hiệu mới của Mai Linh Đông Đô) sẽ gia nhập vào tháng 12, đưa số lượng xe tại Hà Nội lên con số 4.000 xe. Đại diện liên minh cam kết khách hàng sẽ được kết nối với lái xe từ 1 - 2 phút, và không tăng giá giờ cao điểm.",2018-12-10 14:38:00,2018-12-10,45.33,45.42,44.93,45.37,806730.0
1176,TTF,"TTF: Lỗ tiếp 737 tỷ trong năm 2018, nâng lỗ luỹ kế lên 2.060 tỷ trước thềm ""bắt tay"" bầu Thắng","Kết quả thua lỗ trong quý cuối năm cùng dự báo lỗ luỹ kế vượt mức vốn chủ đã được ban lãnh đạo TTF dự phòng trước đó, và cũng là cơ duyên sáp nhập Sứ Thiên Thanh nhằm tránh nguy cơ bị hủy niêm yết trên HoSE.",2019-01-30 09:12:00,2019-01-30,3.09,3.1,2.92,2.95,888700.0
198,VIC,"ROS tăng phiên thứ 4 liên tiếp, Vn-Index vẫn giữ được đà tăng hơn 11 điểm nhờ sự bứt phá của VIC","Vn-Index vẫn tăng 11,44 điểm (1,24%) lên 937,54 điểm nhờ sự hỗ trợ của nhiều Bluechips như GAS, HPG, MSN, VRE, VIC,…Trong đó, VIC tăng 5.100 đồng lên 109.100 đồng, mức cao nhất phiên và đóng góp tới gần 5 điểm cho Vn-Index.",2019-02-12 10:00:00,2019-02-12,46.62,48.48,46.22,48.48,769110.0
738,HAG,[Thi viết TÔI MẤT TIỀN] Bài học bình quân giá xuống cổ phiếu HAG của tôi,"Sau 1 tuần mua được 100.000 thì giá cổ phiếu HAG bắt đầu giảm dần và tôi liên tục bình quân giá mua xuống thấp hơn, dân trong nghề gọi là chiến lược ""Cưa chân bàn"".",2019-02-15 08:55:00,2019-02-15,5.2,5.29,5.16,5.17,3977720.0
197,VIC,"Bùng nổ trong phiên chiều, Vn-Index vượt mốc 960 điểm với “đầu tàu” GAS, VIC","Trong phiên chiều nay, sự bứt phá mạnh của các Bluechips như DHG, FPT, GAS, HPG, MSN, VIC, VNM, PLX, VRE, PNJ, POW, VHM…đã góp phần quan trọng giúp thị trường bứt phá.",2019-02-18 11:39:00,2019-02-18,49.99,50.53,49.64,50.53,829150.0
737,HAG,"[TÔI MẤT TIỀN] Tin vào các ""sếp"" tài ba, tôi đã mua cổ phiếu ACB, HAG, HSG, TMS...và mất tiền","Sau thua lỗ, nhà đầu tư Q.Anh đã rút khỏi thị trường. Đến năm 2016, Quỳnh Anh quay lại vì nhiều người giỏi chứng minh cơ hội kiếm tiền bằng những deal thắng. Kết cục, Q.Anh vẫn lỗ.",2019-02-27 16:37:00,2019-02-28,5.7,5.74,5.5,5.52,6876750.0
736,HAG,"Hoàng Anh Gia Lai (HAG) bị truy thu, phạt và khắc phục hậu quả hơn 11 tỷ đồng tiền thuế","Trong đó truy thu, phạt hơn 9 tỷ đồng và khắc phục hậu quả bằng cách giảm khấu trừ thuế GTGT chuyển kỳ sau số tiền hơn 1 tỷ đồng.",2019-03-18 15:46:00,2019-03-19,5.55,5.64,5.54,5.55,5454450.0
1175,TTF,[TÔI MẤT TIỀN] Tôi đã trải qua 25 ngày nhìn TTF sàn,"Những ngày cổ phiếu TTF sàn là những ngày tôi sống trong khủng hoảng. Tôi đọc hết bất kỳ thông tin gì liên quan đến TTF để mong tìm ra manh mối giúp tôi thoát khỏi cửa tử TTF nhưng vô nghĩa. Càng đọc, tôi càng mơ hồ.",2019-03-20 17:22:00,2019-03-21,4.0,4.04,3.75,3.75,2962620.0
735,HAG,"Cặp đôi HAG-HNG kịch trần mặc cho thị trường giảm mạnh, cổ đông tăng niềm tin với bầu Đức?","Diễn biến này có được sau thông tin ông Trần Bá Dương - Chủ tịch HĐQT Ô tô Trường Hải (Thaco, THA) và bầu Đức - Chủ tịch HĐQT HAGL tiếp tục ký kết thêm phần phụ lục hợp đồng hợp tác trong lĩnh vực nông nghiệp, tiếp nối và chi tiết hoá hợp đồng thoả thuận đợt tháng 8/2018.",2019-03-25 22:18:00,2019-03-26,6.0,6.0,5.8,5.87,14566060.0
196,VIC,"VIC, VHM, VCB ""giải cứu"" thị trường, VnIndex tăng bất chấp áp lực bán lan toả toàn thị trường",Cổ phiếu GTN vẫn tăng mạnh bất chấp HĐQT công ty không đồng ý cho Vinamilk chào mua công khai.,2019-03-28 11:33:00,2019-03-28,50.62,51.5,50.62,51.5,561880.0
195,VIC,"Tuần đầu tháng 4: Tự doanh CTCK đi ngược khối ngoại, tập trung bán MSN và VIC","CCQ ETF nội E1VFVN30 được tự doanh CTCK mua ròng trở lại khoảng hơn 2 tỷ đồng, trong khi đó, CCQ này bị khối ngoại bán ròng hơn 2,5 tỷ đồng.",2019-04-07 11:59:00,2019-04-07,51.19,51.46,51.02,51.33,435190.0
194,VIC,"Chốt lời mạnh nhóm dầu khí, Vn-Index tăng hơn 4 điểm với lực kéo từ bộ đôi VIC, VHM","Nhóm dầu khí GAS, PVS, PVD, PVB, PVC, PXS…sau những phiên tăng “nóng” gần đây đã quay đầu giảm điểm và hầu hết đóng cửa tại mức thấp nhất phiên.",2019-04-11 10:00:00,2019-04-11,49.68,51.1,49.68,51.1,350810.0
193,VIC,"VIC hồi phục sát mốc tham chiếu, VN-Index chỉ còn giảm gần 6 điểm","Các cổ phiếu bất động sản, xây dựng, chứng khoán, ngân hàng, dầu khí, dệt may…nhìn chung vẫn giảm điểm, nhưng mức giảm cũng được thu hẹp đáng kể.",2019-04-16 09:37:00,2019-04-16,48.66,50.26,48.0,50.26,1231190.0
734,HAG,"Hoàng Anh Gia Lai (HAG): Doanh thu quý 1 đạt 410 tỷ đồng, hoàn thành 8% kế hoạch năm",Mặc dù lợi nhuận giảm mạnh so với cùng kỳ nhưng trước đó Hoàng Anh Gia Lai (HAG) còn e ngại quý 1 có thể lỗ.,2019-05-01 08:15:00,2019-05-01,5.48,5.49,5.34,5.37,2174890.0
192,VIC,"Phiên 21/5: Khối ngoại mua ròng 5.800 tỷ đồng, SK Group mua thỏa thuận 51,4 triệu cổ phiếu VIC","Khối ngoại có phiên mua ròng đột biến với giá trị 5.800 tỷ đồng. Tuy vậy, nếu trừ đi giao dịch thỏa thuận VIC (bên mua nhiều khả năng là SK Group) thì thực chất khối ngoại vẫn bán ròng hơn 200 tỷ trong phiên hôm nay.",2019-05-21 15:13:00,2019-05-22,52.22,52.48,51.55,52.22,382330.0
1174,TTF,"Gỗ Trường Thành (TTF) hoàn tất phát hành 95,6 triệu cổ phần hoán đổi","Sau phát hành, Gỗ Trường Thành (TTF) sẽ tăng vốn lên 3.146 tỷ đồng và lượng cổ phiếu mới phát hành chiếm 46,6% tổng số cổ phiếu đang lưu hành.",2019-05-28 13:48:00,2019-05-28,3.5,3.55,3.42,3.48,770090.0
733,HAG,"VNM, PNJ, QNS, DIG, HAG, DPG, HUT, VSA, MPT, SIC, TDP, SPV, NPS, KTT: Thông tin giao dịch lượng lớn cổ phiếu",Thông tin giao dịch lượng lớn cổ phiếu trên HNX/HSX.,2019-06-05 08:44:00,2019-06-05,4.95,4.98,4.9,4.94,1262100.0
1173,TTF,Gỗ Trường Thành (TTF) bầu ông Mai Hữu Tín vào vị trí chủ tịch HĐQT,"Trước thềm đại hội đồng cổ đông, Gỗ Trường Thành đã thay đổi hàng loạt vị trí chủ chốt.",2019-06-11 20:32:00,2019-06-12,3.11,3.31,3.11,3.31,1575850.0
1172,TTF,Gỗ Trường Thành (TTF) dưới thời Chủ tịch Mai Hữu Tín sẽ như thế nào?,"Đến hiện tại, Gỗ Trường Thành (TTF) vẫn chưa công bố chính xác chỉ tiêu kinh doanh, tuy nhiên theo chia sẻ trước đó dự kiến con số doanh thu năm 2019 sẽ dao động khoảng 1.700-1.900 tỷ đồng và có lãi.",2019-06-16 09:06:00,2019-06-16,3.26,3.28,3.13,3.2,669750.0
191,VIC,"BMI tăng đột biến, nhóm cổ phiếu VIC giữ nhịp thị trường","Một số cổ phiếu đột biến sáng nay nằm trong danh sách thoái vốn của SCIC như BMI của Tổng công ty Bảo Minh (tăng 3,5% lên 25.500 đồng/cp), VNM (tăng 0,8%).",2019-06-25 13:16:00,2019-06-25,51.77,52.08,51.68,51.73,510700.0
1171,TTF,"Chủ tịch TTF kỳ vọng giá trị công ty sẽ lên đến 1 tỷ USD dù đang lỗ lũy kế vài nghìn tỷ đồng, thị giá bằng cốc trà đá","Liên quan đến cơ hội việc làm thời gian tới, bên cạnh các đối tác lớn đang có như VinGroup, Tân Hoàng Minh, SunGroup… TTF tiết lộ đang đàm phán BOHO DÉCOR - công ty con của Unicons - thông qua đây TTF sẽ cung cấp nội thất cho toàn bộ công trình của nhóm Coteccons.",2019-06-27 08:53:00,2019-06-27,3.2,3.38,3.2,3.38,3972950.0
732,HAG,"HAG, TDG, SRC, SGN, MHL, CRC, SVN, VCR, KTT, DNP: Thông tin giao dịch lượng lớn cổ phiếu",Thông tin giao dịch lượng lớn cổ phiếu trên HNX/HSX.,2019-07-05 09:04:00,2019-07-05,5.5,5.5,5.43,5.43,2082490.0
190,VIC,"VIC lập đỉnh mới, VN-Index vẫn thất bại trước mốc 990 điểm","Nhóm dầu khí trong phiên hôm nay giao dịch khá tích cực với PVS, PVD, PVT, PXS tăng điểm, dù đà tăng không quá mạnh.",2019-07-24 10:16:00,2019-07-24,53.55,54.3,53.42,54.22,661870.0
731,HAG,"Hoàng Anh Gia Lai (HAG) báo lỗ ròng 539 tỷ trong quý 2, đang mượn tạm bầu Đức hơn 2.500 tỷ đồng","Trên thị trường, sau đợt tăng mạnh gần đây, cổ phiếu HAG đã điều chỉnh mạnh về mức 5.230 đồng/cp.",2019-07-30 21:58:00,2019-07-31,5.06,5.17,5.06,5.08,3574410.0
730,HAG,Cổ phiếu HAG thủng đáy 1 năm sau thông tin kết quả kinh doanh,"Diễn biến giảm giá cổ phiếu HAG xảy ra trong bối cảnh Hoàng Anh Gia Lai công bố BCTC hợp nhất quý 2/2019 với doanh thu 513 tỷ đồng, chỉ bằng khoảng phần tư so với mức 1.888 tỷ cùng kỳ.",2019-08-02 11:27:00,2019-08-02,4.9,4.91,4.8,4.82,4556640.0
1170,TTF,"VNM, HPG, NLG, TDG, PHC, GEX, TTF, SDG, QNS, NPS: Thông tin giao dịch lượng lớn cổ phiếu",Thông tin giao dịch lượng lớn cổ phiếu trên HNX/HSX.,2019-08-06 09:51:00,2019-08-06,2.99,3.0,2.9,2.9,1081950.0
189,VIC,"VIC hồi phục cuối phiên, VN-Index chỉ còn giảm gần 9 điểm","Các cổ phiếu như BCM, SIP, SZC, BAX, GVR, VRG, D2D…tiếp tục tăng mạnh, thậm chí nhiều cổ phiếu trong đó tăng kịch trần. Ngay cả bộ đôi ITA, KBC cũng đồng loạt tăng trần trong phiên hôm nay.",2019-08-06 10:10:00,2019-08-06,51.55,53.24,51.33,53.24,441590.0
188,VIC,"VIC thỏa thuận gần 1.000 tỷ đồng, VN-Index giữ vững mốc 980 điểm trong phiên chiều","Giao dịch khối ngoại là điểm sáng khi họ bất ngờ mua ròng hơn 900 tỷ trên toàn thị trường, riêng VIC được mua thỏa thuận 8 triệu cổ phiếu, tương ứng giá trị 936 tỷ đồng.",2019-08-19 10:04:00,2019-08-19,54.44,54.44,53.99,54.17,211950.0
187,VIC,"Phiên 19/8: Khối ngoại trở lại mua ròng hơn 900 tỷ trên toàn thị trường, tập trung “gom” VIC","Giao dịch khối ngoại là điểm sáng khi họ đã trở lại mua ròng xấp xỉ 920 tỷ đồng trong phiên hôm nay. Lực mua tập trung vào VIC với hơn 8 triệu cổ phiếu, tương ứng 977 tỷ đồng và giao dịch chủ yếu diễn ra qua phương thức thỏa thuận.",2019-08-19 15:13:00,2019-08-20,54.17,54.44,53.77,53.77,206540.0
186,VIC,"Nhóm thủy sản “dậy sóng”, VN-Index tăng gần 3 điểm với lực kéo từ bộ đôi VIC, VHM","Các cổ phiếu bất động sản cũng có phiên giao dịch khá tốt với nhiều mã tăng điểm như DPG, VPI, PC1, HDC, DIG, HDG, KDH…",2019-08-22 10:06:00,2019-08-22,54.66,56.22,54.53,56.04,671970.0
185,VIC,Tuần 19-23/8: Khối ngoại mua ròng 548 tỷ đồng nhờ thỏa thuận mạnh VIC và CMG,"Khối ngoại sàn HoSE bán ròng 525 tỷ đồng thông qua phương thức khớp lệnh. VIC và CMG là hai cổ phiếu được khối ngoại mua ròng mạnh nhất với giá trị lần lượt đạt 998 tỷ đồng và 203,5 tỷ đồng. Khối ngoại sàn HNX có tuần bán ròng thứ 6 liên tiếp với tổng giá trị đạt 414 tỷ đồng.  Khối ngoại sàn UPCoM mua ròng 12 tuần liên tiếp với tổng giá trị đạt 523 tỷ đồng.",2019-08-24 19:40:00,2019-08-25,55.55,55.55,54.84,55.46,355930.0
184,VIC,"Tháng 8: Khối ngoại bán ròng 1.734 tỷ đồng, gom VIC nhưng 'xả' mạnh VJC",Khối ngoại sàn HNX có tháng bán ròng thứ 4 liên tiếp với giá trị tăng 30% so với tháng 7 và đạt 221 tỷ đồng. Khối ngoại sàn UPCoM đã có 6 tháng mua ròng liên tiếp với tổng giá trị đạt 1.361 tỷ đồng.  VIC được mua ròng đến 1.056 tỷ đồng nhưng đa phần giao dịch thực hiện thông qua phương thức thỏa thuận.,2019-09-02 17:52:00,2019-09-03,54.88,55.28,54.3,54.66,174400.0
183,VIC,"VIC, VJC tăng mạnh trong phiên chiều, VN-Index bứt phá vượt ngưỡng 990 điểm","Nổi bật trong số các Bluechips phải kể tới VJC, GAS, VIC, VCB, VNM, PNJ và đây là những cổ phiếu có tác động tích cực nhất tới thị trường.",2019-10-11 10:13:00,2019-10-11,52.22,52.44,51.86,52.44,328950.0
182,VIC,"Phiên 14/10: Khối ngoại trở lại mua ròng, tập trung “gom” NVL, VIC, VCB","Sau 14 phiên bán ròng liên tiếp, khối ngoại đã trở lại mua ròng 32 tỷ trên toàn thị trường. Trong đó, lực mua tập trung vào NVL (27 tỷ đồng), VIC (17,7 tỷ đồng), VCB (14,9 tỷ đồng), VNM (13,8 tỷ đồng)…",2019-10-14 15:35:00,2019-10-15,52.44,53.02,52.44,52.62,222070.0
181,VIC,"Phiên 16/10: Khối ngoại tiếp tục bán ròng, tập trung bộ đôi VIC, VHM","Giao dịch khối ngoại cũng không thực sự tích cực khi họ tiếp tục bán ròng hơn 60 tỷ trên toàn thị trường. Trong đó, lực bán tập trung vào các Bluechips như VIC (81,6 tỷ đồng), VHM (26,6 tỷ đồng), POW (18,7 tỷ đồng)…",2019-10-16 15:30:00,2019-10-17,52.39,52.66,51.95,51.99,479110.0
180,VIC,"Diêm Thống Nhất 58 năm chỉ bán diêm, Siam Brothers ""đút túi"" 130 tỷ chỉ nhờ bán dây thừng và trăn trở của Sáng lập quỹ VIC Partners Hùng Đinh với các CEO startup trẻ: Hãy làm một việc nhỏ, thật lớn!","Cuộc tranh luận kéo dài 3 giờ đồng hồ giữa Sáng lập quỹ VIC Partners kiêm CEO DesignBold Hùng Đinh và vị CEO trẻ xoay quanh việc ông Hùng cố gắng thuyết phục vị CEO tập trung vào đúng một sản phẩm và phải biết từ chối thẳng thừng khi khách hàng yêu cầu làm thêm sản phẩm khác. Quan điểm của CEO thì ngược lại: Sau khi cung cấp 1 sản phẩm, thì cố gắng bán thêm một vài sản phẩm khác để giữ chân khách hàng…",2019-10-26 10:08:00,2019-10-26,51.99,52.48,51.86,52.3,268360.0
1169,TTF,"Gỗ Trường Thành (TTF): Lỗ thêm 170 tỷ trong quý 3, nâng tổng lỗ 9 tháng lên gần 500 tỷ đồng","Thực tế doanh thu ghi nhận tại TTF vẫn chưa hỗ trợ cho kỳ vọng của ban lãnh đạo nói chung và ""người cứu cánh"" kiêm tân Chủ tịch - ông Mai Hữu Tín nói riêng. Trên thị trường, cổ phiếu TTF dù có ""nỗ lực"" phục hồi song vẫn còn ở mức khá thấp 2.970 đồng/cp, thanh khoản không mấy cải thiện.",2019-10-30 22:34:00,2019-10-31,2.93,2.94,2.81,2.83,1269440.0
179,VIC,"Bộ 3 VIC, VHM, VRE đóng góp gần 11 điểm vào đà tăng VN-Index, vốn hóa “nhóm VinGroup” tăng thêm gần 37 nghìn tỷ đồng trong phiên đầu tháng 11","Vốn hóa cổ phiếu trên Sở GDCK TP.HCM (HoSE) kết phiên giao dịch đầu tháng 11 lên tới gần 3,44 triệu tỷ đồng, tăng 56.786 tỷ đồng (2,45 tỷ USD) so với phiên giao dịch trước, trong đó, vốn hóa ""nhóm VinGroup"" tăng thêm tổng cộng 36.786 tỷ đồng.",2019-11-01 15:50:00,2019-11-02,54.44,54.44,53.64,54.08,309680.0
178,VIC,"Dự báo danh mục ETFs cuối năm 2019: VIC được nâng tỷ trọng, GEX có thể bị loại khỏi danh mục","FTSE Vietnam Index sẽ thực hiện công bố danh mục vào chiều ngày 6/12 (thứ 6), MVIS Vietnam Index công bố danh mục sau đó vào rạng sáng ngày 14/12 (thứ 7). Sau đó 2 quỹ VNM ETF, FTSE Vietnam ETF sẽ hoàn tất cơ cấu danh mục vào ngày 20/12 (thứ 6).",2019-11-18 08:51:00,2019-11-18,53.24,53.24,52.39,52.48,267820.0
177,VIC,"VIC, VHM hồi phục mạnh trong phiên ATC, VN-Index thu hẹp đà giảm xuống còn gần 6 điểm","Việc bộ đôi VIC, VHM hồi phục, cùng với sắc xanh của MWG, PNJ, FPT, HPG, VNM, VCB, BVH đã giúp VN-Index thu hẹp đáng kể đà giảm điểm.",2019-12-10 10:10:00,2019-12-10,51.33,51.5,50.48,51.5,575810.0
176,VIC,SDI hủy đăng ký giao dịch trên sàn UPCom vào ngày 27/12/2019 để hoán đổi cổ phiếu VIC,"Sau khi hoán đổi cổ phiếu, Tập đoàn Vingroup sẽ trở thành chủ sở hữu duy nhất sở hữu 100% vốn điều lệ của SDI.",2019-12-11 17:24:00,2019-12-12,51.55,51.55,51.19,51.55,334050.0
175,VIC,"VIC, VNM, BVH, SCR, SMC, TTE, NTP, TTB, SKG, CTC, NLS, PHN, KTT, TMW: Thông tin giao dịch lượng lớn cổ phiếu",Thông tin giao dịch lượng lớn cổ phiếu trên HNX/HSX.,2019-12-21 09:28:00,2019-12-21,51.46,51.46,50.79,51.42,591380.0
174,VIC,"Khối ngoại bán ròng hơn 86 tỷ đồng trong tuần hai quỹ ETF giao dịch, tập trung 'xả' VIC",MBB và VNM là hai cổ phiếu được khối ngoại mua ròng mạnh nhất. CCQ ETF nội E1VFVN30 cũng được mua ròng lên đến hơn 102 tỷ đồng.,2019-12-21 16:08:00,2019-12-22,51.46,51.46,50.79,51.42,591380.0
173,VIC,"Khối ngoại mua ròng năm thứ 3 liên tiếp trên HoSE với 6.700 tỷ đồng, VIC và CCQ E1VFVN30 là tâm điểm",Khối ngoại sàn HoSE mua ròng 3 năm liên tiếp với tổng giá trị gần 76.000 tỷ đồng.Khối ngoại sàn HNX bán ròng lên đến 3.070 tỷ đồng sau 3 năm qua. VIC trong năm 2019 được khối ngoại mua ròng trở lại 5.300 tỷ đồng trong khi trước đó bị bán ròng trong 5 năm liên tiếp với tổng giá trị 21.600 tỷ đồng.,2020-01-01 10:24:00,2020-01-01,51.06,51.1,50.66,51.1,440280.0
172,VIC,"Khối ngoại bán ròng gần 700 tỷ đồng trong tuần đầu tháng 2, tập trung 'xả' VIC","Đứng đầu danh sách mua ròng của khối ngoại sàn HoSE tuần đầu tháng 2 là HDB với giá trị hơn 112 tỷ đồng.Trái ngược với 2 cổ phiếu cùng họ ""Vin"" là VRE và VHM thì VIC bị khối ngoại bán ròng rất mạnh và lên đến 192 tỷ đồng.",2020-02-08 16:30:00,2020-02-09,50.22,50.7,50.22,50.53,192700.0
171,VIC,"CTG, VIC đồng loạt giảm điểm, VN-Index thất bại trước mốc 940 điểm","Sự suy yếu của một vài cổ phiếu lớn, tiêu biểu như CTG đảo chiều giảm 550 đồng (-2%), VIC giảm 1.400 đồng hay BID lùi về tham chiếu đã khiến đà tăng thị trường thu hẹp đáng kể.",2020-02-12 09:57:00,2020-02-12,50.39,50.39,49.77,49.77,452790.0
170,VIC,Cổ phiếu VIC hoán đổi SDI được giao dịch từ 24/2,"Cổ phiếu VIC chốt phiên 19/2 tại mức giá 105.000 đồng/cp, giảm từ vùng giá 115.000 đồng/cp trong một tuần qua. Tổng số lượng chứng khoán VIC sau thay đổi niêm yết đạt hơn 3,38 tỷ cổ phiếu.",2020-02-20 14:25:00,2020-02-20,47.11,48.88,46.66,48.88,353570.0
169,VIC,"Chứng khoán bất ngờ tăng rực rỡ phiên chiều, VIC tăng một mạch gần 5%",Thanh khoản sàn HoSE đạt 3.300 tỷ đồng phiên hôm nay.,2020-02-20 15:02:00,2020-02-21,48.26,48.88,47.91,48.84,309060.0
1168,TTF,"Gỗ Trường Thành (TTF) chuyển nhượng hơn 99% vốn tại công ty lâm nghiệp, dự thu hơn 50 tỷ đồng","Giá chuyển nhượng Gỗ Trường Thành (TTF) đưa ra không thấp hơn 8.500 đồng/cp, tương đương số tiền thu về vào khoảng 50,66 tỷ đồng.",2020-02-25 22:43:00,2020-02-26,2.79,2.85,2.74,2.75,439360.0
168,VIC,"Bộ 3 VIC, VHM, VRE hồi phục mạnh trong phiên ATC, VN-Index thu hẹp đà giảm xuống còn 26 điểm","Bộ 3 VIC, VHM, VRE đồng loạt hồi phục về (sát) tham chiếu đã góp phần thu hẹp đáng kể đà giảm thị trường.",2020-03-11 09:53:00,2020-03-11,43.55,43.55,40.48,43.11,1049580.0
167,VIC,"Cổ phiếu ""xanh mướt"" cuối phiên, VnIndex giảm nhẹ do VIC, VHM, VRE và SAB","Hàng loạt cổ phiếu đã nhận được sự bổ trợ của dòng tiền bắt đáy và hồi phục mạnh từ giá sát sàn lên tham chiếu, thậm chí nhiều cổ phiếu tăng điểm.",2020-03-17 14:58:00,2020-03-17,39.77,41.02,38.93,39.33,681330.0
166,VIC,"Thị trường “xanh vỏ đỏ lòng”, VN-Index tăng gần 2 điểm với lực kéo từ VIC","Trên TTCK Phái sinh, cả 4 HĐTL đều đóng cửa với basis âm từ 27,23 đến gần 35 điểm cho thấy tâm lý giới đầu tư đang khá bi quan với thị trường.",2020-03-27 09:42:00,2020-03-27,36.44,38.84,35.33,38.57,1149310.0
165,VIC,"Khối ngoại bán ròng hơn 1.200 tỷ đồng trong tuần 30/3-3/4, tâm điểm MSN và VIC",Khối ngoại bán ròng 10 tuần liên tiếp trên cả HoSE và HNX với tổng giá trị lần lượt là 11.360 tỷ đồng và 1.242 tỷ đồng.MSN tiếp tục là cổ phiếu bị khối ngoại bán ròng mạnh nhất trong tuần giao dịch 30/3 - 3/4.SVC và VHL đều bị khối ngoại bán ròng nhưng hầu hết đến từ giao dịch thoả thuận.,2020-04-04 12:13:00,2020-04-04,40.88,43.24,40.57,43.24,2698260.0
1167,TTF,"Hậu kiểm toán, lợi nhuận 2019 của HDG, VGT và TTF chênh lệch cả trăm tỷ đồng",Trong khi HDG và VGT lãi điều chỉnh tăng thì TTF báo lỗ tăng thêm 122 tỷ đồng và bị kiểm toán nghi ngờ về khả năng hoạt động liên tục.,2020-04-10 08:16:00,2020-04-10,1.95,1.98,1.86,1.98,974170.0
1166,TTF,"TTF: Năm 2020 đặt mục tiêu doanh thu tăng cao gấp 3 lần, đơn hàng mới sẽ ký chậm từ 3 - 6 tháng do Covid 19",Mặc dù doanh thu thấp và thua lỗ lên tới nghìn tỷ trong năm 2019 nhưng Kỹ nghệ Gỗ Trường Thành (TTF) đã công bố những triển vọng kinh doanh lạc quan trong năm 2020.,2020-04-13 12:39:00,2020-04-13,1.98,2.1,1.92,2.1,1401050.0
1165,TTF,"Gỗ Trường Thành (TTF): Lỗ luỹ kế chiếm hơn 97% vốn điều lệ, trình phương án phát hành 58 triệu cổ phần hoán đổi nợ quá hạn tại DongABank với giá 2.128 đồng/cp","Lỗ lũy kế của Công ty tính đến 31/12/2020 tăng lên mức 3.019 tỷ đồng, suýt soát với tỷ trọng hơn 97% vốn điều lệ. Năm 2019, đối mặt với nguy cơ lỗ lũy kế vượt vốn điều lệ, TTF cũng đã phát hành cổ phần sáp nhập với Sứ Thiên Thanh.",2020-04-24 14:35:00,2020-04-24,2.03,2.1,1.99,2.09,935800.0
1164,TTF,"Ông Mai Hữu Tín: ""Anh em chúng tôi sống chết để TTF năm nay có lãi, nếu không tôi xin từ chức, tôi không làm nữa""","Cổ đông đừng nhìn con số doanh thu, tôi có thể làm con số đó lớn hơn. Cái cam kết của chúng ta là năm nay phải có lãi, đây mới là vấn đề quan trọng, Chủ tịch TTF Mai Hữu Tín khẳng định với cổ đông.",2020-04-27 16:43:00,2020-04-28,2.22,2.22,2.1,2.1,3112950.0
1163,TTF,"ĐHĐCĐ TTF: Không thể vay vốn do nợ xấu tại DongABank, tiền đầu tư mới thời gian qua hoàn toàn từ tiền tiết kiệm, thanh lý tài sản","Đây cũng là khoản vay duy nhất còn lại ở ngân hàng của TTF. Nếu xóa sạch khoản này, TTF hoàn toàn sạch nợ vay ngân hàng, Chủ tịch TTF nhấn mạnh.",2020-04-28 10:40:00,2020-04-28,2.22,2.22,2.1,2.1,3112950.0
1162,TTF,Gỗ Trường Thành (TTF): Quý 1 thoát lỗ nhờ khoản tiền bồi thường từ cổ đông,"Sau khi lỗ thuần gần 56 tỷ đồng do gánh nặng chi phí giá vốn, lãi từ hoạt động khác giúp TTF lãi 1,7 tỷ đồng tăng gấp gần 5 lần so với cùng kỳ.",2020-05-05 10:43:00,2020-05-05,2.12,2.13,2.07,2.08,1637590.0
163,VIC,"VNM, CII, VIC, ANV, PC1, HNG, SCS, HDC, CRE, SCI, TJC, QLD, MC3: Thông tin giao dịch lượng lớn cổ phiếu",Thông tin giao dịch lượng lớn cổ phiếu trên HNX/HSX.,2020-05-15 08:50:00,2020-05-15,42.66,43.33,42.57,43.11,327650.0
164,VIC,Vì sao công ty của ông Phạm Nhật Vượng bán khớp lệnh 500.000 cổ phiếu VIC?,SHS đã bán 500.000 cổ phần VIC mà Tập đoàn Đầu tư Việt Nam cho Tân Hoàng Minh mượn làm tài sản thế chấp do chưa thanh toán hết khoản nợ. Giao dịch trị giá khoảng 49 tỷ đồng.,2020-05-14 21:58:00,2020-05-15,42.66,43.33,42.57,43.11,327650.0
729,HAG,"SHI, HAG, CMX, SFI, QTP, CET: Thông tin giao dịch lượng lớn cổ phiếu",Thông tin giao dịch lượng lớn cổ phiếu trên HNX/HSX.,2020-05-21 09:38:00,2020-05-21,4.2,4.35,4.13,4.14,3774280.0
728,HAG,"ROS, TDH, HAG, VNM, VNT, VCR, KHP, NAV, CTF, MKP: Thông tin giao dịch lượng lớn cổ phiếu",Thông tin giao dịch lượng lớn cổ phiếu trên HNX/HSX.,2020-06-17 08:59:00,2020-06-17,5.23,5.23,4.99,5.09,3570780.0
1161,TTF,Con trai bầu Thắng bị xử phạt vì giao dịch cổ phiếu TTF không đúng quy định,"Sự việc diễn ra trong bối cảnh TTF đang trong xu hướng tăng ngắn hạn với thanh khoản cải thiện đáng kể. Chốt phiên 17/6/2020, TTF dừng tại mức 3.060 đồng/cp.",2020-06-17 18:37:00,2020-06-18,3.0,3.16,3.0,3.06,1520500.0
162,VIC,"Chứng khoán tăng mạnh phiên cuối tuần, VIC bứt phá đẩy VnIndex lên sát 870 điểm","Trong nhóm VN30, VIC bất ngờ tăng trần với dư mua trần hơn 500 nghìn cổ phiếu.",2020-06-19 15:16:00,2020-06-20,43.11,43.11,42.31,43.06,508020.0
161,VIC,"VIC, VHM đỡ thị trường trong phiên cơ cấu VN30, Vn-Index vẫn giảm gần 3 điểm","Trên thị trường phái sinh, khối lượng giao dịch hôm nay bùng nổ với 346.000 hợp đồng, khối lượng mở (OI) đạt 35.939 hợp đồng, giá trị giao dịch phái sinh trên sàn hôm nay khoảng hơn 25.200 tỷ đồng.",2020-07-31 10:02:00,2020-07-31,37.33,39.99,37.24,38.88,939040.0
1160,TTF,"TTF: Quý 2 tiếp tục kinh doanh có lãi 9,5 tỷ đồng",Nhiệm vụ “sống chết để năm nay có lãi” của TTF đang dần được hiện thực khi doanh nghiệp này tiếp tục báo lãi quý thứ 2 sau khi thua lỗ lớn.,2020-08-01 19:19:00,2020-08-02,3.03,3.03,3.03,3.03,794040.0
160,VIC,"Khối ngoại bán ròng trở lại 186 tỷ đồng trong tuần đầu tháng 7, thỏa thuận đột biến AGG, SAB và VIC","Chỉ tính về giao dịch khớp lệnh, khối ngoại sàn HoSE vẫn mua ròng đến 148 tỷ đồng trong tuần từ 3-7/8.Khối ngoại sàn HoSE bán ròng mạnh nhất mã AGG với giá trị lên đến gần 119 tỷ đồng trong đó hầu hết được thực hiện thông qua phương thức thỏa thuận.",2020-08-08 12:00:00,2020-08-08,39.11,39.95,38.84,39.2,542550.0
1159,TTF,"Gỗ Trường Thành (TTF): Cựu lãnh đạo Võ Trường Thành hoàn tất trả lại tài sản sau 3 năm,   chấm dứt mọi tồn đọng trong quá khứ","Như vậy, sau 3 năm ban lãnh đạo mới do ông Mai Hữu Tín đứng đầu tiếp nhận TTF, đến nay những vấn đề liên quan lùm xùm 2016 cơ bản dứt điểm. Một vấn đề tồn đọng khác, năm 2020 TTF cũng đã lên kế hoạch phát hành 57,94 triệu cổ phần cho DongABank nhằm hoán đổi hơn 123 tỷ đồng nợ vay đã quá hạn từ năm 2016.",2020-08-26 13:24:00,2020-08-26,3.61,3.61,3.61,3.61,2048470.0
1158,TTF,"Gỗ Trường Thành (TTF): Lãi ròng tăng gấp đôi sau soát xét lên 53 tỷ đồng, kiểm toán vẫn nhấn mạnh nghi ngờ khả năng hoạt động liên tục","Ghi nhận tại BCTC soát xét bán niên của Gỗ Trường Thành (TTF), kiểm toán nhấn mạnh các điều kiện ghi nhận cho thấy sự tồn tại của yếu tố không chắc chắn trọng yếu có thể dẫn đến nghi ngờ đáng kể về khả năng hoạt động liên tục của nhóm Công ty.",2020-08-30 09:55:00,2020-08-30,4.41,4.41,4.13,4.41,22812920.0
1157,TTF,"Gỗ Trường Thành (TTF) góp vốn thành lập công ty sản xuất đá xây dựng, đá ốp","Về TTF, Công ty đang đặt tham vọng trở thành đơn vị chuyên thi công nội thất cho các công trình bất động sản trong nước song đối tác lớn nhất không thể tạo đủ dự án cho TTF do những thách thức thực tế của thị trường bất động sản thời gian qua. Thành lập công ty sản xuất đá xây dựng, đá ốp… có thể là động thái khép kín chuỗi giá trị đang theo đuổi.",2020-09-09 11:18:00,2020-09-09,4.52,5.0,4.52,4.94,5910160.0
159,VIC,"VIC Tower 10 năm ""bất động"", hơn 300 khách hàng đi đâu về đâu?","Có quyết định phê duyệt kết quả đấu thầu lựa chọn nhà đầu tư từ năm 2010, qua nhiều lần ""chìm nổi"", dự án VIC Tower (quận Cầu Giấy, Hà Nội) đến nay vẫn án binh bất động.",2020-09-12 09:08:00,2020-09-12,40.57,41.6,40.53,41.37,608930.0
727,HAG,"HAGL (HAG): Bầu Đức đăng ký mua 50 triệu cổ phần, tăng sở hữu lên 40,62% vốn","Chốt phiên ngày 13/10, thị giá mã HAG vào mức 4.640 đồng/cp, tăng 24% trong vòng 2 tháng qua. Tạm tính theo thị giá này, bầu Đức dự chi khoảng 232 tỷ đồng để thực hiện giao dịch trên.",2020-10-14 07:58:00,2020-10-14,4.96,4.96,4.96,4.96,5650810.0
726,HAG,"HAG, OGC, MWG, VHC, CC4, ND2, TMS, BII, NDN, VTX, VTD, SD1, TJC: Thông tin giao dịch lượng lớn cổ phiếu",Thông tin giao dịch lượng lớn cổ phiếu trên HNX/HSX.,2020-10-15 09:38:00,2020-10-15,5.3,5.3,4.99,5.03,32371800.0
725,HAG,"HAGL: Bầu Đức đã hoàn tất mua thoả thuận 50 triệu cổ phiếu HAG, tăng sở hữu lên 40,62% vốn","Hiện, không chỉ mảng trái cây với những tín hiệu tích cực thời gian qua, mảng cao su của HAGL cũng đang đứng trước cơ hội lớn từ giá cao su tăng vọt.",2020-10-29 17:15:00,2020-10-30,4.7,4.7,4.45,4.54,5751830.0
724,HAG,"KBC, HAG, TLD, LMH, NTL, NTH, SPI, SJE, FID, TR1: Thông tin giao dịch lượng lớn cổ phiếu",Thông tin giao dịch lượng lớn cổ phiếu trên HNX/HSX.,2020-10-30 06:33:00,2020-10-30,4.7,4.7,4.45,4.54,5751830.0
1156,TTF,"TTF lãi ròng hơn 13 tỷ trong quý 3/2020, chủ yếu nhờ khoản bồi thường từ cựu Chủ tịch Võ Trường Thành dù kinh doanh chính vẫn còn lỗ","Trên thị trường, cổ phiếu TTF liên tục bứt phá kể từ đầu tháng 8, tăng một mạch từ mức 2.000 đồng/cp lên hơn 8.000 đồng/cp chỉ sau hơn 2 tháng. Hiện thị giá TTF đang điều chỉnh về vùng 6.410 đồng/cp.",2020-10-31 14:09:00,2020-10-31,5.97,6.3,5.97,6.07,3868050.0
723,HAG,Hưng Thắng Lợi Gia Lai mang 64 triệu cổ phiếu HAG làm tài sản đảm bảo cho đợt phát hành 350 tỷ đồng trái phiếu,"Lượng trái phiếu này được đảm bảo bằng 64 triệu cổ phiếu HAG, diện tích cây ăn trái 1,6 triệu m2, quyền đòi nợ và bảo lãnh thanh toán từ ông Đoàn Nguyên Đức...",2020-11-03 19:19:00,2020-11-04,4.56,4.63,4.56,4.62,2766340.0
158,VIC,"VIC, MSN bứt phá mạnh, VN-Index giữ được sắc xanh trong phiên cuối tuần","Sự bứt phá của các Bluechips, đặc biệt MSN, VIC, BHN, PNJ là yếu tố chính giúp VN-Index giữ được sắc xanh trong phiên, dù rằng nhiều cổ phiếu lớn như MWG, VRE, TCB, BVH, GAS…chìm trong sắc đỏ.",2020-11-06 10:09:00,2020-11-06,47.11,47.11,46.44,46.71,592830.0
722,HAG,"HCM, HAG, SKG, NAV, CKG, TCL, SCJ, SPV: Thông tin giao dịch lượng lớn cổ phiếu",Thông tin giao dịch lượng lớn cổ phiếu trên HNX/HSX.,2020-11-10 22:55:00,2020-11-11,4.49,4.58,4.47,4.47,5224140.0
721,HAG,"Vừa mua vào, bầu Đức đăng ký bán 35 triệu cổ phiếu HAG để tái cơ cấu khoản vay","Lũy kế 9 tháng đầu năm, doanh thu Tập đoàn tăng 47% lên 2.184 tỷ đồng. Trừ các chi phí, HAGL lỗ luỹ kế 9 tháng hơn 622 tỷ, cải thiện so với con số lỗ ròng 9 tháng năm ngoái là 1.463 tỷ đồng.",2020-11-11 12:59:00,2020-11-11,4.49,4.58,4.47,4.47,5224140.0
720,HAG,"REE, PNJ, NLG, HAG, CVT, VSH, TBC, TMP, SHP, CHP, VIX, VID, VIP, PVM, HSA: Thông tin giao dịch lượng lớn cổ phiếu",Thông tin giao dịch lượng lớn cổ phiếu trên HNX/HSX.,2020-11-17 09:20:00,2020-11-17,4.5,4.57,4.48,4.54,3239760.0
157,VIC,"Phiên 18/11: Khối ngoại trở lại mua ròng gần 450 tỷ đồng, tập trung “gom” VIC, VNM","Giao dịch khối ngoại là điểm sáng khi họ trở lại mua ròng 443 tỷ đồng trên toàn thị trường, lực mua tập trung vào bộ đôi VIC (309,3 tỷ đồng) và VNM (101,3 tỷ đồng).",2020-11-18 17:23:00,2020-11-19,46.57,46.57,45.77,46.22,1192700.0
1155,TTF,"""Giải cứu"" thành công từ Giấy Sài Gòn đến Gỗ Trường Thành (TTF), ông Mai Hữu tín đúc kết: Mấu chốt nằm tại bộ gene - văn hoá chung của doanh nghiệp","""Mỗi khi vào một doanh nghiệp, chúng tôi sẽ đi tìm hiểu văn hoá đầu tiên. Bởi con người là trung tâm nên tìm hiểu được văn hoá ta sẽ xử lý được vấn đề. Sau này, dù trong công cuộc chuyển đổi số, áp dụng công nghệ 4.0, big data… thì con người vẫn là trung tâm"", ông Mai Hữu Tín nhấn mạnh.",2020-11-21 08:40:00,2020-11-21,5.7,5.97,5.68,5.97,6296000.0
156,VIC,"HoSE: Khối ngoại mua ròng mạnh tại các mã VJC, VRE, VCB, VIC và HSG trong tháng 11","Nhà đầu tư nước ngoài bán ròng với giá trị hơn 15,58 nghìn tỷ đồng. Tổng giá trị giao dịch của nhà đầu tư nước ngoài đạt hơn 34,18 nghìn tỷ đồng, chiếm 9,54% tổng giá trị giao dịch của toàn thị trường.",2020-12-04 16:40:00,2020-12-05,47.11,47.11,46.71,47.02,678660.0
719,HAG,"HAG đăng ký bán 47,5 triệu cổ phiếu HNG: Tín hiệu đổi chủ?","Song song với động thái chuyển dịch cơ cấu sở hữu, thượng tầng lãnh đạo HNG khả năng sẽ có sự thay đổi, bao gồm ở cả chiếc ghế Chủ tịch HĐQT.",2020-12-29 14:10:00,2020-12-29,5.4,5.55,5.32,5.46,14546600.0
718,HAG,"HAG, HNG, VOS, NLG, SPI, ACL, MHC, VNT, DKC, DTV: Thông tin giao dịch lượng lớn cổ phiếu",Thông tin giao dịch lượng lớn cổ phiếu trên HNX/HSX.,2021-01-13 08:32:00,2021-01-13,6.2,6.26,5.98,6.0,29419900.0
155,VIC,"Phiên 14/1: Khối ngoại mua ròng gần 1.000 tỷ đồng, tập trung “gom” VIC, KBC","Khối ngoại đã mua ròng khá mạnh với giá trị gần 1.000 tỷ đồng, lực mua tập trung vào VIC (640,4 tỷ đồng), KBC (402 tỷ đồng) và giao dịch chủ yếu qua phương thức thỏa thuận.",2021-01-14 15:14:00,2021-01-15,49.5,49.86,48.79,49.42,1238000.0
154,VIC,"VHM, VIC, VPB tăng trần, nhà đầu tư ồ ạt mua cổ phiếu đẩy VnIndex tăng vọt 40 điểm","Nhóm cổ phiếu VN30 đang được giới đầu tư săn mua nhiều hơn, đẩy giá lên cao hơn mức tăng chung của thị trường. Đây là lần đầu tiên trong lịch sử, chỉ số Vn30-Index vượt qua VnIndex.",2021-02-02 15:15:00,2021-02-03,46.66,48.0,46.66,47.77,1698900.0
716,HAG,"MWG, FCN, VGC, NLG, HNG, HAG, DIG, VCI, NVT, LSS, EBA, TMS, AGG, CDC, NED, PSX: Thông tin giao dịch lượng lớn cổ phiếu",Thông tin giao dịch lượng lớn cổ phiếu trên HNX/HSX.,2021-02-03 08:53:00,2021-02-03,4.35,4.47,4.29,4.45,7839200.0
717,HAG,"Quyết liệt cơ cấu nợ, bầu Đức bán phần lớn cổ phần tại HAG và HNG",Tổng giá trị dự kiến bầu Đức thu về cho 2 thương vụ trên là 968 tỷ đồng.,2021-02-02 19:38:00,2021-02-03,4.35,4.47,4.29,4.45,7839200.0
1154,TTF,"Gỗ Trường Thành (TTF): Năm 2020 có lãi ròng trở lại với 21 tỷ, vẫn còn lỗ luỹ kế gần 3.000 tỷ đồng","Trên thị trường, cổ phiếu TTF năm qua thu hút mạnh dòng tiền và biến động đáng kể. Hiện, thị giá TTF đã giảm về mức 4.940 đồng/cp sau mức đỉnh thiết lập hồi cuối tháng 10 với gần 9.000 đồng/cp.",2021-02-04 13:33:00,2021-02-04,4.6,4.81,4.45,4.81,3778100.0
715,HAG,"HAG, VCI, VPB, NVT, TNT, VMG, THP, VES, HIG, MHP: Thông tin giao dịch lượng lớn cổ phiếu",Thông tin giao dịch lượng lớn cổ phiếu trên HNX/HSX.,2021-02-18 09:24:00,2021-02-18,4.85,4.94,4.7,4.85,7626900.0
153,VIC,"VHM, VIC, TCB, HNG, SVC, IBC, TMS, UNI, C32, VDP, TDC, TNH: Thông tin giao dịch lượng lớn cổ phiếu",Thông tin giao dịch lượng lớn cổ phiếu trên HNX/HSX.,2021-03-03 09:46:00,2021-03-03,47.37,48.08,47.33,47.51,1075300.0
152,VIC,"VGC, VIC, LCG, CRE, VPG, GEX, TDG, HTN, SFI, CMV, VDP, MHC, PVC, VE1, KDM, CVN: Thông tin giao dịch lượng lớn cổ phiếu",Thông tin giao dịch lượng lớn cổ phiếu trên HNX/HSX.,2021-03-16 09:09:00,2021-03-16,47.11,47.11,46.62,46.84,1360600.0
151,VIC,"HPG, VJC, VIC tăng mạnh, VnIndex chỉ còn giảm nhẹ cuối phiên",Áp lực bán đè nặng lên thị trường chứng khoán. Nhà đầu tư bắt đầu hoảng loạn và hành động thiếu suy tính. Sự cẩn trọng trong giao dịch là cần thiết lúc này.,2021-03-26 14:54:00,2021-03-26,48.88,50.44,48.88,49.95,2927800.0
150,VIC,"Khối ngoại giảm bán ròng trong tuần từ 22-26/3 nhờ thỏa thuận mạnh VIC, MSB và GAS","Khối ngoại giảm bán ròng trong tuần từ 22-26/3 nhờ thỏa thuận mạnh VIC, MSB và GAS",2021-03-28 11:16:00,2021-03-28,49.99,50.44,49.9,50.13,3140900.0
714,HAG,"FIT, CRE, CII, HBC, APH, CKG, HDC, HAG, AAA, PVC, DHC, BBS, BCP, MIC, TNS, MCF, TJC, NSH, NHP: Thông tin giao dịch lượng lớn cổ phiếu",Thông tin giao dịch lượng lớn cổ phiếu trên HNX/HSX.,2021-04-13 08:54:00,2021-04-13,6.3,6.3,6.01,6.09,18308600.0
1153,TTF,"Gỗ Trường Thành (TTF): Lợi nhuận giảm sau kiểm toán, bị nghi ngờ khả năng hoạt động liên tục","Khấu trừ chi phí, lợi nhuận sau thuế sau giảm 5 tỷ đồng so với báo cáo tự lập, từ mức 23 tỷ đồng xuống còn 18 tỷ đồng. Kết quả trên chưa đạt đến 30% chỉ tiêu lợi nhuận đặt ra, tuy nhiên năm 2020 là năm Công ty có lãi trở lại sau 2 năm lỗ liên tiếp, điều này cũng giúp Gỗ Trường Thành (TTF) thoát án huỷ niêm yết.",2021-04-13 12:40:00,2021-04-13,8.0,8.1,7.7,7.81,7560700.0
149,VIC,"Cổ phiếu VIC lập đỉnh mới, vốn hóa VinGroup bằng tổng BIDV, Vietinbank và Techcombank cộng lại","Trong khi đó, giá trị cổ phiếu VIC mà Chủ tịch Phạm Nhật Vượng nắm giữ cũng lên tới hơn 270.000 tỷ đồng (11,7 tỷ USD), thậm chí còn lớn hơn cả vốn hóa của công ty lớn thứ 4 TTCK Việt Nam là Vinamilk (207.115 tỷ đồng).",2021-04-15 15:51:00,2021-04-16,62.62,64.04,62.22,63.55,2988000.0
1152,TTF,Gỗ Trường Thành (TTF) vẫn chưa xử lý được khoản nợ quá hạn 123 tỷ tại DongA Bank,"Với khoản nợ tại DongABank, TTF không còn cách nào khác để mà làm, Công ty không thể nào vay ngân hàng từ khi tôi tiếp nhận. Đơn giản vì khoản vay cũ tại DongABank là nợ xấu, chưa có điều kiện để trả dứt điểm. Giữa chúng ta với DongABank có ít nhất vài chục lần làm việc, thậm chí ngân hàng đã khởi kiện công ty, ông Mai Hữu Tín, Chủ tịch TTF lúc bấy giờ chia sẻ.",2021-04-21 13:46:00,2021-04-21,7.17,7.3,6.85,6.85,7104200.0
713,HAG,"Hoàng Anh Gia Lai (HAG): Cổ phiếu bị đưa vào diện kiểm soát từ ngày 28/4, chỉ được giao dịch phiên chiều","Trên thị trường, cổ phiếu HAG đang trong xu hướng giảm sau đợt tăng mạnh. Chốt phiên 20/4 tại mức 5.810 đồng/cp.",2021-04-21 16:30:00,2021-04-22,5.41,5.41,5.41,5.41,19219200.0
1151,TTF,"Gỗ Trường Thành (TTF): Năm 2021 đặt kế hoạch lãi tăng gấp 3 lần, rót vốn vào công ty nội thất Natuzzi Singapore","Dù vậy, tham vọng trên có lẽ vẫn đối mặt với nhiều thách thức. Khi mà, Gỗ Trường Thành (TTF) tính đến cuối năm 2020 đang lỗ luỹ kế hơn 3.000 tỷ đồng. Tại BCTC kiểm toán, kiểm toán có nêu ý kiến nhấn mạnh tồn tại của yếu tố không chắc chắn trọng yếu có thể dẫn đến sự nghi ngờ về khả năng hoạt động liên tục của Công ty.",2021-04-22 10:04:00,2021-04-22,7.17,7.3,6.85,6.85,7104200.0
1150,TTF,"Ông Mai Hữu Tín: Tôi đã rót 100 tỷ trước cho đợt chào bán 100 triệu cổ phần sắp tới, mong cổ đông đi theo tôi vì TTF sẽ sớm về mệnh giá!","Từ tháng 2 đến đầu tháng 4, cổ phiếu TTF đã tăng gấp đôi từ 4.000 lên gần 8.000 đồng.",2021-04-28 09:10:00,2021-04-28,7.53,7.53,7.53,7.53,2102800.0
712,HAG,"Hoàng Anh Gia Lai (HAG): Bán đi ""đứa con"" nông nghiệp, quy mô tài sản giảm phân nửa, doanh thu cũng chỉ bằng ¼ cùng kỳ với 284 tỷ đồng","Hoàng Anh Gia Lai (HAG) hiện còn sở hữu khoảng 27,01% vốn tại Công ty nông nghiệp HNG.",2021-05-03 19:46:00,2021-05-04,5.2,5.35,5.06,5.28,8044500.0
711,HAG,"Hoàng Anh Gia Lai (HAG): Tiếp tục bán thảo thuận 80 triệu cổ phần tại HAGL Agrico, dự thu hàng trăm tỷ nhằm tái cấu trúc nợ ngân hàng","Với HAGL, chiến lược những năm tiếp theo bầu Đức cho biết sẽ lấy mục tiêu hàng đầu là trả hết nợ vay, sau đó mới phát triển kinh doanh.",2021-05-04 22:45:00,2021-05-05,5.2,5.36,5.19,5.36,6526400.0
1149,TTF,"Gỗ Trường Thành (TTF): Quý 1/2021 lỗ ròng 40 tỷ đồng, vốn chủ đang âm 624 tỷ","Theo đại diện Gỗ Trường Thành (TTF), một trong những khó khăn lớn của Công ty thời gian qua là khó tiếp cận dòng vốn huy động ngân hàng, nguyên nhân do còn khoản nợ quá hạn hơn 123 tỷ tại DongABank.",2021-05-05 15:03:00,2021-05-06,7.1,7.28,7.01,7.08,7421700.0
148,VIC,"VIC, DBC, BWE, IDV, QBS, ITD, HDC, SOV, BVG, SNC, TMT, SPB, SJM: Thông tin giao dịch lượng lớn cổ phiếu",Thông tin giao dịch lượng lớn cổ phiếu trên HNX/HSX.,2021-05-06 08:47:00,2021-05-06,59.42,59.55,58.22,58.88,1064200.0
147,VIC,"Không nắm giữ HPG và VIC, hiệu suất danh mục Pyn Elite Fund thua xa VN-Index trong tháng 4","Tại thời điểm cuối tháng 4, quy mô danh mục Pyn Elite Fund đạt 638,1 triệu Euro (khoảng 772 triệu USD). Trong đó, VHM tiếp tục là cổ phiếu chiếm tỷ trọng lớn nhất với 13,6%. Chứng chỉ VN Diamond ETF chiếm tỷ trọng lớn thứ 2 với 10,3%. Trong tháng, VN Diamond ETF cũng là chứng khoán tăng mạnh nhất trong danh mục quỹ.",2021-05-08 00:01:00,2021-05-08,58.66,58.88,57.37,58.88,1099300.0
1148,TTF,"Thị trường chứng khoán tăng mạnh đưa giá cổ phiếu lên cao: Nhiều doanh nghiệp GEX, LCG, TTF, ROS… tranh thủ phát hành huy động hàng ngàn tỷ đồng vốn trên sàn","Thực tế cũng cho thấy, loạt công ty trình kế hoạch phát hành lượng lớn cổ phần trong năm nay, nhằm tăng vốn bổ sung dòng tiền kinh doanh. Đặc biệt, những lĩnh vực cần lượng vốn lớn như bất động sản, hạ tầng hay những đơn vị cần đón đầu cơ hội mới như nhóm năng lượng tái tạo, CTCK trước cuộc đua margin…",2021-05-13 00:03:00,2021-05-13,7.19,7.27,7.01,7.1,3610100.0
710,HAG,Hoàng Anh Gia Lai (HAG) thanh toán trước hạn 930 tỷ đồng nợ tại HDBank,"Ghi nhận trên BCTC, tính đến ngày 31/3/2021, Hoàng Anh Gia Lai (HAG) đang có khoản dư nợ trái phiếu 735 tỷ với Chứng khoán HDBank. Tổng nợ trái phiếu vào mức 7.209,6 tỷ đồng, trái chủ chính là BIDV với 5.876 tỷ dư nợ, TPBank 350 tỷ và Chứng khoán ACB 300 tỷ đồng.",2021-05-12 16:00:00,2021-05-13,5.65,5.75,5.56,5.58,7839600.0
146,VIC,"HPG, VIC, VIB, AAA, CC1, KDH, AAV, BII, SD2: Thông tin giao dịch lượng lớn cổ phiếu",Thông tin giao dịch lượng lớn cổ phiếu trên HNX/HSX.,2021-05-18 00:01:00,2021-05-18,55.1,55.99,53.77,53.77,2452700.0
145,VIC,"HDG, VIC, MSB, HPG, TID, AGM, AGG, SD2, VRC, DRI, QBS, MQN, CSI: Thông tin giao dịch lượng lớn cổ phiếu",Thông tin giao dịch lượng lớn cổ phiếu trên HNX/HSX.,2021-05-30 14:14:00,2021-05-30,53.24,53.33,51.55,52.22,1846800.0
144,VIC,"Những lần chỉ báo ""đi vào lòng đất"" của thầy giáo dạy đầu tư chứng khoán sở hữu kênh YouTube gần 600.000 sub: Hô bắt đáy giá dầu thì dầu giảm thêm 60%, kiên nhẫn đợi VnIndex giảm thì lại vụt tăng, gọi VIC là Vincom?","T. Phạm từng nhiều lần bị các nhà đầu tư chỉ ra sự mâu thuẫn trong lời nói, bên cạnh đó là ""chỉ báo ngược"" thị trường. Tuy nhiên, cũng có ý kiến cho rằng nhà đầu tư nên tự chịu trách nhiệm với quyết định đầu tư của mình thay vì nghe theo và đổ lỗi cho người khác.",2021-06-06 09:56:00,2021-06-06,54.57,56.22,54.22,54.66,3681800.0
709,HAG,HAGL (HAG) đã thanh toán trước hạn toàn bộ 930 tỷ nợ tại HDBank,"Quyết liệt tái cơ cấu nợ, HAGL mới đây vừa vừa tiếp tục  bán ra 80 triệu cổ phiếu HAGL Agrico (HNG), giảm tỷ lệ sở hữu từ mức 23,28% vốn xuống 16,06% vốn. Tương ứng, sau giao dịch, HAGL còn nắm hơn 178 triệu cổ phần tại công ty nông nghiệp.",2021-06-12 08:37:00,2021-06-12,5.6,5.8,5.56,5.72,8094800.0
708,HAG,"HAGL (HAG): Cổ phiếu trong xu hướng tăng, Thành viên HĐQT đăng ký bán khớp lệnh 500.000 cổ phần","Hiện, thị giá HAG đang trong xu hướng tăng. Tạm tính theo mức giá 6.000 đồng/cp, ông Minh dự thu về 3 tỷ từ giao dịch trên.",2021-06-24 09:24:00,2021-06-24,6.1,6.11,5.99,6.01,5685500.0
1147,TTF,"Gỗ Trường Thành (TTF): Thị giá 7.220 đồng/cp nhưng phát hành với giá 10.000 đồng/cp, đã có 19 nhà đầu tư tham gia đợt chào bán 595 tỷ đồng","Kết quả, có 19 đơn vị tham gia mua gần 59,5 triệu cổ phiếu với giá 10.000 đồng/cp. Trong đó, hầu hết là cá nhân với 18 người và 1 nhà đầu tư tổ chức duy nhất là CTCP Đầu tư phân phối Satico. Với 595 tỷ đồng thu về đợt này, có 160 tỷ sẽ được TTF dùng để trả nợ gốc và lãi cho DongABank, kế hoạch này đã được hai bên thống nhất.",2021-06-24 21:58:00,2021-06-25,7.72,7.72,7.72,7.72,5986800.0
143,VIC,"VnIndex giảm nhẹ cuối phiên, VCB, MSN, VIC tăng mạnh ""cân"" CTG, TCB",Một lượng tiền lớn mà các bên hạ margin giai đoạn vừa qua đang chờ sẵn cho phiên ngày mai nên theo dõi liên tục thị trường để ứng biến nhanh chóng là điều nhà đầu tư nên làm lúc này.,2021-06-30 15:03:00,2021-07-01,53.19,53.28,52.66,52.7,2194700.0
142,VIC,"VIC, HNG, DTL, VNG, VTO, HTG, DPC: Thông tin giao dịch lượng lớn cổ phiếu",Thông tin giao dịch lượng lớn cổ phiếu trên HNX/HSX.,2021-07-06 10:51:00,2021-07-06,51.1,51.55,49.77,49.77,2639000.0
1146,TTF,Gỗ Trường Thành (TTF): Biến động nhân sự cấp cao giữa bối cảnh tái cấu trúc nợ quyết liệt,"Hiện, Gỗ Trường Thành (TTF) còn phương án phát hành riêng lẻ 40,5 triệu cổ phiếu và chưa công bố danh sách nhà đầu tư tham gia. Được biết, đây là cổ phiếu ưu đãi hoán đổi nợ liên quan đến ông Bùi Hồng Minh.",2021-07-08 01:19:00,2021-07-08,7.0,7.3,6.99,7.07,3429400.0
141,VIC,"HDG, VIB, NLG, FTS, DGW, VIC, AAA, TID, BKG, BWS, TVG, CMT: Thông tin giao dịch lượng lớn cổ phiếu",Thông tin giao dịch lượng lớn cổ phiếu trên HNX/HSX.,2021-07-11 18:15:00,2021-07-12,48.22,48.88,45.2,46.22,2863900.0
140,VIC,"Phiên 16/7: Khối ngoại tiếp tục mua ròng, tập trung ""gom"" NVL, VIC","Ở phía đối diện, lực xả của khối ngoại tiếp tục mạnh ở các mã cổ phiếu ngân hàng như CTG (64,4 tỷ đồng), VCB (39,3 tỷ đồng), STB (19 tỷ đồng), HDB (17,1 tỷ đồng).",2021-07-16 15:50:00,2021-07-17,45.82,46.66,44.66,45.73,1851300.0
139,VIC,"Phiên 20/7: Khối ngoại bán ròng 325 tỷ đồng trên HoSE, tập trung bán MSB, VIC, NVL","Đáng chú ý, trên HNX, khối ngoại mạnh tay mua ròng hơn 341 tỷ đồng cổ phiếu PVI, lượng mua ròng này đã khiến dòng tiền khối ngoại đảo chiều sang giá trị dương.",2021-07-20 15:36:00,2021-07-21,45.82,47.33,45.33,46.22,2765100.0
138,VIC,"Phiên 21/7: Khối ngoại bán ròng 1.390 tỷ đồng, tập trung bán 11,4 triệu cổ phiếu VIC","Kết phiên, VN-Index giảm 2,5 điểm (0,2%) còn 1.270,79 điểm, HNX-Index giảm 0,1% xuống 300,8 điểm, duy nhất UpCOM-Index tăng nhẹ 0,72% lên mức 84,3 điểm.",2021-07-21 15:48:00,2021-07-22,46.22,47.46,46.08,47.2,2242200.0
137,VIC,"Phiên 23/7: Khối ngoại bán ròng phiên thứ 5 liên tiếp trên HoSE, vẫn miệt mài ""xả"" VIC, KDH","Phiên hôm nay, VN-Index sau nhiều lần bứt phá không thành khi đối mặt vùng cản mạnh 1.295 điểm, đã quay đầu lùi về dưới ngưỡng 1.270 điểm.",2021-07-23 15:55:00,2021-07-24,46.57,46.84,45.82,46.31,1940200.0
136,VIC,"TCB, FRT, PLX, PTL, VCP, VIC: Thông tin giao dịch lượng lớn cổ phiếu",Thông tin giao dịch lượng lớn cổ phiếu trên HNX/HSX.,2021-08-03 08:28:00,2021-08-03,48.62,51.1,48.44,50.88,7293100.0
1145,TTF,"Gỗ Trường Thành (TTF): Quý 2 có lãi ròng trở lại với 43 tỷ đồng, vẫn còn lỗ lũy kế hơn 3.040 tỷ đồng","Tổng nợ đi vay của TTF tính đến cuối quý 2 là 624 tỷ đồng, trong đó nợ vay ngắn hạn phải trả dưới 1 năm lên tới 611 tỷ đồng.",2021-08-03 20:30:00,2021-08-04,7.28,7.3,7.19,7.22,3580500.0
135,VIC,"VIC tăng mạnh, giá trị cổ phiếu tỷ phú Phạm Nhật Vượng nắm giữ đạt xấp xỉ 220.000 tỷ đồng","Tại mức giá 114.500 đồng/cp, vốn hóa thị trường VinGroup đạt gần 387.300 tỷ đồng, tương ứng 16,7 tỷ USD và là doanh nghiệp vốn hóa lớn nhất thị trường chứng khoán Việt Nam.",2021-08-03 15:20:00,2021-08-04,51.33,51.73,50.66,50.66,2882400.0
707,HAG,"TVC, HAG, PVI, YEG, CKG, HHV, HTM, TDP, ITD, VMI, CAV: Thông tin giao dịch lượng lớn cổ phiếu",Thông tin giao dịch lượng lớn cổ phiếu trên HNX/HSX.,2021-08-05 08:59:00,2021-08-05,5.29,5.48,5.2,5.46,4535400.0
134,VIC,Vingroup (VIC) chốt danh sách cổ đông phát hành gần 423 triệu cổ phiếu trả cổ tức,"Tỷ lệ phát hành gần 12,5%.",2021-08-05 16:36:00,2021-08-06,51.1,51.5,50.35,50.35,3021900.0
706,HAG,"HAG: Bán bất thành 51,5 triệu cổ phiếu HNG, vẫn giữ tỷ lệ sở hữu ở mức 16,07% vốn","Trên thị trường, thị giá HNG liên tục giảm mạnh, từ vùng 18.000 đồng/cp hồi đầu năm chỉ còn 7.700 đồng/cp, tức giảm hơn hơn 57% thị giá sau 7 tháng.",2021-08-05 18:08:00,2021-08-06,5.5,5.6,5.37,5.45,4262200.0
133,VIC,"Phiên 17/8: Khối ngoại bán ròng 1.420 tỷ đồng trên toàn thị trường, tâm điểm bộ đôi VHM, VIC","VHM hôm nay tiếp tục là tâm điểm giao dịch bị khối ngoại bán ròng nhiều nhất với giá trị 510 tỷ đồng. Cổ phiếu VHM hôm nay cũng ghi nhận diễn biến không mấy tích cực khi giảm tới 4,3% về mức 111.000 đồng/cp.",2021-08-17 15:51:00,2021-08-18,49.5,50.1,48.95,48.95,2297700.0
705,HAG,"MSN, HHV, MBB, VND, PVI, HAG, TIP, PNG, TMS, TIX, DID, VMG, MAC, VHD: Thông tin giao dịch lượng lớn cổ phiếu",Thông tin giao dịch lượng lớn cổ phiếu trên HNX/HSX.,2021-08-24 05:49:00,2021-08-24,5.0,5.11,4.97,5.0,1963400.0
704,HAG,"HoSE: Có 65 mã không được cấp margin tính đến 24/8, đa phần thuộc diện cảnh báo như DXG, GTN, HAG, HNG, HVN, YEG…","Tính đến ngày 24/8/2021, trên sàn HoSE có 65 mã không được cấp margin, trong đó có mã PNC của CTCP Văn hoá Phương Nam được thêm mới do lợi nhuận soát xét 6 tháng đầu năm 2021 âm.",2021-08-27 10:56:00,2021-08-27,5.03,5.05,4.99,5.05,2399200.0
132,VIC,"SSI phát hành 16 chứng quyền mới trong tháng 8, tập trung vào nhóm vốn hóa lớn như HPG, VIC, MSN, MWG, VHM…","Trong tháng 8/2021, Chứng khoán SSI thông báo phát hành thêm 16 mã chứng quyền có bảo đảm (Covered Warrant – CW), tương đương 170 triệu chứng quyền ra thị trường. Trong đó, 122 triệu chứng quyền sẽ chính thức niêm yết vào ngày 27/8/2021. Lượng chứng quyền phát hành trong tháng 8 cũng ghi nhận một trong những lần phát hành sơ cấp lớn nhất của SSI từ trước đến nay.",2021-08-26 20:00:00,2021-08-27,46.5,47.5,45.75,47.4,2485900.0
703,HAG,HAGL (HAG): Làm rõ việc điều chỉnh số liệu BCTC soát xét cũng như ghi nhận lỗ luỹ kế thêm 1.013 tỷ đồng do mất kiểm soát tại HAGL Agrico,"Ban Giám đốc HAG đã tiến hành rà soát lại các nghiệp vụ thoái vốn liên quan đến HNG từ các năm trước đã ghi nhận vào LNST chưa phân phối để kết chuyển sang báo cáo kết quả hoạt động kinh doanh hợp nhất tại thời điểm mất quyền kiểm soát. Vì lý do đó, lỗ luỹ kế Tập đoàn tăng thêm hơn 1.013 tỷ đồng theo như BCTC soát xét đã công bố.",2021-09-09 10:03:00,2021-09-09,5.02,5.07,4.95,5.07,3154900.0
131,VIC,"Khối ngoại tiếp tục bán ròng 407 tỷ đồng trong phiên 8/9, VHM và VIC là tâm điểm","Giao dịch khối ngoại tiếp tục là điểm trừ khi bán ròng 407 tỷ đồng trên toàn thị trường, lực bán vẫn tập trung vào các cổ phiếu bluechips như bộ đôi nhà Vingroup là VHM và VIC, SSI, MSN, VNM...",2021-09-08 15:33:00,2021-09-09,46.1,46.2,45.65,45.65,2696600.0
130,VIC,"Phiên 13/9: Khối ngoại tiếp tục bán ròng 289 tỷ đồng, tập trung bán VIC và VHM","Trong khi bộ đôi VIC và VHM tiếp tục chịu áp lực bán ròng mạnh của nhà đầu tư ngoại, HPG, MSN. HCM hôm nay cũng bị rút ròng. Ngược lại, THD, SAB, VND hôm nay hút được dòng vốn từ khối ngoại - đây đều là những cổ phiếu trong danh sách thêm mới của đợt review quý 3 của quỹ VNM ETF.",2021-09-13 15:30:00,2021-09-14,46.15,46.45,45.95,46.0,1419300.0
1144,TTF,HoSE tiếp tục duy trì diện cảnh báo với cổ phiếu TTF của Gỗ Trường Thành,"Lợi nhuận sau thuế của cổ đông của Công ty mẹ TTF trên BCTC hợp nhất là 901 triệu đồng, lỗ lũy kế tại ngày 30/6/2021 là -3.042 tỷ đồng, vốn chủ sở hữu tại ngày 30/06/2021 là -553 tỷ đồng. Ngoài ra, kiểm toán viên cũng đưa ra ý kiến nhấn mạnh về khả năng hoạt động liên tục của Nhóm Công ty.",2021-09-15 09:03:00,2021-09-15,6.73,7.2,6.73,7.02,12209500.0
129,VIC,"Rung lắc mạnh trong phiên chiều, VN-Index vẫn giữ được sắc xanh dù VIC, VHM giảm điểm","Bộ đôi VHM, VIC tiếp tục chịu áp lực bán mạnh trong phiên chiều và đóng cửa ở mức thấp nhất phiên. Trong khi đó, VRE lại có diễn biến trái ngược khi tăng 5,1% lên 30.000 đồng.",2021-09-16 10:00:00,2021-09-16,45.7,45.7,43.9,43.9,15130200.0
1143,TTF,"Tránh ""án"" hủy niêm yết TTF, ""trùm giải cứu"" Mai Hữu Tín sẽ làm gì?",Nếu năm 2021 Công ty CP Tập đoàn Kỹ nghệ gỗ Trường Thành (HOSE: TTF) tiếp tục âm vốn chủ sở hữu thì cổ phiếu TTF sẽ thuộc trường hợp hủy niêm yết bắt buộc.,2021-09-16 08:40:00,2021-09-16,6.97,7.09,6.93,6.97,5087000.0
128,VIC,"Phiên 16/9: Khối ngoại trở lại bán ròng gần 1.300 tỷ đồng trên toàn thị trường, tâm điểm VIC","Sau phiên giao dịch tích cực khi trở lại mua ròng trong ngày hôm qua, khối ngoại đã quay đầu bán ròng 1.270 tỷ đồng toàn thị trường trong hôm nay với tâm điểm là việc bán ròng cổ phiếu VIC.",2021-09-16 15:46:00,2021-09-17,44.0,44.6,43.4,43.4,5567900.0
127,VIC,Vinpearl huy động thành công 425 triệu USD trái phiếu có thể chuyển đổi thành cổ phiếu VIC,"Trái phiếu đáo hạn vào năm 2026, lãi suất 3,25%/năm.",2021-09-16 16:19:00,2021-09-17,44.0,44.6,43.4,43.4,5567900.0
126,VIC,"Khối ngoại tiếp tục bán ròng hơn 3.300 tỷ đồng trong tuần ETFs cơ cấu danh mục, tâm điểm bán ròng hơn 1.500 tỷ đồng cổ phiếu VIC","Phiên 15/9, khối ngoại bất ngờ mua ròng trở lại trên toàn thị trường, nhưng giá trị mua ròng là không đáng kể so với mức bán ròng của các ngày còn lại. Đặc biệt, hai phiên 16-17/9 đồng loạt ghi nhận trạng thái bán ròng vượt mức 1.200 tỷ đồng.",2021-09-18 09:47:00,2021-09-18,43.5,44.45,43.0,43.35,4014800.0
125,VIC,Gần 423 triệu cổ phiếu VIC sẽ giao dịch bổ sung từ ngày 24/9,"Diễn biến trên thị trường, thị giá VIC chốt phiên ngày 20/9 tại mức 86.700 đồng/cp,tương ứng giảm gần 17% trong vòng 1 tháng qua.",2021-09-21 10:24:00,2021-09-21,42.75,43.2,42.5,42.8,4524800.0
702,HAG,"Con gái bầu Đức tiếp tục mua 4 triệu cổ phiếu HAG, nâng sở hữu lên 0,86% vốn","Trước đó từ ngày 11-20/8, bà Anh cũng đã chi gần 21 tỷ đồng để mua khớp lệnh 4 triệu cổ phiếu HAGL.",2021-09-21 21:09:00,2021-09-22,5.2,5.48,5.2,5.48,20849000.0
124,VIC,"Phiên 21/9: Khối ngoại đảo chiều bán ròng 333 tỷ đồng, tập trung bán FUEVFVND, HPG, VIC","Giao dịch khối ngoại là điểm trừ khi họ bán ròng 333 tỷ đồng trên toàn thị trường lực bán tập trung vào FUEVFVND, HPG, VIC, STB, E1VFVN30... ngược lại, HHV, VHM, VNM, HSG tiếp tục được nhà đầu tư ngoại mua ròng.",2021-09-21 15:46:00,2021-09-22,42.8,43.45,42.7,43.05,2845500.0
123,VIC,"Phiên 22/9: Khối ngoại tiếp tục bán ròng 240 tỷ đồng, tập trung bán VPH, VIC","Điểm trừ tiếp tục đến từ giao dịch khối ngoại khi họ bán ròng 240 tỷ đồng trên toàn thị trường. Bên cạnh việc tiếp tục bán VIC, khối ngoại cũng tập trung bán ròng VPH, CTG, NKG, DGC... trong khi tích cực rót ròng tại các mã MBB, VCB, VNM, VND...",2021-09-22 15:39:00,2021-09-23,43.25,43.7,43.2,43.55,2664100.0
122,VIC,"Phiên 27/9: Khối ngoại quay đầu bán ròng 239 tỷ đồng, tập trung bán HPG, VIC","Lực bán tập trung tại cổ phiếu HPG, bên cạnh đó vẫn là áp lực ""xả hàng"" với VIC; trong khi ngược chiều, VNM và VHM hôm nay ghi nhận diễn biến giao dịch khối ngoại khả quan kh được mua ròng trên dưới 100 tỷ đồng.",2021-09-27 15:53:00,2021-09-28,42.65,43.5,42.6,43.25,2387300.0
701,HAG,"HAG, KOS, ITA, DIG, PVP, CGV, VPR, TNA, TMS, DBT, SVT: Thông tin giao dịch lượng lớn cổ phiếu",Thông tin giao dịch lượng lớn cổ phiếu trên HNX/HSX.,2021-10-02 18:04:00,2021-10-03,5.01,5.06,4.98,5.0,3232100.0
121,VIC,"Có 39 doanh nghiệp vốn hóa trên 1 tỷ USD giao dịch trên sàn HoSE, riêng VIC, VHM, VCB và HPG đã vượt mốc 10 tỷ USD","Thanh khoản thị trường cổ phiếu tháng 9 với giá trị và khối lượng giao dịch bình quân phiên lần lượt đạt khoảng 20.898 tỷ đồng và 710,18 triệu cổ phiếu, giảm 9,28% về giá trị và tăng 0,97% về khối lượng so với tháng trước.",2021-10-04 10:39:00,2021-10-04,43.8,44.0,43.55,43.9,1565200.0
700,HAG,"HoSE tiếp tục cắt margin với 63 mã chứng khoán trong quý 4/2021, điển hình có TGG, TDH, YEG, HVN, HAG…","Trong quý này đặc biệt điểm qua TGG của nhóm Louis, liên tục thâu tóm các công ty trên sàn và đẩy giá tăng đột biến, nhóm Louis bị lên án trước nghi vấn thao túng giá. Đại diện là ông Đỗ Thành Nhân trong thông báo mới đây cho biết sẽ xoá nhóm trao đổi thông tin trên facebook là ""Louis Family"" trước bối cảnh các cổ phiếu liên quan liên tục lau sàn sau giai đoạn tăng nóng.",2021-10-06 11:02:00,2021-10-06,5.0,5.1,5.0,5.03,5928900.0
1142,TTF,"DGC, TTF, TVB, TDH, BCG, NTL, KOS, CKG, MCP, L18, ILA, ICT: Thông tin giao dịch lượng lớn cổ phiếu",Thông tin giao dịch lượng lớn cổ phiếu trên HNX/HSX.,2021-10-29 05:09:00,2021-10-29,9.17,9.63,9.15,9.58,11321200.0
1141,TTF,"Con trai ""bầu"" Thắng đăng ký mua vào 1 triệu cổ phần Gỗ Trường Thành (TTF)","Được biết, ông Lợi là con trai của ông Võ Quốc Thắng - còn được biết đến với cái tên ""bầu"" Thắng, từng là Chủ tịch Hội đồng quản trị Ngân hàng TMCP Kiên Long (Kienlongbank).",2021-10-29 17:20:00,2021-10-30,9.59,10.1,9.59,9.85,10455000.0
1140,TTF,"Gỗ Trường Thành (TTF): Tiếp tục có lãi mỏng trong quý 3/2021 với hơn 1 tỷ đồng, đang lỗ luỹ kế hơn 3.000 tỷ đồng","Tính đến hiện tại, Gỗ Trường Thành (TTF) đang lỗ luỹ kế gần 3.042 tỷ đồng. Do tình hình thua lỗ nặng, Sở GDCK Tp.HCM (HoSE) mới đây tiếp tục duy trì diện kiểm soát đối với cổ phiếu TTF. Nếu BCTC kiểm toán năm 2021 của Công ty có vốn chủ sở hữu là số âm thì cổ phiếu TTF sẽ thuộc trường hợp hủy niêm yết.",2021-11-03 14:42:00,2021-11-03,9.7,9.71,9.03,9.03,19827300.0
1139,TTF,"Gỗ Trường Thành (TTF) vừa chi 5,4 triệu USD mua 20% vốn một công ty nội thất Singapore","Định hướng từ năm 2021, ban lãnh đạo cho biết TTF sẽ đàm phán với các hành truyền thống và đẩy mạnh mảng xuất khẩu, trong đó tích cực nâng cao hợp đồng dài hạn, tập trung chủ lực vào thị trường Mỹ, Ý, châu Âu, Trung Quốc, Nhật Bản… thông qua các kênh bán lẻ. Công ty cũng tiếp tục tìm đối tác tiềm năng trong lĩnh vực đồ gỗ nội thất để liên doanh.",2021-11-04 18:08:00,2021-11-05,9.25,9.5,9.16,9.3,5967600.0
699,HAG,"PAN, ITA, VNS, TPB, HAG, CII, PC1, PGC, KPF, PGT, ITD, AGM, NAF, DBT, TMS, L40, MAC: Thông tin giao dịch lượng lớn cổ phiếu",Thông tin giao dịch lượng lớn cổ phiếu trên HNX/HSX.,2021-11-09 08:51:00,2021-11-09,6.53,6.56,6.22,6.56,45006400.0
1138,TTF,"TIS, NTL, SRA, HAH, TTF, TDH, ITD, PCG, VC9, DTI, CEN, TBD, HNA, DRI, VTE, L40, NDX, TAR, NTH: Thông tin giao dịch lượng lớn cổ phiếu",Thông tin giao dịch lượng lớn cổ phiếu trên HNX/HSX.,2021-11-11 08:52:00,2021-11-11,9.8,10.3,9.8,10.3,16677900.0
1137,TTF,"Sau nhiều năm chật vật, cổ phiếu Gỗ Trường Thành (TTF) đã vượt mốc 10.000 đồng/cp đúng với cam kết Chủ tịch Mai Hữu Tín","Dù có những cải thiện, tuy nhiên tình hình kinh doanh tại TTF vẫn còn nhiều thử thách với ""trùm giải cứu"" Mai Hữu Tín, khi lỗ luỹ kế hiện đã lên mức 3.042 tỷ đồng, vốn chủ âm hơn 552 tỷ đồng.",2021-11-11 09:45:00,2021-11-11,9.8,10.3,9.8,10.3,16677900.0
698,HAG,"G36, HUT, DXG, HAG, PAN, HAH, CEN, BVG, XMC, TAR, HSA: Thông tin giao dịch lượng lớn cổ phiếu",Thông tin giao dịch lượng lớn cổ phiếu trên HNX/HSX.,2021-11-12 05:49:00,2021-11-12,7.01,7.62,7.01,7.62,42283700.0
697,HAG,"Cổ phiếu HAG liên tục tăng trần, bầu Đức đã ""bỏ túi"" thêm hơn 800 tỷ chỉ sau nửa tháng","Là cổ đông lớn nhất với 34,5% vốn, tương đương sở hữu gần 320 triệu cổ phiếu HAG, giá trị tài sản của bầu Đức trên sàn chứng khoán cũng có mức tăng tương tự 52% chỉ sau nửa tháng. Hiện bầu Đức đang nằm trong danh sách 100 những người giàu nhất trên sàn chứng khoán với tổng tài sản đạt gần 2.500 tỷ đồng. Tương ứng, tính từ cuối tháng 10 tới nay, giá trị cổ phiếu HAG bầu Đức nắm giữ đã tăng thêm khoảng 830 tỷ đồng.",2021-11-14 10:17:00,2021-11-14,7.98,8.15,7.7,8.15,34541700.0
696,HAG,"Dấu ấn đầu tiên của con gái bầu Đức: Mua cổ phiếu HAG đúng “chân sóng”, lập tức lãi hơn 50% chỉ sau 2 tháng","Đoàn Hoàng Anh mua cổ phiếu của Hoàng Anh Gia Lai trong tháng 8 và tháng 9 với giá gốc chỉ 5.000-5.300 đồng/cổ phiếu. Đến đầu tháng 11, cổ phiếu Hoàng Anh Gia Lai liên tục tăng, hiện đã lên tới 7.930 đồng/cổ phiếu.",2021-11-15 10:28:00,2021-11-15,7.98,8.15,7.7,8.15,34541700.0
1136,TTF,"Bán cổ phiếu quỹ không công bố thông tin, Gỗ Trường Thành (TTF) bị phạt 100 triệu đồng","Cụ thể, Gỗ Trường Thành đã bán xấp xỉ 9 triệu cổ phiếu TTF từ tháng 7 đến tháng 12/2020, sau đó tiếp gần 4 triệu cổ phiếu TTF vào tháng 3/2021. Tuy nhiên, Công ty đã không thực hiện công bố thông tin trong thời hạn 24 giờ kể từ khi có quyết định bán cổ phiếu quỹ.",2021-11-18 09:25:00,2021-11-18,10.65,11.25,10.6,11.25,13995500.0
695,HAG,"HPG, PAN, BII, VPH, HAG, DXG, PLP, LDG, DID, KHP, CTB, HNA, BT6, LIC, PCN, DNY, LM3, DND, LKW: Thông tin giao dịch lượng lớn cổ phiếu",Thông tin giao dịch lượng lớn cổ phiếu trên HNX/HSX.,2021-11-18 09:09:00,2021-11-18,8.2,8.69,8.11,8.61,26427200.0
1135,TTF,"Gỗ Trường Thành (TTF): Thị giá vượt mệnh với 11.600 đồng/cp, đã được UBCKNN chấp thuận chào bán 100 triệu cổ phiếu","Danh sách tham gia có 19 nhà đầu tư, bao gồm 18 nhà đầu tư là các cá nhân và nhà đầu tư tổ chức duy nhất là CTCP Đầu tư phân phối Satico. Các cổ phiếu phát hành trong đợt này là cổ phiếu ưu đãi (với mức cổ tức cố định là 12%/năm) có quyền chuyển đổi thành cổ phiếu phổ thông tại bất kỳ thời điểm nào với tỷ lệ 1:1.",2021-11-25 18:58:00,2021-11-26,12.0,12.25,11.2,11.7,11961600.0
1134,TTF,Gỗ Trường Thành (TTF) miễn nhiệm một Phó Tổng Giám đốc,"TTF thời gian gần đây có sự chuyển biến đáng kể, trong đó Công ty vừa được UBCKNN chấp thuận phát hành 100 triệu cổ phiếu nhằm tăng vốn, và hoán đổi nợ. Trên thị trường, cổ phiếu TTF cũng đã vượt mệnh giá theo như cam kết của Chủ tịch là ông Mai Hữu Tín.",2021-12-01 21:14:00,2021-12-02,11.25,11.7,11.0,11.35,10277700.0
120,VIC,"Phiên 1/12: Khối ngoại đẩy mạnh bán ròng 1.120 tỷ đồng, tập trung bán VIC và VHM","Lực bán của khối ngoại hôm nay tập trung tại VHM, VIC, MSN. Ngược lại, CTG, DCM, STB là những cổ phiếu được nhà đầu tư ngoại mua ròng nhiều nhất trong phiên.",2021-12-01 16:14:00,2021-12-02,53.0,54.25,52.55,53.6,4428600.0
694,HAG,"CEO, NVL, KOS, PGC, HAG, CHP, DQC, FCN, PC1, PPE, IMP, GIL, CET, D11, TMS, CMS, LM8, PVV, ILA, C69: Thông tin giao dịch lượng lớn cổ phiếu",Thông tin giao dịch lượng lớn cổ phiếu trên HNX/HSX.,2021-12-08 05:22:00,2021-12-08,9.8,9.87,9.6,9.87,38298600.0
119,VIC,"Phiên 9/12: Khối ngoại mua ròng 356 tỷ đồng trên toàn thị trường, tập trung ""gom"" bộ đôi VIC, VHM","Lực mua của khối ngoại hôm nay tập trung tại bộ đôi nhà Vin là VIC, VHM cùng cổ phiếu ngân hàng CTG trong khi TCH, VPB hay HPG trở thành những cổ phiếu bị bán ròng mạnh nhất.",2021-12-09 15:38:00,2021-12-10,53.5,53.6,51.55,51.55,3080600.0
693,HAG,"Hoàng Anh Gia Lai (HAG): Cổ phiếu vượt mệnh sau gần 5 năm, tài sản bầu Đức tăng thêm 1.600 tỷ đồng","Cổ phiếu HAG bắt đầu bật tăng mạnh từ đầu tháng 11, và sau chưa đầy 2 tháng đã tăng gấp đôi từ mức 5.000 đồng/cp. Trong đó, là cổ đông lớn nhất với 34,5% vốn, tương đương sở hữu gần 320 triệu cổ phiếu HAG, giá trị tài sản của bầu Đức trên sàn chứng khoán cũng có mức tăng tương tự. Tính từ cuối tháng 10 tới nay, giá trị cổ phiếu HAG bầu Đức nắm giữ đã tăng thêm khoảng 1.600 tỷ đồng.",2021-12-09 15:33:00,2021-12-10,10.0,10.8,9.88,10.55,30816400.0
692,HAG,"HQC, DGC, HAG, G36, SPB, PSI, QNC, DHC, LHG, TLD, TNI, L18, VSN, SD9, PMT, ATS: Thông tin giao dịch lượng lớn cổ phiếu",Thông tin giao dịch lượng lớn cổ phiếu trên HNX/HSX.,2021-12-11 09:12:00,2021-12-11,10.9,11.25,10.55,11.25,16543600.0
118,VIC,"VIC giảm sâu, Vn30-Index mất 10 điểm phiên giao dịch cuối tuần","Cổ phiếu ngân hàng, bất động sản phân hóa mạnh trong áp lực chốt lãi đang diễn ra trên diện rộng.",2021-12-10 15:04:00,2021-12-11,51.35,52.25,50.5,51.6,4076200.0
1133,TTF,Gỗ Trường Thành (TTF) hoàn tất phát hành 100 triệu cổ phiếu chào bán riêng lẻ và cấn trừ nợ,"Gỗ Trường Thành (TTF) đã phân phối thành công toàn bộ hơn 59 triệu cổ phiếu riêng lẻ cho 18 nhà đầu tư cá nhân, tổng giá trị ròng từ đợt chào bán 595 tỷ đồng.",2021-12-11 18:16:00,2021-12-12,11.2,11.7,11.0,11.7,12877500.0
1132,TTF,"Do điều kiện không thuận lợi, con trai bầu Thắng chỉ mua thêm được 537.000 cổ phiếu TTF","Mới đây, bà Thảo là vợ của ông Võ Quốc Lợi - Thành viên HĐQT của Gỗ Trường Thành. Trong giao dịch này, bà Thảo mua 5 triệu cổ phiếu, tương đương tỷ lệ sở hữu 1,22% cổ phần TTF.",2021-12-16 09:40:00,2021-12-16,11.3,12.05,11.25,12.05,13251200.0
691,HAG,"TVS, HAG, PVR, SGR, LDP, SPP, TTH, SD8, KTT: Thông tin giao dịch lượng lớn cổ phiếu",Thông tin giao dịch lượng lớn cổ phiếu trên HNX/HSX.,2021-12-18 09:44:00,2021-12-18,11.5,12.75,11.45,12.75,48861900.0
690,HAG,"Mua cổ phiếu HAG, con gái Bầu Đức lãi ngay gần 3 lần trong 3 tháng","Chưa từng sở hữu cổ phiếu HAG nào, nhưng ngay lần đầu tư chứng khoán đầu tiên, con gái Bầu Đức đã lãi bằng lần, hàng triệu USD chỉ trong vòng chưa đầy 3 tháng.",2021-12-22 17:22:00,2021-12-23,14.45,15.35,13.9,14.9,45357300.0
1131,TTF,"Gỗ Trường Thành (TTF) đã ""sạch"" nợ tại các ngân hàng","Tại ĐHĐCĐ thường niên năm 2021, cổ đông TTF cuối cùng đã nhất trí thông qua phương án chào bán gần 59,5 triệu cổ phiếu với giá 10.000 đồng/cp, cổ tức cố định hàng năm là 12%, qua đó thu gần 595 tỷ đồng. TTF khi đó cho biết sẽ trích 160 tỷ đồng từ nguồn thu này nhằm trả nợ gốc và lãi cho DongABank.",2021-12-22 17:28:00,2021-12-23,13.5,13.8,12.95,13.8,16974700.0
117,VIC,"Phiên 7/1: Khối ngoại bán ròng phiên thứ 3 liên tiếp trên HoSE, tâm điểm bán VRE, VIC","Nhà đầu tư ngoại tập trung bán ròng tại các cổ phiếu như VIC, VRE, VNM trong khi ghi nhận mua ròng tại các mã VHM, KBC hay HPG.",2022-01-07 16:02:00,2022-01-08,51.25,52.75,51.1,51.15,2908500.0
116,VIC,"Phiên 11/1: Khối ngoại bất ngờ trở lại mua ròng, tập trung ""gom"" VIC, DXG trong khi bán mạnh FLC, DGC","Nhà đầu tư ngoại tập trung mua ròng tại các cổ phiếu như VIC, DXG, VCB trong khi ghi nhận bán ròng tại các mã DGC, FLC.",2022-01-11 16:15:00,2022-01-12,50.75,50.75,49.0,50.4,2338500.0
115,VIC,"Phiên 24/1: Khối ngoại bán ròng gần 200 tỷ đồng trên toàn thị trường, tâm điểm bán VIC, DGW","Theo đó, nhà đầu tư ngoại ghi nhận bán ròng tại các mã VIC, DGW, HPG trong khi tập trung mua ròng tại VND, CTG, VHM.",2022-01-24 16:51:00,2022-01-25,47.5,48.85,46.7,48.0,3198400.0
689,HAG,Hoàng Anh Gia Lai (HAG) xin không bị huỷ niêm yết,"Phía HAGL cho biết, việc hồi tố này hoàn toàn tuân theo quy định mới. Công ty đang phát triển theo hướng tốt và chắc chắn có lãi cao nên chúng tôi muốn đền đáp xứng đáng cho các nhà đầu tư tin tưởng. Nếu bị huỷ niêm yết, công ty sẽ rất có lỗi với cổ đông.",2022-01-27 22:29:00,2022-01-28,11.8,12.25,11.8,11.8,38886900.0
688,HAG,"""Chốt"" lượng lớn cổ phiếu HAG ngay đỉnh cao, lãi tự doanh Chứng khoán Công Thương đột biến lên 148 tỷ đồng trong quý 4/2021","Dù vậy, với khoản đầu tư tại HNG (HAGL Agrico), Chứng khoán Công Thương (CTS) vẫn còn ""ôm lỗ"" gần 20 tỷ đồng.",2022-02-01 10:21:00,2022-02-01,12.55,12.55,11.8,11.8,14258300.0
1130,TTF,"Gỗ Trường Thành (TTF): Lợi nhuận 2021 tăng 14% nhưng chỉ mới thực hiện 1/3 kế hoạch, lỗ luỹ kế vẫn ở mức cao với 3.035 tỷ đồng","Dù có nhiều điểm sáng, tổng lỗ lũy kế của Công ty vẫn ở mức cao với 3.035 tỷ đồng, tương đương 74% vốn điều lệ. Để cân đối tài chính, năm 2021 TTF có thực hiện tăng vốn điều lệ từ 3.112 tỷ lên 4.112 tỷ đồng.",2022-02-07 08:57:00,2022-02-07,12.4,12.8,12.1,12.8,2660300.0
114,VIC,"Phiên 8/2: Khối ngoại quay đầu bán ròng 350 tỷ đồng trên HoSE, tập trung bán VIC, VNM","Lực bán ròng của nhà đầu tư ngoại tập trung tại các cổ phiếu VIC, VNM, HPG trong khi mua ròng KBC, DXG, CTG.",2022-02-08 16:02:00,2022-02-09,43.8,44.35,42.45,42.85,8812500.0
113,VIC,"MSCI Frontier Markets Index giữ nguyên danh mục cổ phiếu Việt Nam trong kỳ cơ cấu quý 1/2022, HPG, VIC, VHM, VNM vẫn nằm trong top tỷ trọng lớn nhất","Top 10 cổ phiếu lớn nhất danh mục MSCI Frontier Markets Index có 4 cổ phiếu Việt Nam, bao gồm HPG (4,11%), VIC (4,1%), VHM (3,89%) và VNM (2,7%).",2022-02-10 10:02:00,2022-02-10,42.85,43.0,40.85,42.0,11088500.0
112,VIC,"Phiên 10/2: Khối ngoại bất ngờ bán ròng 740 tỷ đồng trên HoSE, tâm điểm bán hàng trăm tỷ VIC, HPG","Tâm điểm bán ròng hôm nay là VIC, cổ phiếu này chịu áp lực bán ròng mạnh nhất của khối ngoại với giá trị 453 tỷ đồng, bên cạnh đó HPG cũng bị bán ròng 146 tỷ đồng.",2022-02-10 15:48:00,2022-02-11,41.5,41.8,40.75,40.85,7846400.0
111,VIC,Các quỹ ETF đang nắm giữ bao nhiêu cổ phiếu VIC?,"Trong số các quỹ ETF nội, DCVFM VN30 ETF do Dragon Capital quản lý hiện nắm giữ 7,54 triệu cổ phiếu VIC, tương ứng 633 tỷ đồng và là quỹ ETF nội nắm giữ nhiều VIC nhất.",2022-02-11 00:01:00,2022-02-11,41.5,41.8,40.75,40.85,7846400.0
110,VIC,"VIC tiếp tục điều chỉnh, VN-Index lùi về sát mốc 1.500 điểm","Nhóm Bluechips cũng bị chốt lời mạnh với nhiều mã giảm điểm, có thể kể tới như BVH, GAS, FPT, VIC, VNM, HVN, VJC, PLX, VRE, POW…Trong đó, VIC giảm 2,7% xuống 81.700 đồng, mức thấp nhất trong hơn 1 năm qua.",2022-02-11 09:58:00,2022-02-11,41.5,41.8,40.75,40.85,7846400.0
109,VIC,"Phiên 11/2: Khối ngoại lại bán ròng hơn 530 tỷ trên HoSE, VIC tiếp tục là tâm điểm","Khối ngoại hôm nay tiếp tục bán ròng 531 tỷ đồng trên HoSE, trong đó lực bán tập trung vào các cổ phiếu như VIC, KBC, VND, SSI…",2022-02-11 16:19:00,2022-02-12,40.85,42.0,40.35,40.9,4973500.0
108,VIC,"Tuần đầu xuân Nhâm Dần, khối ngoại mạnh tay bán ròng gần nghìn tỷ trên toàn thị trường, tâm điểm bán ròng hơn 1.600 tỷ VIC","Xét trên kênh khớp lệnh, giá trị bán ròng của khối ngoại trong tuần đạt 758 tỷ đồng, đồng thời bán ròng thêm 156 tỷ đồng trên kênh thỏa thuận qua đó nới rộng đà bán ròng chung.",2022-02-12 10:54:00,2022-02-12,40.85,42.0,40.35,40.9,4973500.0
687,HAG,"Cổ phiếu HAGL (HAG) giảm sàn trắng bên mua, ""chồng chất"" bán sàn hơn 16 triệu đơn vị","Cổ phiếu HAG giảm mạnh trước nguy cơ cổ phiếu bị huỷ niêm yết bắt buộc do làm ăn thua lỗ trong 3 năm liên tục khi lợi nhuận sau thuế ty các năm 2017, 2018 và 2019 đều là số âm sau điều chỉnh hồi tố số liệu",2022-02-14 14:38:00,2022-02-14,11.55,11.8,11.55,11.55,11254700.0
686,HAG,"HAG bất ngờ ""quay xe"", VN-Index tăng gần 21 điểm với lực kéo từ nhóm ngân hàng","Nhóm Bluechips BVH, FPT, MSN, REE, MSN, VNM, VIC, VRE, VHM…cũng tăng điểm khá tích cực giúp sắc xanh thị trường được củng cố.",2022-02-15 10:12:00,2022-02-15,10.75,12.3,10.75,11.65,38586200.0
107,VIC,"Phiên 14/2: Khối ngoại tiếp tục bán ròng gần 280 tỷ đồng trên toàn thị trường, tập trung bán ròng HPG, HDB và VIC","Giao dịch khối ngoại là điểm trừ khi họ vẫn miệt mài bán ròng trên sàn HOSE, trong khi tiếp tục mua ròng tại HNX và UPCoM.",2022-02-14 16:21:00,2022-02-15,41.0,41.9,40.9,41.85,3001500.0
685,HAG,"Trong 5 phút lệnh mua ồ ạt vào quét sạch chục triệu cổ phiếu HAG giá sàn, cổ đông HAGL ""kêu cứu"" Uỷ ban Chứng khoán","Cổ phiếu HAG của Tập đoàn Hoàng Anh Gia Lai luôn có cách đánh ""sốc"" gây chú ý đặc biệt với giới đầu tư. Chỉ trong vòng hơn 5 phút, các lệnh mua lớn ồ ạt vào ""múc"" hàng chục triệu cổ phiếu HAG giá sàn.",2022-02-15 15:15:00,2022-02-16,11.9,12.0,11.05,11.1,14089500.0
1129,TTF,"Gỗ Trường Thành (TTF) được chấp thuận đầu tư ra nước ngoài, sắp chi gần 5,4 triệu USD mua 20% cổ phần công ty nội thất Singapore","Vốn đầu tư là 5,357 triệu USD, bằng tiền mặt và là vốn chủ sở hữu của nhà đầu tư. Tiến độ kể từ ngày cấp giấy (nhằm ngày 11/2/2022) là 2 tháng hoàn thành thủ tục đầu tư tại nước ngoài, và 3 tháng để đi vào hoạt động.",2022-02-17 09:17:00,2022-02-17,13.7,14.2,13.6,13.9,4705800.0
106,VIC,"Cổ phiếu thép, phân bón và than đồng loạt tăng kịch trần, bộ đôi VIC và VHM ""kéo tụt"" VN-Index",Hôm nay là phiên tăng điểm thuyết phục của cổ phiếu thép khi thị giá tăng đi kèm với thanh khoản cải thiện rõ rệt. Tương tự nhiều cổ phiếu than và phân bón cũng ghi nhận tăng hết biên độ,2022-02-28 10:02:00,2022-02-28,39.75,39.75,38.5,38.5,4678600.0
105,VIC,"Quỹ “tỷ đô” do Dragon Captial quản lý loại VIC ra khỏi top 10 danh mục, tăng lượng tiền nắm giữ lên mức cao nhất từ Tết nguyên đán","Về phần VIC, đây là lần đầu tiên sau nhiều năm cổ phiếu này ra khỏi top 10 của VEIL. Vào tuần trước đó (2/3/2022), VEIL vẫn nắm giữ VIC với tỷ trọng 3,89%, tương ứng khoảng 29,5 triệu cổ phiếu VIC. Trong khi vào cuối năm 2021, VEIL nắm giữ khoảng 34,3 triệu cổ phiếu VIC.",2022-03-10 17:53:00,2022-03-11,39.4,39.5,38.9,39.5,2222400.0
104,VIC,"Phiên 16/3: Khối ngoại duy trì bán ròng hơn 300 tỷ trên toàn thị trường, tập trung bán bộ đôi VIC và VHM","Giao dịch khối ngoại là điểm trừ khi họ bán ròng hơn 300 tỷ đồng trên toàn thị trường, lực bán tập trung chủ yếu vào VIC, VHM, LPB, HPG...",2022-03-16 15:42:00,2022-03-17,39.15,39.25,38.65,39.2,2565900.0
103,VIC,"Phiên 18/3: Khối ngoại trở lại bán ròng gần 230 tỷ đồng trên HOSE, tâm điểm bán hàng trăm tỷ MSN, VNM và VIC","Diễn biến giao dịch của khối ngoại lại là điểm trừ khi họ trở lại bán ròng 229 tỷ đồng trên HOSE, theo đó ghi nhận bán ròng 175 tỷ đồng trên toàn thị trường. Lực bán tập trung vào MSN, VNM, VIC, PDR, VHC...",2022-03-18 16:00:00,2022-03-19,39.4,40.5,39.15,40.5,3705300.0
1127,TTF,"Gỗ Trường Thành (TTF): Thị giá tăng bằng lần và đạt đỉnh 5 năm, cổ đông lớn nhà Đồng Tâm bán ra 4 triệu cổ phiếu","Dù có nhiều khởi sắc, cần nhấn mạnh chỉ số kinh doanh của TTF vẫn chưa khả quan. Kết thúc năm 2021, tổng lỗ lũy kế của Công ty vẫn ở mức cao với 3.035 tỷ đồng, tương đương 74% vốn điều lệ. Để cân đối tài chính, năm 2021 TTF có thực hiện tăng vốn điều lệ từ 3.112 tỷ lên 4.112 tỷ đồng.",2022-03-19 14:02:00,2022-03-19,16.8,17.5,16.35,17.2,12262600.0
1128,TTF,"DXG, HPG, REE, TTF, YEG, GEG, THS,L18, VTV, BGW: Thông tin giao dịch lượng lớn cổ phiếu",Thông tin giao dịch lượng lớn cổ phiếu trên HNX/HSX.,2022-03-19 10:06:00,2022-03-19,16.8,17.5,16.35,17.2,12262600.0
102,VIC,Vingroup (VIC) lùi thời gian họp ĐHĐCĐ thường niên năm 2022 thêm tối đa 2 tháng,"Nguyên nhân được VIC đưa ra là để HĐQT và Ban giám đốc, các phòng ban của Tập đoàn có thời gian chuẩn bị kỹ lưỡng hơn các vấn đề liên quan khi xin ý kiến ĐHĐCĐ",2022-03-22 10:23:00,2022-03-22,40.5,41.2,40.5,41.1,3631800.0
1125,TTF,"TTF tăng mạnh, lãnh đạo Gỗ Trường Thành vẫn quyết đăng ký mua 1,5 triệu cổ phiếu",Cổ phiếu TTF đã tăng khoảng 20% từ đầu năm 2021 đến nay.,2022-03-29 07:39:00,2022-03-29,16.5,17.2,16.5,17.2,8060500.0
1126,TTF,"DGC, FCN, DVN, IDI, CII, FIR, TTF, OGC, SJS, HSV, GIL, VE2, BDG: Thông tin giao dịch lượng lớn cổ phiếu",Thông tin giao dịch lượng lớn cổ phiếu trên HNX/HSX.,2022-03-29 07:35:00,2022-03-29,16.5,17.2,16.5,17.2,8060500.0
1124,TTF,"HPG, PNJ, TTF, YEG, BKG, HIG, MHL, SCL, RCC, VAF, TV3, SDD: Thông tin giao dịch lượng lớn cổ phiếu",Thông tin giao dịch lượng lớn cổ phiếu trên HNX/HSX.,2022-04-02 06:00:00,2022-04-02,17.1,17.1,16.3,16.3,6975600.0
1123,TTF,Thêm một công ty con thuộc Đồng Tâm bán ra hơn 5 triệu cổ phiếu Gỗ Trường Thành (TTF) khi thị giá đạt đỉnh 5 năm,"Tạm tính theo thị giá chốt phiên 28/3 của cổ phiếu TTF là 16.100 đồng/cổ phiếu, lượng cổ phiếu TTF mà Thương Mại Đồng Tâm bán ra có giá trị khoảng 85 tỷ đồng.",2022-04-04 09:05:00,2022-04-04,17.1,17.1,16.3,16.3,6975600.0
1121,TTF,"Cổ phiếu đạt đỉnh cổ đông lớn đua ""thoát hàng"", Gỗ Trường Thành (TTF) bất ngờ từ lãi thành lỗ ròng sau kiểm toán","TTF bất ngờ chuyển lãi thành lỗ ròng sau kiểm toán, cổ đông lớn trước đó đã đua ""thoát hàng"" vùng đỉnh của giá cổ phiếu.",2022-04-05 09:32:00,2022-04-05,16.0,16.5,16.0,16.1,7269900.0
684,HAG,"HoSE tiếp tục cắt margin với 66 mã chứng khoán trong quý 2/2022, điển hình có NVT, JVC, HAG, TDH, OGC, TTF, CII...","Danh sách 66 cổ phiếu còn một số mã có thời gian niêm yết dưới 6 tháng nên chưa thể tham gia giao dịch margin, trong đó CTR, EVF, HHV là những mã mới chuyển sàn niêm yết sang HOSE hồi đầu năm nay.",2022-04-05 14:35:00,2022-04-05,13.35,13.45,13.1,13.2,10262800.0
1122,TTF,Gỗ Trường Thành (TTF) tiếp tục chi tiền mua gần 17% vốn một công ty gỗ và ván ép,"Trước đó vào tháng 11/2021, TTF cũng đã quyết định đầu tư gần 5,4 triệu USD (tương đương 124 tỷ đồng) để nắm 20% vốn Công ty Natuzzi Singapore PTE. Ltd (trụ sở đặt tại Singapore). Theo TTF, mục đích đầu tư là nhằm xây dựng thương hiệu và mở rộng sự hiện diện của các sản phẩm nội thất sản xuất tại Việt Nam ra thế giới.",2022-04-04 21:24:00,2022-04-05,16.0,16.5,16.0,16.1,7269900.0
101,VIC,"Phiên 5/4: Khối ngoại trở lại bán ròng gần 280 tỷ đồng trên HoSE, tâm điểm bán bộ đôi VHM, VIC","Khối ngoại có phiên bán ròng với giá trị hơn 270 tỷ đồng trên toàn thị trường, tiếp tục bán ròng trên HOSE và HNX trong khi mua ròng tại UPCoM; lực bán tập trung vào VHM, VIC, HPG, KDH, GMD...",2022-04-05 16:55:00,2022-04-06,40.25,41.15,39.75,40.25,5679100.0
1120,TTF,"SBT, TTF, OGC, PSG, HLT, VE2: Thông tin giao dịch lượng lớn cổ phiếu",Thông tin giao dịch lượng lớn cổ phiếu trên HNX/HSX.,2022-04-07 05:21:00,2022-04-07,15.0,15.5,14.85,14.85,6559800.0
1119,TTF,Thành viên nhóm Đồng Tâm liên tục bán ra lượng lớn cổ phiếu Gỗ Trường Thành (TTF),Cổ phiếu TTF đang trong nhịp điều chỉnh sau khi đạt đỉnh hồi cuối tháng 3 và đã giảm 7% từ đỉnh nhưng vẫn còn cao hơn 30% so với thời điểm cuối tháng 1/2022.,2022-04-07 10:35:00,2022-04-07,15.0,15.5,14.85,14.85,6559800.0
100,VIC,Reti gọi vốn thành công từ Cyberagent và Vic Partners,RETI - Công ty phân phối bất động sản có ứng dụng công nghệ giúp số hóa quy trình mua bán bất động sản đã ký kết thoả thuận đầu tư vòng hạt giống (Seed round) bởi hai quỹ đầu tư hàng đầu tại Việt Nam là CyberAgent Capital và VIC Partners.,2022-04-15 15:30:00,2022-04-16,40.0,40.05,39.05,39.75,2984700.0
98,VIC,"Vingroup (VIC) đặt kế hoạch 2022 với doanh thu kỷ lục 140.000 tỷ đồng, lợi nhuận đạt 6.000 tỷ đồng","HĐQT Vingroup cho biết sẽ trình Đại hội cổ đông thông qua kế hoạch năm 2022 với doanh thu thuần là khoảng 140.000 tỷ đổng, tăng 11,4% so với thực hiện năm 2021. Kế hoạch lợi nhuận sau thuế là khoảng 6.000 tỷ đồng, trong khi năm 2021 VIC lỗ 7.558 tỷ đồng.",2022-04-20 10:48:00,2022-04-20,39.0,39.9,39.0,39.65,1713900.0
99,VIC,Vingroup (VIC) chốt ngày tổ chức họp ĐHĐCĐ thường niên năm 2022,Danh sách cổ đông tham dự đã được VIC chốt vào ngày 7/4.,2022-04-20 10:23:00,2022-04-20,39.0,39.9,39.0,39.65,1713900.0
683,HAG,"GEX, HAG, NLG, TDG, GEG, DDV, MIG, LCG, VDP: Thông tin giao dịch lượng lớn cổ phiếu",Thông tin giao dịch lượng lớn cổ phiếu trên HNX/HSX.,2022-04-26 00:04:00,2022-04-26,8.9,9.74,8.6,9.74,16597500.0
682,HAG,"Hoàng Anh Gia Lai (HAG) đạt doanh thu 800 tỷ đồng, lãi sau thuế 258 tỷ đồng trong quý 1/2022",CTCP Hoàng Anh Gia Lai (Mã CK: HAG) vừa công bố báo cáo tài chính quý 1/2022 với doanh thu và lợi nhuận được cải thiện đáng kể.,2022-04-26 22:34:00,2022-04-27,9.8,10.2,9.5,10.2,14344600.0
1118,TTF,"Đang lỗ luỹ kế 3.052 tỷ và bị nghi ngờ hoạt động liên tục, Chủ tịch Mai Hữu Tín vẫn tự tin: ""TTF đã qua điểm hòa vốn, từ bây giờ là giai đoạn tăng trưởng""","Chia sẻ với cổ đông tại Đại hội lần này, Chủ tịch là ông Mai Hữu Tín khẳng định: ""Công ty đã qua điểm hòa vốn, từ bây giờ là giai đoạn TTF tăng trưởng. Nếu không bị ảnh hưởng Covid-19 trong năm 2021 thì báo cáo kết quả hoạt động kinh doanh đã đẹp hơn rất nhiều"".",2022-04-27 10:08:00,2022-04-27,12.55,12.8,12.3,12.65,3668600.0
681,HAG,"Gia súc Lơ Pang, ông Nguyễn Văn Quý và 'game' phát hành riêng lẻ của HAG",CTCP Gia súc Lơ Pang do ông Nguyễn Văn Quý sáng lập. Mà danh sách nhà đầu tư mua cổ phiếu phát hành riêng lẻ do HAG mới công bố cũng có sự xuất hiện của nhà đầu tư tên Nguyễn Văn Quý…,2022-04-28 09:15:00,2022-04-28,10.2,10.45,10.0,10.05,8720800.0
97,VIC,Vingroup (VIC) lãi sau thuế 512 tỷ đồng trong quý 1/2022,"Nếu điều chỉnh cộng lại doanh thu từ các giao dịch bán lô lớn bất động sản được ghi nhận trong thu nhập tài chính, doanh thu thuần hợp nhất Vin Group sẽ đạt 25.145 tỷ đồng,",2022-04-29 12:11:00,2022-04-29,38.75,40.0,38.3,40.0,2148700.0
1117,TTF,"Lợi nhuận tăng mạnh quý 1/2022, Gỗ Trường Thành (TTF) vẫn lỗ lũy kế hơn 3.000 tỷ đồng","Quý 1/2022, TTF lãi ròng 19 tỷ đồng, khả quan hơn nhiều so với khoản lỗ hơn 39 tỷ đồng cùng kỳ trong đó lợi nhuận sau thuế thuộc về cổ đông công ty mẹ đạt 15 tỷ đồng.",2022-05-04 10:10:00,2022-05-04,12.75,12.85,12.35,12.5,3544300.0
1116,TTF,"Gỗ Trường Thành (TTF) giải trình lý do cổ phiếu bị cảnh báo, sẽ phát hành riêng lẻ và gia hạn thỏa thuận với Vingroup để khắc phục","Khoản tiền 1,032 tỷ đồng TTF đã nhận đặt cọc từ Vingroup theo thỏa thuận đặt cọc kèm theo cũng được gia hạn đến ngày trên. ""Vì vậy, tài sản ngắn hạn của TTF không còn vượt nợ phải trả ngắn hạn, khả năng thanh toán nghĩa vụ nợ của Công ty được đảm bảo"", TTF cho hay.",2022-05-04 16:16:00,2022-05-05,12.75,12.75,11.95,12.0,4617600.0
680,HAG,"Ái nữ nhà ""bầu"" Đức vừa mua thêm 1 triệu cổ phiếu HAG khi thị giá đã giảm 33% sau 4 tháng","Trước đó, bà Hoàng Anh từng để lại dấu ấn đầu tiên trên thị trường chứng khoán khi mua vào cổ phiếu HAG đúng “chân sóng”, lãi tới gần 78 tỷ đồng (3,4 triệu USD) chỉ sau 4 tháng.",2022-05-06 16:15:00,2022-05-07,9.3,9.39,8.75,8.75,16583400.0
1115,TTF,"Ông Mai Hữu Tín: TTF có được mô hình quản trị có thể ""xoay chuyển"" bất cứ doanh nghiệp gỗ nào đang gặp vấn đề, cái đó quan trọng hơn những con số tài chính!","Trong vòng năm năm nữa TTF có thể lớn gấp năm lần giai đoạn hiện nay về quy mô cũng như có mô hình quản trị tiên tiến để có thể ""xoay chuyển"" được bất kỳ đơn vị nào đang gặp vấn đề trong ngành đồ gỗ. Với tôi cái đó còn quan trọng hơn những thành quả tài chính. Đó mới là xương sống của việc thay đổi để chúng ta có thể nhân rộng ra, và cũng là cái Việt Nam cần nhất"", ông Mai Hữu Tín nói.",2022-05-12 21:40:00,2022-05-13,9.39,9.6,8.75,8.75,6246700.0
96,VIC,Vingroup (VIC) hoàn tất phát hành 525 triệu USD trái phiếu quốc tế để bổ sung vốn cho VinFast,"Như vậy Vingroup đã hoàn thành bước đầu trong kế hoạch huy động trái phiếu quốc tế với tổng giá trị tối đa dự kiến 1,5 tỷ USD.",2022-05-18 07:43:00,2022-05-18,39.0,39.0,38.0,39.0,2964900.0
95,VIC,"Tự doanh CTCK bán ròng hơn 620 tỷ đồng, bộ đôi VIC và VHM bị bán mạnh","Tự doanh CTCK đã bán ròng 13,7 triệu cổ phiếu, trị giá 624 tỷ đồng phiên ngày 18/5.",2022-05-18 20:35:00,2022-05-19,38.2,39.5,38.1,38.95,2650300.0
1114,TTF,"Gỗ Trường Thành bán ‘chui’ 12,6 triệu cổ phiếu TTF nhận từ ông Võ Trường Thành","Doanh nghiệp bán 12,6 triệu cổ phiếu nhận từ ông Võ Trường Thành từ tháng 8/2020 đến tháng 3/2021.",2022-06-11 08:55:00,2022-06-11,8.67,8.9,8.51,8.51,8537400.0
1113,TTF,Gỗ Trường Thành (TTF): Hoàn tất câu chuyện cũ qua giao dịch bồi thường của ông Võ Trường Thành,"""Việc bán số cổ phiếu khắc phục của gia đình ông Võ Trường Thành là động thái cần thiết, đồng thời điều này cũng hỗ trợ mang lại dòng tiền cho Công ty, từ đó hỗ trợ tình hình kinh doanh giúp tạo thêm giá trị cho cổ phiếu TTF trên thị trường, cho cổ đông. Riêng số cổ phiếu quỹ của Công ty là 15.815 cổ phiếu, TTF chưa có kế hoạch và sẽ không bán cổ phiếu quỹ ra thị trường trong thời gian tới"", TTF cho biết thêm.",2022-06-15 16:42:00,2022-06-16,7.9,7.93,7.6,7.6,2730300.0
1112,TTF,"Gỗ Trường Thành (TTF) chốt giá chào bán 41 triệu cổ phần là 11.000 đồng/cp, đối tượng duy nhất mua là Marina 2","Mức giá này hiện cao hơn 45% so với thị giá hiện nay. Chốt phiên ngày 7/7/2022, TTF kịch trần với 7.590 đồng/cp.",2022-07-07 21:01:00,2022-07-08,8.12,8.12,8.12,8.12,1116900.0
94,VIC,"VIC hồi phục ngoạn mục cuối phiên, VN-Index thu hẹp đà giảm xuống còn hơn 16 điểm","Gây bất ngờ nhất trong phiên hôm nay là nhóm cổ phiếu ""họ VinGroup"" khi đổi màu nhanh chóng mặt.",2022-07-11 16:24:00,2022-07-12,34.3,35.1,34.0,34.95,1212400.0
679,HAG,Erik Ten Hag chính thức lên tiếng về tương lai của Cristiano Ronaldo ở MU,"HLV Erik Ten Hag khẳng định ""Cristiano Ronaldo không phải để bán"" khi được hỏi về tương lai của siêu sao 37 tuổi ở cuộc họp báo trước trận giao hữu giữa MU và Liverpool tại Thái Lan.",2022-07-12 21:36:00,2022-07-13,10.6,11.2,10.6,11.0,22353200.0
93,VIC,"Thanh khoản sàn HoSE tiếp tục hạ nhiệt trong tháng 7/2022, câu lạc bộ vốn hoá 10 tỷ USD chỉ còn 3 đơn vị VIC, VHM và VCB","Thanh khoản thị trường cổ phiếu tháng ghi nhận giá trị và khối lượng giao dịch bình quân phiên lần lượt đạt trên 11.502 tỷ đồng và 492,90 triệu cổ phiếu, tương ứng giảm 20,84% về giá trị và 10% về khối lượng bình quân so với tháng 6.",2022-08-02 16:15:00,2022-08-03,32.9,33.2,32.55,33.0,1250700.0
92,VIC,"Có lãi sau nửa đầu năm, cổ phiếu VIC sắp được cấp margin?","Vingroup ghi nhận lãi sau thuế nửa đầu năm là 1.065 tỷ đồng, giảm 28,3% so với cùng kỳ.",2022-08-30 14:28:00,2022-08-30,31.8,32.05,31.6,31.8,868400.0
678,HAG,HLV Ten Hag xác nhận Ronaldo chính thức ở lại MU,HLV Ten Hag xác nhận Ronaldo sẽ chính thức ở lại MU ít nhất là đến trước khi thị trường chuyển nhượng mùa Đông sắp tới được mở cửa.,2022-09-02 00:03:00,2022-09-02,12.95,13.15,12.9,12.95,12128700.0
677,HAG,"HAG vào danh mục MVIS Vietnam Index, APH và CEO bị loại","HAG là cổ phiếu duy nhất được thêm vào danh mục chỉ số MVIS Vietnam Index trong kỳ cơ cấu quý III với tỷ trọng 0,64%.",2022-09-10 08:41:00,2022-09-10,12.6,12.9,12.6,12.8,13973700.0
1111,TTF,Gỗ Trường Thành (TTF) bị xử phạt vì công bố thông tin sai lệch số liệu báo cáo tài chính,"Đồng thời, UBCKNN buộc Gỗ Trường Thành thực hiện cải chính thông tin theo quy định.",2022-09-26 15:02:00,2022-09-27,7.05,7.08,6.94,6.98,612700.0
91,VIC,"HoSE cắt margin với 62 mã chứng khoán trong quý 4/2022, VIC không có tên trong danh sách",Đây chủ yếu là những cổ phiếu quen thuộc nằm trong diện bị cảnh báo; kiểm soát hoặc do doanh nghiệp có lợi nhuận của cổ đông công ty mẹ/LNST trên BCTC hợp nhất soát xét 6 tháng năm 2022 là số âm.,2022-10-04 18:20:00,2022-10-05,28.75,30.45,28.5,30.0,1328100.0
90,VIC,Vì sao tỷ phú Phạm Nhật Vượng có thể góp vốn bằng cổ phiếu VIC vào VMI?,"Ngoài việc quan tâm đến mô hình hoạt động của VMI JSC - Công ty cổ phần quản lý và đầu tư BĐS VMI thì dư luận cũng tò mò về việc tỷ phú Phạm Nhật Vượng góp vốn bằng cổ phiếu tương đương 90% cổ phần của VMI JSC. Trên thực tế, ngoài góp vốn bằng tiền VNĐ, pháp luật cho phép cổ đông được góp vốn bằng nhiều tài sản khác như quyền sử dụng đất,.. hay thậm chí cả tài sản vô hình như quyền sở hữu trí tuệ, bí quyết kỹ thuật...",2022-10-07 12:24:00,2022-10-07,30.25,30.35,29.15,30.1,2987900.0
676,HAG,Cổ phiếu HAG chuyển từ kiểm soát sang diện cảnh báo từ ngày 11/10,"Trên thị trường, trước áp lực giảm điểm chung, HAG giảm sàn và về mốc 10.750 đồng/cp (chốt phiên 7/10/2022).",2022-10-07 20:36:00,2022-10-08,10.15,11.4,10.15,11.1,29612300.0
675,HAG,"HAG ngược dòng tăng 4%, con gái ""bầu"" Đức hoàn tất mua vào 1 triệu cổ phiếu","Trong phiên hàng trăm cổ phiếu giảm giá 24/10, HAG bất ngờ tăng tốt, con gái ông Đoàn Nguyên Đức cũng đã tiến hành gom thêm cổ phần.",2022-10-24 20:55:00,2022-10-25,8.85,9.25,8.51,9.03,13651000.0
674,HAG,HAG – BAF: Bộ đôi Heo ăn chay  – Heo ăn chuối ngược dòng tăng giá trong phiên sàn la liệt,"Ghi nhận, HAG dừng ở mốc 8.830 đồng/cp, thanh khoản gần 21 triệu. Đáng chú ý, HAG trở thành tâm điểm khi được khối ngoại mua ròng hơn 3 triệu cổ phiếu.",2022-10-24 21:09:00,2022-10-25,8.85,9.25,8.51,9.03,13651000.0
673,HAG,"Doanh thu bán thịt heo tăng 200%, Hoàng Anh Gia Lai (HAG) báo lãi quý 3/2022 gấp 17 lần so với cùng kỳ","Lũy kế 9 tháng đầu năm, lợi nhuận sau thuế HAG đạt 892 tỷ đồng, gấp 30 lần so với cùng kỳ năm trước. Theo lộ trình đến năm 2023, Bapi Hoàng Anh Gia Lai sẽ phát triển 1.000 cửa hàng trên toàn quốc.",2022-10-26 19:07:00,2022-10-27,8.87,9.3,8.81,9.3,13131600.0
1110,TTF,"Ông Mai Hữu Tín tuyên bố “TTF đã qua điểm hoà vốn và bước vào tăng trưởng”, song lãi 9 tháng vẫn giảm 35%, chỉ đạt 10% chỉ tiêu 2022","Tại Đại hội năm 2022, ông Tín tiếp tục đưa ra kịch bản tươi sáng khi cho rằng Công ty đã qua điểm hòa vốn, từ bây giờ là giai đoạn TTF tăng trưởng. Nhiệm kỳ 2022-2027 sẽ là nhiệm kỳ tăng tốc của TTF.",2022-10-31 20:27:00,2022-11-01,4.26,4.5,4.26,4.36,674200.0
1109,TTF,"Tìm cơ hội trong thách thức, doanh thu TTF vượt 39% cùng kỳ","Bất ổn kinh tế thế giới đã mang đến nhiều hệ lụy cho các doanh nghiệp xuất khẩu đặc biệt là các doanh nghiệp sản xuất những mặt hàng có giá trị cao, không thiết yếu trong thời bão giá như gỗ, nội thất. Việc tìm kiếm cơ hội tồn tại, trở thành bài toán nan giải chung cho các doanh nghiệp trong ngành này.",2022-11-03 17:30:00,2022-11-04,4.58,4.58,4.35,4.36,770700.0
671,HAG,"Sau khi Bầu Đức lên tiếng về diễn biến cổ phiếu, mời cổ đông thực địa dự án, HAG bật trần giữa “biển sàn”","Để khẳng định về tình hình hoạt động sản xuất, kinh doanh thực tế và chứng minh sự tăng trưởng của công ty, bầu Đức mời các cổ đông sở hữu số lượng trên 500.000 cổ phiếu và đại diện các nhóm cổ đông nhỏ lẻ (tổng số cổ phiếu HAG là 500.000) tham gia hành trình tham quan các dự án của HAGL tại Việt Nam, Lào, Campuchia vào giữa tháng 12, dự kiến 40 người.",2022-11-16 10:49:00,2022-11-16,5.93,6.34,5.64,6.34,10988900.0
672,HAG,"Bầu Đức mời cổ đông nắm giữ hơn 500.000 cổ phiếu HAG tham quan các dự án của HAGL tại Việt Nam, Lào, Campuchia","Theo Chủ tịch HAGL, hoạt động này giúp khẳng định tình hình hoạt động sản xuất, kinh doanh thực tế và chứng minh sự tăng trưởng của công ty, giúp cổ đông và nhà đầu tư có thể đưa ra các quyết định phù hợp yên tâm với các cổ đông đầu tư dài hạn.",2022-11-16 08:59:00,2022-11-16,5.93,6.34,5.64,6.34,10988900.0
89,VIC,"Tỷ phú Phạm Nhật Vượng đã chuyển nhượng hơn 243 triệu cổ phiếu VIC cho VMI, Vingroup có cổ đông lớn mới","Sau giao dịch, VMI JSC trở thành cổ đông lớn của Vingroup, chiếm 6,29% vốn điều lệ tập đoàn.",2022-11-18 19:43:00,2022-11-19,33.0,33.35,31.8,32.0,1198200.0
1108,TTF,"Mua thêm gần 31 triệu cổ phiếu TTF, một cá nhân trở thành cổ đông lớn của Gỗ Trường Thành",Động thái gom mạnh cổ phiếu của bà Đinh Thị Kim Dung diễn ra trong bối cảnh thị giá TTF đang có quãng hồi phục khá tốt từ đáy.,2022-12-21 00:07:00,2022-12-21,4.4,4.42,4.05,4.25,1613900.0
1107,TTF,"Lần đầu muốn trực tiếp nắm giữ cổ phiếu Gỗ Trường Thành (TTF), Chủ tịch Mai Hữu Tín lại chỉ mua một nửa số lượng đăng ký","Thị giá TTF đang dừng ở mức 4.250 đồng/cổ phiếu, tăng 37% so với thời điểm giữa tháng 11 nhưng vẫn thấp hơn 75% so với đỉnh hồi cuối tháng 3.",2022-12-23 14:46:00,2022-12-23,4.3,4.35,4.23,4.32,769800.0
1106,TTF,"Đà giảm sàn khốc liệt nhất TTCK: Apax của Shark Thuỷ vượt TTF đứng top 3 sau 25 phiên liên tiếp, kỷ lục 34 phiên liệu có bị phá?","Trong lịch sử, thị trường chứng khoán từng chứng khiến nhiều chuỗi giảm sàn kinh hoàng, có cổ phiếu giảm hơn 30 phiên.",2022-12-28 07:33:00,2022-12-28,4.23,4.26,4.16,4.16,814800.0
670,HAG,Đằng sau việc Hoàng Anh Gia Lai (HAG) chưa thể trả nợ đúng hạn,"So với kế hoạch ban đầu là thu hồi 1.400 tỷ đồng từ HNG, thực tế chỉ mới thu ròng đợt đầu tiên hơn 600 tỷ, HAG do đó phải chậm trả ngân hàng theo như dự tính, thoả thuận trước đó.",2023-01-04 00:16:00,2023-01-04,9.5,9.58,9.02,9.02,24038800.0
1105,TTF,Một cá nhân bất ngờ “cắt lỗ” gần 31 triệu cổ phiếu Gỗ Trường Thành (TTF) với giá chưa bằng một nửa tiền gốc,"Sau giao dịch, ông Minh còn nắm 2,33% vốn TTF và không còn là cổ đông lớn tại Gỗ Trường Thành.",2023-01-05 17:51:00,2023-01-06,4.36,4.4,4.22,4.3,1363100.0
669,HAG,Hoàng Anh Gia Lai (HAG) được UBCKNN chấp thuận hồ sơ phát hành riêng lẻ gần 162 triệu cổ phiếu,"Cụ thể, HAGL sẽ chào bán gần 162 triệu cổ phiếu, giá bán 10.500 đồng/cp, danh sách nhà đầu tư tham gia gồm 2 tổ chức, 7 cá nhân trong đó có 5 cá nhân là cổ đông của HAGL.",2023-01-18 22:08:00,2023-01-19,9.7,9.8,9.56,9.63,16210100.0
88,VIC,"Doanh thu đạt kỷ lục hơn 41.000 tỷ đồng, Vingroup (VIC) báo lãi trước thuế quý 4 gần 4.000 tỷ đồng","Lũy kế cả năm 2022, VIC ghi nhận doanh thu thuần đạt 101.523 tỷ đồng, giảm 19% và lãi ròng 8.352 tỷ đồng, trái ngược với kết quả lỗ 2.514 tỷ đồng trong năm 2021.",2023-01-31 07:00:00,2023-01-31,29.05,29.25,28.25,28.55,1377800.0
1104,TTF,"Giảm lỗ trong quý 4, Gỗ Trường Thành (TTF) báo lãi ròng 11 tỷ đồng cả năm","Tính đến cuối năm 2022, TTF vẫn ghi nhận khoản lỗ lũy kế 3.042 tỷ đồng.",2023-02-01 15:36:00,2023-02-02,4.58,4.65,4.48,4.48,1776300.0
668,HAG,"HAGL: Em trai bầu Đức bán hết cổ phiếu HAG ở vùng giá thấp, dự thu gần 4 tỷ đồng","Thời gian dự kiến từ ngày 22/3-20/4/2023, mục đích nhằm cân đối tài chính cá nhân. Phương thức giao dịch dự kiến thông qua thoả thuận hoặc khớp lệnh trên sàn.",2023-03-17 21:13:00,2023-03-18,7.5,7.54,7.33,7.33,7717800.0
87,VIC,"Ông Phạm Nhật Vượng hoàn tất chuyển 50,8 triệu cổ phiếu VIC cho GSM, Vingroup có thêm cổ đông tổ chức mới","Sau giao dịch, ông Phạm Nhật Vượng hiện còn nắm giữ 691,27 triệu cổ phiếu VIC (tương đương 17,87% vốn điều lệ Vingroup) và Công ty GSM sở hữu 1,31% vốn điều lệ Vingroup.",2023-03-25 10:07:00,2023-03-25,26.65,26.9,26.4,26.65,702000.0
1103,TTF,Gỗ Trường Thành (TTF) chuyển từ lãi sang lỗ sau kiểm toán,"Lợi nhuận sau thuế năm 2022 của Gỗ Trường Thành giảm 7,25 tỷ đồng sau kiểm toán, qua đó chuyển từ lãi 6,02 tỷ đồng trên báo cáo tự lập sang lỗ 1,23 tỷ đồng.",2023-04-04 10:22:00,2023-04-04,4.1,4.19,4.06,4.18,3928400.0
667,HAG,"HoSE cắt margin với 74 mã chứng khoán trong quý 2/2023, NKG, HVN, HAG, LHG, PVD, ITA,... đều có trong danh sách",Lượng cổ phiếu không đủ điều kiện giao dịch ký quỹ trong quý 2 tăng thêm 9 mã so với danh sách công bố hồi đầu quý 1.,2023-04-05 09:49:00,2023-04-05,7.71,7.71,7.54,7.56,8737100.0
1102,TTF,"Gỗ Trường Thành (TTF) đặt mục tiêu lợi nhuận 2023 tăng mạnh, chuẩn bị đổi tên công ty","Doanh nghiệp đặt mục tiêu lợi nhuận sau thuế của công ty mẹ là 54 tỷ đồng, tăng 15,8 lần so với mức thực hiện trong năm 2022.",2023-04-07 00:20:00,2023-04-07,4.29,4.35,4.22,4.22,3735000.0
666,HAG,"Hoàng Anh Gia Lai (HAG): Nhà đầu tư từ chối mua, 162 triệu cổ phiếu phát hành riêng lẻ bất thành","Với việc không huy động được tiền theo phương án trên, HAG cho biết sẽ chỉ duy trì quy mô hiện tại.",2023-04-19 07:58:00,2023-04-19,8.0,8.19,7.91,8.15,16247800.0
665,HAG,"Giá heo hồi phục diện rộng, DN chăn nuôi HAG, DBC, BAF chưa ""hồi sức"" nhưng cổ phiếu đã rục rịch chạy","Nương theo giá heo, cổ phiếu HAG của Hoàng Anh Gia Lai, DBC của Dabaco và BAF của Nông nghiệp BaF có hồi phục nhẹ. Dù vậy, đà tăng vẫn chưa rõ ràng.",2023-04-20 06:55:00,2023-04-20,8.2,8.26,8.03,8.07,8671800.0
664,HAG,"Sau khi chào bán riêng lẻ ""bất thành"", Hoàng Anh Gia Lai (HAG) muốn phát hành 20 triệu cổ phiếu ESOP ngang thị giá","HAGL có kế hoạch phát hành 20 triệu cổ phiếu ESOP (tỷ lệ 2,16%), giá phát hành 7.500 đồng/cp, không khác nhiều với thị giá hiện nay.",2023-04-25 15:21:00,2023-04-26,7.69,7.7,7.45,7.59,8971500.0
86,VIC,"Cổ phiếu VIC bật tăng 6%, vốn hóa Vingroup tăng thêm 500 triệu USD sau thông tin về thương vụ sáp nhập với SPAC của VinFast","VinFast Auto Pte. Ltd. và Black Spade Acquisition Co (“Black Spade”) (NYSE: BSAQ) đã thỏa thuận sáp nhập doanh nghiệp. Sau giao dịch, VinFast có mức định giá hơn 23 tỷ USD và tiếp tục kế hoạch niêm yết trên sàn giao dịch chứng khoán Mỹ.",2023-05-15 10:36:00,2023-05-15,27.45,27.45,27.0,27.2,4520000.0
663,HAG,Bầu Đức được trả 20 triệu/tháng cho vị trí chủ tịch Hoàng Anh Gia Lai (HAG),"Theo báo cáo tài chính hợp nhất đã kiểm toán năm 2022, trong năm vừa rồi, Bầu Đức nhận mức thu nhập 2,57 tỷ đồng. Ngoài ra, ông Đức còn nhận khoản 58,5 triệu đồng thu nhập tại các công ty con thuộc tập đoàn.",2023-05-14 18:34:00,2023-05-15,8.06,8.13,7.65,7.65,24596500.0
85,VIC,"Ông Phạm Nhật Vượng: “Giá VIC rất thấp so với giá trị thực, anh chỉ mất khi anh bán, chưa bán thì chưa mất gì cả”","Ông Vượng cũng nói thêm: “Có thể do tin đồn, thị trường chung khó khăn làm nhà đầu tư cảm thấy không vui và tháo chạy còn tôi không thấy lý do để bán cổ phiếu”.",2023-05-17 11:38:00,2023-05-17,26.45,26.9,26.25,26.6,2168200.0
662,HAG,"HoSE cắt margin với 76 mã chứng khoán trong quý 3/2023: PVD, NVL, HBC, IBC, HSG, POM, NKG, HAG, ITA,...đều có trong danh sách",Nhà đầu tư sẽ không được sử dụng hạn mức tín dụng (đòn bẩy tài chính-margin) do công ty chứng khoán môi giới cấp để mua 76 mã cổ phiếu này.,2023-07-05 09:45:00,2023-07-05,8.48,8.48,8.25,8.27,13820800.0
84,VIC,Vingroup (VIC) thành lập công ty con Vinpearl Cửa Hội kinh doanh khách sạn - du lịch với vốn điều lệ hơn 1.200 tỷ đồng,"Công ty mới dự kiến thành lập có tên gọi Công ty cổ phần Vinpearl Cửa Hội được tách ra từ Công ty cổ phần Vinpearl, có địa chỉ trụ sở tại thị xã Cửa Lò, tỉnh Nghệ An.",2023-07-19 16:09:00,2023-07-20,26.05,26.3,25.8,26.0,1893800.0
661,HAG,"Câu chuyện riêng của bộ 3 doanh nghiệp HHV, HAG và VGC vừa ""lọt"" VN100",Ngày 4/8/2023 sẽ là ngày cuối cùng các ETF hoàn thiện cơ cấu theo danh mục mới.,2023-07-25 13:51:00,2023-07-25,8.82,8.87,8.6,8.67,12692700.0
83,VIC,"Top 10 cổ phiếu tăng/giảm mạnh nhất tuần: VIC toả sáng, một cổ phiếu gạo tăng gấp gần 4 lần sau nửa tháng","Tâm điểm thị trường dồn về nhóm cổ phiếu BĐS khi đồng loạt ""bốc đầu"" với mức tăng vượt trội, trong đó nổi bật nhất là VIC với mức tăng 21%.",2023-08-06 02:04:00,2023-08-06,31.75,32.15,31.2,31.95,8090300.0
82,VIC,"Tuần 7-11/8: Khối ngoại bất ngờ chi gần nghìn tỷ mua ròng một cổ phiếu ngân hàng, HPG và VIC cũng được ""gom"" mạnh","Dù tổng giá trị giao dịch vẫn ghi nhận mua ròng 27 tỷ đồng, song chủ yếu nhờ giao dịch thoả thuận đột biến trên sàn UPCoM.",2023-08-12 07:35:00,2023-08-12,37.45,37.7,35.75,36.65,12704000.0
81,VIC,"Top 10 cổ phiếu tăng/giảm mạnh nhất tuần: Hàng loạt cổ phiếu bứt phá mạnh, vốn hoá VIC tăng thêm 40.000 tỷ đồng sau một tuần","Trên sàn HOSE,  top 10 cổ phiếu tăng mạnh nhất có mức tăng khá tốt, cao nhất là 40% và thấp nhất là 13%.",2023-08-13 00:04:00,2023-08-13,37.45,37.7,35.75,36.65,12704000.0
80,VIC,"Phiên 15/8: Khối ngoại tiếp đà bán ròng mạnh tay hơn 560 tỷ đồng, tập trung VIC, VPB","Trên HOSE, khối ngoại bán ròng với giá trị khoảng 540 tỷ đồng.",2023-08-15 15:38:00,2023-08-16,37.8,37.8,37.7,37.8,19414900.0
79,VIC,"Cổ phiếu VIC tăng kịch trần sau phiên chào sàn bùng nổ của VinFast trên Nasdaq, vốn hóa Vingroup chỉ ngang 1/7 vốn hóa hãng xe điện","Vốn hóa thị trường của Vingroup hiện đạt tới tỷ 288.330 tỷ đồng (~ 12 tỷ USD), chỉ tương ứng 1/3 giá trị phần vốn góp tại VinFast và 1/7 vốn hóa của công ty xe điện.",2023-08-16 09:48:00,2023-08-16,37.8,37.8,37.7,37.8,19414900.0
78,VIC,"Khối ngoại bán ròng trong phiên VN-Index tăng 9 điểm, ngược dòng ""gom"" mạnh VIC",Giao dịch khối ngoại giao dịch ảm đạm khi họ bán ròng 70 tỷ đồng trên toàn thị trường.,2023-08-16 15:27:00,2023-08-17,37.8,38.3,35.95,35.95,22232600.0
77,VIC,"Khối ngoại mua ròng trong phiên VN-Index giảm gần 10 điểm, gom mạnh VIC, CTG","Trên toàn thị trường, nhóm NĐT nước ngoài mua ròng hơn 50 tỷ đồng.",2023-08-17 15:37:00,2023-08-18,34.55,35.0,33.45,33.45,26621900.0
660,HAG,"Bầu Đức: Đi thăm vườn sầu riêng sướng hơn đi đánh golf, tặng 1 thùng sầu riêng cho cổ đông sở hữu 200.000 cổ phiếu HAG trở lên","""Có thể nói, giá trị lớn nhất trong tương lai của HAGL là sầu riêng”, bầu Đức khẳng định.",2023-08-21 20:02:00,2023-08-22,8.67,8.99,8.21,8.99,19217100.0
76,VIC,Vingroup (VIC) chi hơn 297 tỷ đồng để sở hữu 5% vốn điều lệ của GSM,"Sau 4 tháng ra mắt taxi điện, ngày 14/8/2023, dịch vụ vận chuyển hành khách bằng xe máy điện VinFast của Công ty GSM - Xanh SM Bike đã chính thức đi vào hoạt động tại địa bàn đầu tiên là Hà Nội.",2023-08-25 20:26:00,2023-08-26,32.5,33.35,32.25,32.35,16715600.0
659,HAG,Công ty con của HAGL (HAG) lãi đột biến 540 tỷ đồng trong nửa đầu năm 2023 sau nhiều năm thua lỗ liên tiếp,"Tổng tài sản của Hưng Thắng Lợi Gia Lai tại thời điểm 30/6 đạt khoảng 5.278 tỷ đồng, tăng 4% so với đầu năm.",2023-09-07 07:03:00,2023-09-07,9.2,9.39,9.18,9.23,23667700.0
75,VIC,"Nhóm tỷ USD của HOSE tăng mạnh, nhưng VIC không phải cổ phiếu tăng mạnh nhất","Sự kiện VinFast niêm yết trên NASDAQ đã khuấy động thị trường, giúp cho cổ phiếu VIC của Tập đoàn Vingroup có thời điểm vươn lên vị trí thứ 2 về vốn hóa. Sau khi hạ nhiệt, nhiều cổ phiếu trong nhóm tỷ USD của HOSE lại có mức tăng tốt hơn trong tháng 8.",2023-09-10 08:31:00,2023-09-10,30.05,30.7,29.55,29.55,16362000.0
74,VIC,"Khối ngoại bán ròng mạnh tay gần 500 tỷ đồng trong phiên đầu tuần, tập trung bộ đôi VIC, VRE","Trên HOSE, khối ngoại bán ròng với giá trị xấp xỉ 477 tỷ đồng, VIC chịu áp lực bán mạnh nhất của khối ngoại với giá trị 136 tỷ đồng; theo sau VRE, SSI, VPB và VHM bị bán ròng trên 40 tỷ đồng mỗi cổ phiếu.",2023-09-18 15:39:00,2023-09-19,26.75,26.95,25.75,25.85,12789300.0
73,VIC,"Sau khi chi hàng tỷ đô mua VIC, MSN, OIL và tìm hiểu ngành bán dẫn, chaebol Hàn Quốc đổ 500 triệu USD xây nhà máy vật liệu phân hủy sinh học tại Hải Phòng",Giai đoạn 1 của dự án dự kiến khởi công vào cuối năm nay và hoàn thành trong vòng 9 tháng.,2023-09-23 07:39:00,2023-09-23,25.05,25.2,23.25,23.25,16835400.0
72,VIC,"Cổ phiếu VIC về dưới 50.000 đồng, vốn hóa của Vingroup giảm 4,6 tỷ USD sau hơn 1 tháng",Cổ phiếu VIC giảm sàn trong phiên VN-Index giảm gần 40 điểm.,2023-09-25 15:15:00,2023-09-26,23.0,23.38,22.28,22.5,15113400.0
71,VIC,"Cổ phiếu ""họ"" Vingroup đồng loạt bứt phá mạnh, VIC chạm trần trong ngày ra mắt mẫu xe điện VinFast VF 6","Chỉ tính từ thời điểm giữa tháng 8 tới trước phiên hôm nay, VIC mất gần 41% xuống mức giá thấp nhất 6 năm, VHM giảm 29% và VRE giảm hơn 19%.",2023-09-29 10:55:00,2023-09-29,22.6,24.08,22.58,23.42,13568000.0
658,HAG,"HoSE cắt margin với 86 mã chứng khoán trong quý 4/2023: NVL, FRT, HBC, HSG, HPX, SMC, HAG, IBC, POM, ITA,... đều có trong danh sách",Nhà đầu tư sẽ không được sử dụng hạn mức tín dụng (đòn bẩy tài chính-margin) do công ty chứng khoán môi giới cấp để mua 86 mã cổ phiếu này.,2023-10-04 13:09:00,2023-10-04,7.5,7.76,7.48,7.72,6528300.0
657,HAG,"Hoàng Anh Gia Lai bắt tay với LPBank, cổ phiếu HAG “ngược dòng” tăng gần hết biên độ",Đây là lần biến động giá mạnh hiếm hoi của cổ phiếu HAG trong nhiều tháng qua.,2023-10-23 15:44:00,2023-10-24,8.71,8.88,8.64,8.72,7567700.0
70,VIC,"Cách đây ít tháng ông Phạm Nhật Vượng đã khẳng định “Giá VIC rất thấp so với giá trị thực, anh chỉ mất khi anh bán""","Theo ông Phạm Nhật Vượng, Vingroup đang là chủ của một loạt các doanh nghiệp lớn tại Việt Nam vì vậy sẽ tiếp tục tăng trưởng.",2023-10-27 07:45:00,2023-10-27,20.82,20.9,19.35,20.8,13998100.0
69,VIC,"Tuần 23-27/10: Khối ngoại quay đầu bán ròng hơn 1.300 tỷ đồng, ""xả"" mạnh MWG, VIC","Trong bối cảnh thị trường điều chỉnh, khối ngoại trở thành điểm trừ khi trở lại bán ròng mạnh. Lực bán tăng dần về cuối tuần.",2023-10-28 08:30:00,2023-10-28,20.65,20.78,19.88,20.75,6062800.0
68,VIC,"Fubon ETF mua gần 300 tỷ đồng cổ phiếu Việt Nam trong tuần thị trường giảm sâu, gom loạt mã HPG, VIC, VHM","Tính chung từ phiên 19/9 tới hết phiên 27/10, lượng vốn Fubon FTSE Vietnam ETF huy động ròng lên tới 45 triệu USD, tương ứng giải ngân khoảng 1.100 tỷ đồng.",2023-10-30 00:05:00,2023-10-30,20.65,20.78,19.88,20.75,6062800.0
656,HAG,"Mặc thành tích khiến nhiều fan hâm mộ thất vọng, MU năm thứ 2 liên tiếp thu về ""núi tiền"" dưới triều đại Erik Ten Hag",Doanh số bán đồ thi đấu của Quỷ Đỏ tăng vẫn tăng trong năm 2023 mặc cho các màn trình diễn trên sân cỏ đầy thất vọng và sự ra đi của Cristiano Ronaldo.,2023-11-05 15:11:00,2023-11-06,8.22,8.35,8.19,8.3,7040000.0
67,VIC,"VinFast bật tăng 36% sau một tuần, cổ phiếu VIC, VHM, VRE đồng loạt khởi sắc sau cuộc gặp của tỷ phú Phạm Nhật Vượng với tỷ phú Ấn Độ","Cổ phiếu VFS của VinFast đã tăng 17,7% sau khi kết thúc phiên 8/11 tại Mỹ - mức tăng mạnh nhất kể từ cuối tháng 8.",2023-11-09 10:59:00,2023-11-09,22.0,22.85,22.0,22.7,7308000.0
655,HAG,"HAGL công bố thông tin tích cực về nguồn tiền mới, cổ phiếu tăng sát trần trong phiên 24/11, HAG lần đầu vượt mốc 10.000 đồng sau hơn một năm",Cổ phiếu HAG cũng đã tăng gần 39% sau 2 tháng.,2023-11-24 15:42:00,2023-11-25,10.4,10.9,10.3,10.6,36444700.0
654,HAG,"HAGL vừa trả thêm 200 tỷ đồng nợ trái phiếu, cổ phiếu HAG tăng gần 50% sau hai tháng","Theo thông tin từ HNX, số tiền gốc trái phiếu chậm thanh toán luỹ kế tính tới ngày 30/9 của HAGL là 1.157 tỷ đồng và tiền lãi chậm trả là 2.871 tỷ đồng.",2023-11-29 12:08:00,2023-11-29,10.95,11.35,10.85,11.25,38113500.0
653,HAG,"Nhà đầu tư chi hơn 500 tỷ đồng mua cổ phiếu HAG: Tưởng lạ mà quen, sở hữu quỹ đất ""khủng"", lợi nhuận gần 300 tỷ năm 2022","Cú ""quay xe"" của Hoàng Anh Gia Lai lần này mới nhưng không bất ngờ!",2023-11-30 09:55:00,2023-11-30,11.35,11.35,10.9,11.15,26064600.0
652,HAG,"Cổ phiếu HAG tăng nóng, HAGL bất ngờ hoãn lịch gặp gỡ nhà đầu tư",Cổ phiếu HAG đã tăng 57% kể từ đầu tháng 11 và hiện đang giao dịch quanh mức cao nhất trong vòng 14 tháng.,2023-12-06 18:44:00,2023-12-07,12.75,12.8,11.75,12.4,38359000.0
66,VIC,"Quỹ ETF quy mô 560 triệu USD thêm mới duy nhất CEO, dự kiến mua mạnh VIC, VNM, VHM","Ngoài CEO được thêm mới và VIC, VNM, VHM,… dự kiến sẽ mua mạnh, đa phần cổ phiếu trong danh mục của VNM ETF đều sẽ bị giảm tỷ trọng sau kỳ cơ cấu quý 4.",2023-12-09 05:46:00,2023-12-09,21.62,22.18,21.62,22.02,5292200.0
651,HAG,"“Bầu” Đức sợ không ai thâu tóm HAGL, cổ phiếu HAG giảm kịch sàn “trắng bên mua”",Cổ phiếu HAG quay đầu giảm 4 phiên liên tiếp sau giai đoạn liên tục tăng nóng lên đỉnh 15 tháng.,2023-12-19 10:55:00,2023-12-19,13.15,13.2,12.4,12.4,22273900.0
650,HAG,"Cổ phiếu HAG giảm mạnh sau nhịp tăng nóng, con gái “bầu” Đức muốn tranh thủ gom thêm","Tạm tính theo mức thị giá HAG hiện tại, con gái bầu Đức sẽ phải chi ra hơn 12 tỷ nếu muốn mua đủ số cổ phiếu đăng ký.",2023-12-20 14:18:00,2023-12-20,11.8,12.6,11.8,12.5,27775300.0
65,VIC,"Một cá nhân chi hơn 70 tỷ đồng mua 8,2 triệu cổ phiếu EVS, con trai ông Phạm Nhật Vượng lần đầu mua cổ phiếu VIC","Ông Nguyễn Hồng Tuấn - một nhà đầu tư cá nhân vừa thông báo đã mua 8,2 triệu cổ phiếu EVS (tỷ lệ 4,98%) của Công ty CP Chứng khoán Everest trong phiên ngày 13/12. Con trai ông Phạm Nhật Vượng thông báo lần đầu đăng ký mua 150.000 cổ phiếu VIC",2023-12-24 12:13:00,2023-12-24,21.55,21.78,21.5,21.7,1977500.0
649,HAG,"Bầu Đức khẳng định không có đội lái nào lái nổi HAGL: ""Ai còn giữ cổ phiếu HAG thì nên cám ơn tôi""","""Nhà đầu tư chơi có lúc thắng lúc thua nhưng lỡ thua thì chửi tôi dữ lắm"" - Ông Đức tâm sự.",2023-12-24 09:11:00,2023-12-24,13.85,14.05,13.55,13.75,22415200.0
64,VIC,Đất Xanh Miền Bắc phân phối căn hộ cao cấp VIC Grand Square Việt Trì,"Thông qua quan hệ hợp tác chiến lược giữa hai đơn vị uy tín trên thị trường là chủ đầu tư VIC Group và đơn vị phân phối Đất Xanh Miền Bắc, tháp căn hộ chuẩn 5 sao VIC Grand Square hứa hẹn có màn chào sân ấn tượng thời gian tới.",2023-12-28 11:00:00,2023-12-28,21.8,22.3,21.8,22.22,4070700.0
63,VIC,"Sau khi chi hàng tỷ đô mua VIC, MSN, OIL..., chaebol Hàn Quốc muốn nâng sở hữu tại một công ty dược Việt Nam lên 65% mà không cần chào mua công khai",Chaebol lớn thứ ba Hàn Quốc đã đầu tư hàng nghìn tỷ đồng vào Imexpharm kể từ tháng 5/2020.,2023-12-30 09:42:00,2023-12-30,22.48,22.48,22.0,22.0,2281300.0
648,HAG,"87 mã chứng khoán bị HoSE cắt margin quý 1/2024: HAG, HNG, HVN cùng hàng loạt cổ phiếu “hot” góp mặt","Nguyên nhân cổ phiếu bị cắt margin chủ yếu là do thời gian niêm yết dưới 6 tháng, chứng khoán thuộc diện cảnh báo/kiểm soát/hạn chế/đình chỉ giao dịch, lợi nhuận trên BCTC kiểm toán bán niên 2023 là số âm.",2024-01-04 05:29:00,2024-01-04,13.6,13.7,13.15,13.3,15857000.0
647,HAG,Con gái bầu Đức mua thêm 1 triệu cổ phiếu HAG,"Bà Đoàn Hoàng Anh – con gái ông Đoàn Nguyên Đức (bầu Đức) - hiện sở hữu 11 triệu cổ phiếu HAG, chiếm tỉ lệ 1,19% vốn điều lệ Công ty CP Hoàng Anh Gia Lai.",2024-01-20 21:10:00,2024-01-21,13.7,14.3,13.5,14.0,11383400.0
646,HAG,Con gái bầu Đức muốn bán hàng triệu cổ phiếu HAG khi cổ phiếu vừa lên đỉnh 2 năm,"Chỉ trước đó hơn một tuần, bà Hoàng Anh vừa mua vào 1 triệu cổ phiếu HAG, ước tính số tiền chi ra khoảng 14 tỷ.",2024-02-01 09:38:00,2024-02-01,14.1,14.5,14.0,14.35,6757100.0
645,HAG,So kè lợi nhuận ‘heo ăn chuối’ (HAG) và ‘heo ăn chay’ (BAF),"Kết thúc năm 2023, “heo ăn chuối” của HAG đem về 1.963,7 tỷ đồng (chiếm 28,3% tổng doanh thu) và tăng trưởng 15,7%; “heo ăn chay” của BAF đem về 1.257,6 tỷ đồng, chiếm 24% tổng doanh thu và giảm 8,4% so với năm trước.",2024-02-14 16:23:00,2024-02-15,13.55,13.75,13.15,13.45,13827300.0
62,VIC,"VinFast có động thái đầu tiên tại thị trường Indonesia, cổ phiếu VIC bất ngờ tăng mạnh đẩy vốn hóa Vingroup vượt Hòa Phát","Cổ phiếu VIC đã tăng 5 phiên liên tiếp lên mức 44.000 đồng/cp, tương ứng vốn hóa thị trường của Vingroup hơn 168.000 tỷ đồng (~ 7 tỷ USD), vượt qua Hòa Phát trong danh sách các doanh nghiệp niêm yết giá trị nhất sàn chứng khoán.",2024-02-16 15:11:00,2024-02-17,22.15,23.5,22.15,23.5,16636900.0
61,VIC,"Ngày Vía Thần Tài rực rỡ của tỷ phú Phạm Nhật Vượng: Tam tấu VIC-VHM-VRE cùng ""tím lịm"", kéo tổng vốn hóa tăng hơn 1 tỷ USD","Trong phiên giao dịch chứng khoán ngày 19/2 (ngày Vía Thần Tài 2024), VN-Index tăng điểm nhờ lực kéo từ các cổ phiếu thuộc ""họ Vingroup"".",2024-02-19 13:58:00,2024-02-19,22.15,23.5,22.15,23.5,16636900.0
60,VIC,"Tài sản ông Phạm Nhật Vượng tăng hơn 10.000 tỷ trong 3 ngày, lời của tỷ phú lại ứng nghiệm ""Giá VIC rất thấp so với giá trị thực, anh chỉ mất khi anh bán, chưa bán thì chưa mất gì cả""","Trong vòng 3 ngày, vốn hóa của VIC tăng thêm gần 17.600 tỷ, VHM tăng thêm 16.300 tỷ, VRE tăng 5.000 tỷ.",2024-02-20 10:32:00,2024-02-20,24.0,24.68,23.95,24.25,8974900.0
644,HAG,Lần đầu tiên Hoàng Anh Gia Lai tiết lộ lý do 2 lần Quỹ Việt Cát lỡ hẹn với cổ phiếu HAG,"Mới đây, Công ty CP Hoàng Anh Gia Lai công bố thông tin về việc đã nhận được Quyết định số 154/QĐ-XPHC của Ủy ban Chứng khoán Nhà nước về việc xử phạt vi phạm hành chính đề ngày 6/02/2024. Trong đó, UBCKNN yêu cầu công ty cải chính thông tin liên quan đến nhà đầu tư dự kiến mua cổ phiếu chào bán riêng lẻ của HAG là công ty cổ phần quản lý quỹ Việt Cát.",2024-02-21 15:34:00,2024-02-22,12.7,13.1,12.6,12.6,12957100.0
643,HAG,Cổ phiếu HAG có thể lọt rổ FTSE Vietnam ETF trong kỳ cơ cấu tháng 3,Chứng khoán Yuanta dự báo rổ chỉ số FTSE Vietnam Index sẽ thêm mới cổ phiếu HAG và không loại cổ phiếu nào. Danh mục VNM ETF dự báo không có thay đổi.,2024-02-28 06:59:00,2024-02-28,12.8,12.85,12.5,12.55,8031400.0
59,VIC,VIC Grand Square Phú Thọ: Vị trí kiến tạo giá trị đa chiều,"Sở hữu vị trí trên quỹ đất quý giữa trung tâm thành phố Việt Trì, VIC Grand Square nổi lên như một biểu tượng tự hào của “đất tổ” Phú Thọ, kiến tạo những giá trị sống & đầu tư khác biệt cho chủ nhân danh giá.",2024-03-12 17:30:00,2024-03-13,22.12,22.5,22.05,22.5,2238600.0
642,HAG,Con gái Chủ tịch HAGL Đoàn Nguyên Đức mua vào 2 triệu cổ phiếu HAG,"Vừa qua, bà Đoàn Hoàng Anh- con gái Chủ tịch HĐQT Đoàn Nguyên Đức đã đăng ký mua khớp lệnh 2 triệu cổ phiếu HAG. Giao dịch giá trị khoảng 20 tỷ đồng tính theo phiên .",2024-05-10 14:25:00,2024-05-10,13.5,13.7,13.2,13.2,8559100.0
641,HAG,"86 mã chứng khoán bị HoSE cắt margin: HAG, FRT, HVN cùng hàng loạt cổ phiếu “hot” góp mặt","Các lý do chính dẫn đến tình trạng trên chủ yếu là: Lỗ kiểm toán; BCTC có ý kiến của đơn vị kiểm toán; chứng khoán thuộc diện bị cảnh báo/kiểm soát/hạn chế giao dịch/đình chỉ giao dịch/; thời gian niêm yết dưới 6 tháng,...",2024-05-11 09:03:00,2024-05-11,13.25,13.85,13.05,13.7,21284600.0
57,VIC,Cổ đông Vingroup bán bao nhiêu cổ phiếu VIC mới đủ sở hữu một chiếc VinFast VF 3?,"Nếu muốn ủng hộ sản phẩm “cây nhà, lá vườn” nhưng không sẵn tiền mặt, cổ đông Vingroup có thể cân nhắc bán bớt cổ phiếu.",2024-05-15 11:37:00,2024-05-15,23.1,23.38,23.0,23.18,1357800.0
58,VIC,"Fubon ETF đẩy mạnh bán ròng hàng trăm tỷ cổ phiếu Việt Nam trong 4 phiên liên tiếp, bán loạt mã HPG, VIC, VHM, SSI...","Với đà bán ròng trở lại, dòng tiền vào ETF này từ đầu năm 2024 ghi nhận rút ròng 19 triệu USD, tương ứng khoảng 480 tỷ đồng.",2024-05-14 17:14:00,2024-05-15,23.1,23.38,23.0,23.18,1357800.0
640,HAG,"Dù tỷ phú Trần Bá Dương nói “HAGL Agrico chỉ còn xương thôi”, cổ phiếu HNG vẫn bất ngờ kịch trần, nhập cuộc đua với HAG","Dù đã tách bạch từ năm 2021, HNG vẫn giữ nguyên thương hiệu HAGL Agrico, điều này cũng được cổ đông đặt vấn đề tại các kỳ họp ĐHĐCĐ nhiều năm trở lại đây.",2024-05-18 10:48:00,2024-05-18,15.0,15.3,14.6,14.75,26425600.0
639,HAG,"Cổ đông liên quan Chứng khoán LPBank ""tranh thủ"" bán ra hàng  triệu cổ phiếu HAG giữa lúc giá tăng mạnh","Động thái bán ra ghi nhận trong bối cảnh cổ phiếu HAG có đà tăng tốt, thị giá tăng khoảng 18% sau 2 tháng.",2024-06-13 16:42:00,2024-06-14,13.9,14.0,13.3,13.3,33576600.0
638,HAG,"85 mã chứng khoán bị HoSE cắt margin: VTP, FRT, HAG, HVN cùng hàng loạt cổ phiếu “hot” góp mặt","Các nguyên nhân cổ phiếu bị cắt margin gồm chứng khoán thuộc diện cảnh báo/kiểm soát/hạn chế giao dịch; lợi nhuận sau thuế là số âm, báo cáo kiểm toán có ý kiến của đơn vị kiểm toán; thời gian niêm yết dưới 6 tháng…",2024-06-20 11:29:00,2024-06-20,12.85,13.0,12.45,12.55,16203000.0
637,HAG,"HoSE bổ sung danh sách cắt margin, nâng số lượng lên 86 cổ phiếu gồm loạt mã ""hot"" VTP, FRT, HAG, HVN, HBC","Các nguyên nhân bị HOSE cắt margin gồm chứng khoán thuộc diện cảnh báo/kiểm soát/hạn chế giao dịch; lợi nhuận sau thuế là số âm, báo cáo kiểm toán có ý kiến của đơn vị kiểm toán; thời gian niêm yết dưới 6 tháng…",2024-06-26 15:29:00,2024-06-27,12.7,12.7,12.4,12.45,3765900.0
56,VIC,Gần 20 Đại lý tham dự sự kiện giới thiệu dự án VIC Grand Square,"Ngày 27/6 vừa qua tại khách sạn Wyndham Garden Tố Hữu Hà Đông, sự kiện ""Lễ giới thiệu và trao chứng nhận đại lý phân phối dự án VIC Grand Square"" đã diễn ra trong không khí trang trọng.",2024-06-29 08:00:00,2024-06-29,20.7,20.7,20.52,20.68,903300.0
636,HAG,"HoSE công bố danh sách cắt margin với 79 mã chứng khoán trong quý 3/2024, loạt cổ phiếu “hot” FRT, ITA, HBC, HAG, SMC, HVN, TVB... đều góp mặt",Nhà đầu tư sẽ không được giao dịch ký quỹ (margin) do công ty chứng khoán môi giới cấp để mua 79 mã cổ phiếu này.,2024-07-03 10:22:00,2024-07-03,12.4,12.4,12.2,12.25,3426000.0
55,VIC,"Kết quả kinh doanh quý 2/2024 ngày 19/7: VIC, PDR, SHS, VPS... cùng hàng trăm DN đồng loạt công bố trước ""deadline"" đầu tiên",VHM đang là công ty lãi lớn nhất cho đến ngày 19/7 với lợi nhuận đạt hơn 10.600 tỷ đồng.,2024-07-19 18:23:00,2024-07-20,20.38,20.5,20.1,20.38,1776000.0
635,HAG,"Cổ phiếu HAG giảm sâu, Phó Tổng Giám đốc HAGL muốn tăng sở hữu",Bà Hồ Thị Kim Chi - Phó Tổng Giám đốc HAGL vừa có thông báo về việc đăng ký mua vào 200.000 cổ phiếu HAG bằng phương thức khớp lệnh trên sàn.,2024-08-06 09:20:00,2024-08-06,11.7,11.85,11.6,11.85,4435200.0
634,HAG,"HoSE bổ sung danh sách cắt margin, nâng số lượng lên 81, loạt cổ phiếu ""hot"" VTP, FRT, HAG, HVN,... tiếp tục góp mặt","Các nguyên nhân bị HOSE cắt margin gồm chứng khoán thuộc diện cảnh báo/kiểm soát/hạn chế giao dịch; lợi nhuận sau thuế là số âm,...",2024-08-15 11:14:00,2024-08-15,10.05,10.3,10.0,10.05,5039500.0
633,HAG,"Cổ phiếu HAG giảm 33% sau 3 tháng, con gái bầu Đức muốn chi hơn 20 tỷ mua vào","Kết phiên giao dịch ngày 15/8, cổ phiếu HAG có giá 10.050 đồng, giảm 32,7% so với mức đỉnh hồi tháng 5 là 14.950 đồng.",2024-08-15 16:21:00,2024-08-16,10.25,10.5,10.15,10.4,6484100.0
54,VIC,"Vingroup đã tất toán hơn 900 triệu USD trái phiếu quốc tế có quyền chuyển đổi thành cổ phiếu VIC, VHM, VFS","Theo Chứng khoán Vietcap, ngoài VinFast, hầu hết các công ty con của Vingroup đều có khả năng tự duy trì để thực hiện các nghĩa vụ nợ và hoạt động kinh doanh.",2024-08-28 13:37:00,2024-08-28,22.75,23.05,22.2,22.2,4933500.0
53,VIC,"Top 10 cổ phiếu tăng/giảm mạnh nhất tuần: Loạt mã bứt phá 40-70%, vốn hoá VIC tăng thêm 10.000 tỷ đồng sau một tuần","Trên sàn HOSE,  top 10 cổ phiếu tăng mạnh nhất có mức tăng khá tốt, cao nhất là 22% và thấp nhất là 6%.",2024-09-01 00:05:00,2024-09-01,21.8,22.15,21.65,22.0,3198700.0
632,HAG,"Bầu Đức hưởng 200 triệu/tháng tại Hoàng Anh Gia Lai, đem 90 triệu cổ phiếu HAG thế chấp cho LPBank","""Hoạt động kinh doanh từ heo và chuối đang tiếp tục tạo ra nguồn tiền lớn trong năm 2024"", văn bản của HAGL nêu.",2024-09-13 07:32:00,2024-09-13,10.45,10.5,10.3,10.45,3451300.0
631,HAG,Con gái bầu Đức đang sở hữu bao nhiêu cổ phiếu HAG?,"Bà Đoàn Hoàng Anh – con gái ông Đoàn Nguyên Đức (bầu Đức), Chủ tịch HĐQT Công ty CP Hoàng Anh Gia Lai (HAGL, mã cổ phiếu HAG) - vừa thông báo hoàn tất mua 2 triệu cổ phiếu HAG",2024-09-19 12:23:00,2024-09-19,10.6,10.75,10.55,10.55,2507800.0
630,HAG,"HoSE cắt margin với 85 mã chứng khoán trong quý 4/2024: Loạt cổ phiếu ""hot"" như NVL, QCG, HVN, HAG, ITA...đều góp mặt",Nhà đầu tư sẽ không được sử dụng hạn mức tín dụng (đòn bẩy tài chính-margin) do công ty chứng khoán môi giới cấp để mua 85 mã cổ phiếu trong danh sách này.,2024-10-03 10:04:00,2024-10-03,10.9,11.05,10.55,10.55,7803200.0
52,VIC,VIC Grand Square - Công trình nổi bật mới của vùng đất Vua Hùng,"Lấy cảm hứng thiết kế từ chiếc mũ của Vua Hùng và cuốn sách sử thi đang mở ra đại diện cho tri thức, với chiều cao 36 tầng, VIC Grand Square hiện là toà tháp đôi cao nhất, mang dấu ấn công trình ấn tượng của vùng Đất tổ.",2024-10-15 08:00:00,2024-10-15,21.12,21.25,20.78,20.82,1847000.0
629,HAG,"Hoàng Anh Gia Lai (HAG) báo lãi sau thuế quý 3 hơn 350 tỷ đồng, bán trái cây 2 đồng thu 1 đồng lời","Luỹ kế 9 tháng đầu năm, HAG ghi nhận doanh thu thuần đạt 4.194 tỷ đồng, giảm 17% so với cùng kỳ và lợi nhuận sau thuế đạt 851 tỷ đồng, tăng 20% so với cùng kỳ.",2024-10-18 11:20:00,2024-10-18,10.9,10.9,10.6,10.6,3507100.0
51,VIC,Tiềm năng từ đầu tư căn hộ Expert Home - VIC Grand Square,"Cùng với giá chung cư nội đô liên tục thiết lập mặt bằng mới, ở ngưỡng cao, dòng vốn đang tìm hướng chuyển dịch sang các dòng sản phẩm còn nhiều tiềm năng tăng trưởng trong tương lai.",2024-10-22 08:00:00,2024-10-22,21.3,21.3,21.1,21.1,2045600.0
628,HAG,"Cổ phiếu HAG bị cảnh báo, Hoàng Anh Gia Lai khắc phục ra sao?","Hoàng Anh Gia Lai báo lãi ròng 9 tháng đầu năm 2024 đạt 851 tỷ đồng, kỳ vọng sắp tới sẽ từng bước giảm và xóa lỗ lũy kế, khắc phục được nguyên nhân dẫn đến tình trạng chứng khoán bị đưa vào diện cảnh báo.",2024-10-23 11:25:00,2024-10-23,10.6,10.75,10.45,10.7,4258600.0
50,VIC,"Đầu tư căn hộ Expert Home chỉ 1,1 tỷ/căn tại VIC Grand Square","Chủ đầu tư VIC Grand Square tung ra thị trường dòng căn hộ thuộc phân khúc hàng hiếm chỉ từ 1,1 tỷ đồng, cùng chính sách bán hàng hấp dẫn khiến giới đầu tư không thể bỏ qua.",2024-10-29 08:00:00,2024-10-29,20.75,20.85,20.65,20.68,1285000.0
627,HAG,Man Utd mất hơn 500 tỷ đồng vì sa thải Ten Hag,Ban lãnh đạo Man Utd phải trả cho HLV Ten Hag khoảng 16 triệu Bảng Anh (khoảng 530 tỷ đồng) vì sa thải ông trước thời hạn.,2024-10-28 22:35:00,2024-10-29,10.3,10.35,10.2,10.2,1735400.0
49,VIC,Đầu tư căn hộ chuẩn chuyên gia VIC Grand Square tại vùng lõi công nghiệp,"Việt Nam đang trở thành điểm đến đầu tư hấp dẫn nhờ dòng vốn FDI không ngừng đổ vào, dẫn đến sự gia tăng nhanh chóng số lượng chuyên gia làm việc tại các khu công nghiệp trên khắp cả nước.",2024-11-12 08:00:00,2024-11-12,20.5,20.75,20.25,20.27,2485900.0
625,HAG,"Thị trường tiếp đà “lao dốc”, cổ phiếu Sabeco (SAB), Viettel Post (VTP), Hoàng Anh Gia Lai (HAG) “gồng” chỉ số VN-Index","Trong ngày thị trường chứng khoán tiếp đà “lao dốc”, cổ phiếu SAB của Sabeco, VTP của Viettel Post, HAG của Hoàng Anh Gia Lai “gồng” chỉ số chính VN-Index, …",2024-11-12 16:35:00,2024-11-13,11.2,11.6,11.1,11.3,10121700.0
626,HAG,"Bầu Đức ""cười"" trong ngày thị trường chứng khoán đỏ lửa: HAG bất ngờ tăng kịch trần sau những cú bắt tay, hơn 26 triệu cổ phiếu được giao dịch","Tính đến ngày 30/9/2024, HAGL hiện còn lỗ lũy kế hơn 626 tỷ đồng.",2024-11-12 16:20:00,2024-11-13,11.2,11.6,11.1,11.3,10121700.0
624,HAG,Bầu Đức mời các cổ đông cầm trên 200.000 cổ phiếu HAG đi tham quan dự án tại Việt Nam và Lào,Thời gian dự kiến từ 11h30 ngày 13/12 (thứ Sáu) đến 17h ngày 15/12/2024 (Chủ Nhật).,2024-11-26 08:43:00,2024-11-26,12.15,12.15,11.9,12.15,5440400.0
1101,TTF,CEO Gỗ Trường Thành lần đầu sở hữu cổ phiếu TTF,"Sau khi hoàn tất mua vào 330.000 cổ phiếu TTF, ông Nguyễn Trọng Hiếu sẽ nâng tỉ lệ sở hữu tại Gỗ Trường Thành từ 0% lên 0,08% vốn.",2024-11-29 09:50:00,2024-11-29,3.02,3.07,3.0,3.05,755100.0
48,VIC,VIC Grand Square đạt giải thưởng Bất động sản danh giá khu vực Đông Nam Á,"Ngày 12/12 tại lễ trao giải Dot Property Southeast Asia Awards 2024 được tổ chức tại  Bangkok, Thái Lan, dự án VIC Grand Square đã xuất sắc giành giải thưởng danh giá ""Best Lifestyle Design Development Southeast Asia 2024"" (Dự án có thiết kế kiến tạo phong cách sống đẹp nhất Đông Nam Á 2024).",2024-12-13 13:30:00,2024-12-13,20.38,20.45,20.3,20.4,1952200.0
623,HAG,"Tâm sự cổ đông 'đu đỉnh' HAG, cắt lỗ và mua lại vùng 2.000-3.000 đồng/cp: HAGL đang thay đổi rất lớn mà nói ra thì mọi người không tin","“Nhiều người nói HAGL báo lãi 1.000 tỷ nhưng đi đâu?  Tiền đó Tập đoàn đầu tư trồng cây. Nếu đi đúng kế hoạch, dự kiến HAGL sẽ xoá được hết lỗ luỹ kế từ năm 2025. Năm 2026 sẽ là điểm rơi lợi nhuận và bắt đầu chia cổ tức cho cổ đông” - đại diện công ty này nói.",2024-12-17 00:04:00,2024-12-17,12.45,12.5,12.35,12.45,3632700.0
622,HAG,Con gái bầu Đức đăng ký mua 1 triệu cổ phiếu HAG,"Bà Đoàn Hoàng Anh, con gái bầu Đức vừa đăng ký mua 1 triệu cổ phiếu HAG để nâng sở hữu lên 14 triệu cổ phiếu, tương đương sở hữu 1,32% vốn điều lệ.",2024-12-19 09:17:00,2024-12-19,12.35,12.4,12.1,12.35,7619200.0
620,HAG,HNG trả cho HAG hơn 1.000 tỷ đồng để thanh toán nợ trái phiếu,Công ty cổ phần Hoàng Anh Gia Lai (HAG) vừa được Công ty cổ phần Nông nghiệp Quốc tế Hoàng Anh Gia Lai (HNG) trả hơn 1.000 tỷ đồng để thanh toán nợ trái phiếu.,2024-12-31 14:33:00,2024-12-31,12.25,12.3,11.9,12.05,7389100.0
621,HAG,"Vợ một nhân sự cấp cao của Hoàng Anh Gia Lai muốn ""gom"" cổ phiếu HAG",Ước tính bà Quỳnh sẽ cần chi tiền tỷ để hoàn tất giao dịch trên.,2024-12-30 18:05:00,2024-12-31,12.25,12.3,11.9,12.05,7389100.0
619,HAG,"84 mã chứng khoán bị HoSE cắt margin quý 1/2025: HVN, HAG, QCG, ITA cùng hàng loạt cổ phiếu “hot” nằm trong danh sách",Nhà đầu tư sẽ không được sử dụng hạn mức tín dụng (đòn bẩy tài chính-margin) do công ty chứng khoán môi giới cấp để mua 84 mã cổ phiếu trong danh sách này.,2025-01-06 10:04:00,2025-01-06,11.9,11.95,11.55,11.6,4446100.0
618,HAG,"4 lần mua bán, con gái bầu Đức đã “gom” thêm 1 triệu cổ phiếu HAG, nắm khối tài sản gần 170 tỷ đồng",Đây là lần giao dịch thứ 4 của bà Hoàng Anh trong năm qua.,2025-01-22 16:08:00,2025-01-23,12.15,12.25,12.05,12.2,3435300.0
617,HAG,"Hoàng Anh Gia Lai (HAG) báo lãi quý 4 hơn 200 tỷ, giảm hơn 80% so với cùng kỳ, lãi lớn với chuối và sầu riêng nhưng lỗ với heo","Cả năm 2024, HAG ghi nhận doanh thu thuần đạt 5.694 tỷ đồng, giảm 12% so với cùng kỳ và lợi nhuận sau thuế đạt 1.057 tỷ đồng, giảm 41% so với cùng kỳ.",2025-01-27 00:02:00,2025-01-27,11.8,11.9,11.6,11.85,7787600.0
616,HAG,"Top 50 lợi nhuận 2024 vẫn là cuộc áp đảo của ngân hàng và BĐS, BSR, KBC, HAG, NVL 'biến mất' trong khi 2 công ty họ GELEX trỗi dậy",Thép – Dầu khí – Công nghệ mỗi ngành chỉ có 1 doanh nghiệp góp mặt nhưng lợi nhuận đều trên 10.000 tỷ.,2025-02-09 08:57:00,2025-02-09,12.3,12.55,12.2,12.45,8509500.0
47,VIC,"Diễn biến mới nhất về tiến độ ""siêu dự án"" nghỉ dưỡng gần 44.000 tỷ đồng của Vingroup (VIC) tại Đà Nẵng","Theo thông tin từ Sở TN&MT Đà Nẵng, hiện tại còn 169 hồ sơ cần giải phóng mặt bằng để thực hiện dự án nghỉ dưỡng Làng Vân gần 44.000 tỷ đồng của Vingroup.",2025-02-27 07:33:00,2025-02-27,20.6,20.6,20.38,20.52,1441600.0
46,VIC,"Vinpearl vừa nộp hồ sơ niêm yết, tài sản tỷ phú Phạm Nhật Vượng quay lại trên mốc 100.000 tỷ đồng nhờ VIC tăng kịch trần","Được biết, Vinpearl cũng là một thành viên trong hệ sinh thái của Vingroup, có trụ sở tại đảo Hòn Tre, phường Vĩnh Nguyên, TP Nha Trang, tỉnh Khánh Hòa.",2025-03-07 12:43:00,2025-03-07,21.15,22.65,21.12,22.65,11502700.0
45,VIC,"Cổ phiếu VIC tăng trần, gia đình tỉ phú Phạm Nhật Vượng có thêm hơn 2.500 tỉ đồng",Giá trị tài sản của tỉ phú Phạm Nhật Vượng tăng lên hơn 31.300 tỉ đồng sau pha tăng trần của cổ phiếu VIC.,2025-03-08 00:03:00,2025-03-08,22.95,23.95,22.9,23.65,9904400.0
44,VIC,“Về miền đất Tổ - Khai mở phồn vinh” cùng VIC Grand Square,"VIC Grand Square nhanh chóng thu hút nhà đầu tư ngay từ khi ra mắt. Ngày 23/3, Chủ đầu tư và đơn vị phát triển dự án Mei Home tổ chức site tour về Đất Tổ, dâng hương, thưởng thức ẩm thực và khám phá cơ hội đầu tư. Sự kiện dự kiến đón hơn 1000 khách hàng tham dự.",2025-03-18 08:00:00,2025-03-18,26.05,26.35,25.55,25.65,6017000.0
43,VIC,"Cổ phiếu VIC chạm trần, người giàu nhất Việt Nam vừa có thêm hơn 2.000 tỷ đồng trong 1 buổi sáng","Trong khoảng 1 tháng trở lại đây, cổ phiếu VIC đã tăng hơn 40%. Đà tăng đẩy giá trị vốn hóa thị trường của Vingroup lên ngưỡng 215.600 tỷ đồng, tương đương 8,5 tỷ USD.",2025-03-24 10:54:00,2025-03-24,26.5,28.35,26.35,28.35,11901000.0
42,VIC,Gần 1.000 khách hàng “Về miền đất tổ - Khai mở phồn vinh” cùng VIC Grand Square,"Trải nghiệm hành trình về với cội nguồn tại đất Tổ vua Hùng, lắng nghe chuyên gia chia sẻ cơ hội đầu tư trong không gian đậm dấu ấn di sản tại dự án VIC Grand Square là khoảnh khắc để lại nhiều cảm xúc đối với khách hàng.",2025-03-25 15:30:00,2025-03-26,28.9,29.0,27.85,28.5,6487700.0
615,HAG,"HoSE công bố danh sách cắt margin 67 mã chứng khoán quý 2/2025, loạt cổ phiếu “hot” NVL, QCG, HVN, HAG, BSR,... đều góp mặt","Theo quy định, nhà đầu tư sẽ không được sử dụng hạn mức tín dụng (đòn bẩy tài chính-margin) do công ty chứng khoán cấp để mua 67 mã cổ phiếu bị xếp vào danh sách chứng khoán không đủ điều kiện giao dịch ký quỹ này.",2025-04-03 16:06:00,2025-04-04,10.75,11.2,10.75,11.0,17736500.0
41,VIC,SK đã tìm được đối tác mua cổ phiếu VIC?,Việc giá cổ phiếu VIC vẫn tăng cho thấy niềm tin của nhà đầu tư trong nước vào tiềm năng của Vingroup.,2025-04-17 15:46:00,2025-04-18,35.9,35.9,33.05,33.05,10565700.0
39,VIC,"SK có động thái thoái vốn VIC trong tuần 14-18/4, ngược chiều khối ngoại gom mạnh cổ phiếu ""vua thép""",Giao dịch khối ngoại là điểm trừ trong tuần qua với giá trị bán ròng hơn 5.000 tỷ.,2025-04-19 00:15:00,2025-04-19,32.05,33.7,30.75,30.75,15468900.0
40,VIC,Nhà đầu tư chốt lời cổ phiếu VIC?,Vingroup vẫn là doanh nghiệp có vốn hoá lớn thứ 2 trên sàn chứng khoán chỉ sau Vietcombank.,2025-04-18 16:21:00,2025-04-19,32.05,33.7,30.75,30.75,15468900.0
38,VIC,Công ty điện 2.000 tỷ vừa thành lập của ông Phạm Nhật Vượng đã nhận 35 triệu cổ phiếu VIC góp vốn từ tỷ phú,"Ông Vượng nắm 71% cổ phần của VinEnergo. Tạm tính theo giá đóng cửa ngày 23/4/2025 của VIC, lượng cổ phần góp vốn có giá trị thị trường 2.053 tỷ đồng.",2025-04-28 09:38:00,2025-04-28,33.9,34.5,33.35,34.0,7023300.0
37,VIC,Vingroup (VIC) báo doanh thu quý 1 tăng 287% so với cùng kỳ,"Lợi nhuận sau thuế hợp nhất đạt 2.243 tỷ đồng, tăng 68% so với cùng kỳ.",2025-04-29 13:01:00,2025-04-29,33.5,34.0,31.9,34.0,13384800.0
614,HAG,Con gái bầu Đức mua bất thành 4 triệu cổ phiếu HAG,"Bà Đoàn Hoàng Anh, con gái bầu Đức đã không mua bất cứ cổ phiếu nào trong tổng số 4 triệu cổ phiếu HAG đã đăng ký với lý do không thu xếp được tài chính cá nhân.",2025-05-17 13:26:00,2025-05-17,13.2,13.2,12.75,12.8,12402400.0
36,VIC,"Cổ phiếu VIC tăng trần, lấy lại đỉnh 3 năm trước","Trong phiên 19/5, nhóm cổ phiếu “họ Vin” trở thành tâm điểm thị trường khi VIC tăng trần, xác lập mức giá cao nhất kể từ tháng 2/2022.",2025-05-19 22:48:00,2025-05-20,44.25,45.75,44.25,45.75,3889300.0
35,VIC,"Chân dung “cá mập” Mỹ thắng đậm nhất từ đà tăng phi mã của họ Vingroup: Lãi hàng chục triệu USD, quỹ hiếm hoi để cả VIC và VHM chiếm tỷ trọng lớn nhất","Trong danh mục hiện tại của VanEck Vietnam ETF, cổ phiếu VIC của Vingroup đang chiếm tỷ trọng lớn nhất với hơn 16,2 triệu cổ phiếu, chiếm 13,77% tài sản ròng của quỹ.",2025-05-22 00:02:00,2025-05-22,46.5,49.25,45.9,46.25,6559400.0
613,HAG,"Con gái của bầu Đức thiếu tiền, không mua và chuyển sang đăng ký bán 1 triệu cổ phiếu HAG khi giá tăng mạnh 43%","Trước đó, bà Đoàn Hoàng Anh đã đăng ký mua 4 triệu cổ phiếu HAG từ ngày 14/-13/5, tuy nhiên bà Hoàng Anh không mua được cổ phiếu nào. Lý do không mua được cổ phiếu là không thu xếp được tài chính cá nhân.",2025-06-01 07:59:00,2025-06-01,13.8,13.8,13.45,13.7,9703100.0
612,HAG,"Bầu Đức: “Nếu có điều kiện, hãy nắm cổ phiếu HAG thêm thời gian nữa”",Đó là chia sẻ của ông Đoàn Nguyên Đức (bầu Đức) – Chủ tịch HAGL – tại ĐHĐCĐ thường niên 2025.,2025-06-08 13:07:00,2025-06-08,13.15,13.3,12.75,12.75,8014300.0
33,VIC,"Tỷ phú Phạm Nhật Vượng tiếp tục 70,6 triệu cổ phiếu VIC góp vốn vào VinEnergo, chuẩn bị làm dự án LNG tại Hải Phòng",Ông Vượng cũng vừa hoàn tất dùng 48 triệu cổ phiếu góp vốn vào Vinspeed.,2025-06-11 14:43:00,2025-06-11,46.3,46.3,45.0,45.1,1438900.0
34,VIC,"Ông Phạm Nhật Vượng chuyển xong 48 triệu cổ phiếu VIC, góp vốn vào công ty vừa đăng ký làm đường sắt cao tốc Bắc - Nam","Diễn biến mới nhất, tỷ phú Phạm Nhật Vượng tiếp tục đăng ký chuyển quyền sở hữu gần 71 triệu cổ phiếu VIC, tương ứng 1,24% vốn Vingroup để góp vốn vào VinEnergo.",2025-06-11 14:38:00,2025-06-11,46.3,46.3,45.0,45.1,1438900.0
32,VIC,Chủ tịch Phạm Nhật Vượng mang gần 120 triệu cổ phiếu VIC góp thêm vốn vào 2 doanh nghiệp,Chủ tịch Phạm Nhật Vượng dự kiến dùng gần 120 triệu cổ phiếu VIC để góp thêm vốn vào VinEnergo và VinSpeed.,2025-06-12 09:00:00,2025-06-12,45.7,45.8,42.35,43.4,4156300.0
611,HAG,Con gái bầu Đức bán xong 1 triệu cổ phiếu HAG,"Bà Đoàn Hoàng Anh, con gái bầu Đức đã bán khớp lệnh 1 triệu cổ phiếu HAG từ ngày 9-13/6/2025, qua đó giảm sở hữu còn 1,23% vốn tại HAGL.",2025-06-14 10:24:00,2025-06-14,12.75,13.0,12.75,12.95,3259000.0
610,HAG,"Con gái Bầu Đức đã bán 1 triệu cổ phiếu HAG, thu về hơn 12 tỷ","Sau giao dịch, lượng cổ phần HAG bà Hoàng Anh nắm giữ giảm xuống còn 13 triệu đơn vị, tương đương tỷ lệ sở hữu 1,23% vốn.",2025-06-16 10:09:00,2025-06-16,12.75,13.0,12.75,12.95,3259000.0
31,VIC,VIC cá nhân hoá trong mỗi công trình,"VIC khẳng định vị thế trong phân khúc cửa nhôm cao cấp nhờ bốn giá trị cốt lõi: giải pháp cá nhân hóa, thi công tinh xảo, đồng hành trọn vòng đời công trình và được chứng thực bởi thương hiệu quốc tế.",2025-06-16 13:30:00,2025-06-16,42.0,42.8,41.3,42.7,2514600.0
609,HAG,"Sau bầu Đức, 2 nữ lãnh đạo HAGL mạnh tay xuống tiền, gom hàng triệu cổ phiếu HAG","Nếu hoàn tất mua vào 1 triệu cổ phiếu, bà Võ Thị Mỹ Hạnh và bà Hồ Thị Kim Chi dự kiến sẽ nâng sở hữu tại HAGL lên lần lượt là 0,12% và 0,15% vốn điều lệ.",2025-06-19 07:42:00,2025-06-19,13.25,13.4,12.95,12.95,4532000.0
608,HAG,"65 mã chứng khoán bị HoSE cắt margin: BSR, HAG, HVN cùng hàng loạt cổ phiếu “hot” góp mặt","Các nguyên nhân được HOSE đưa ra bao gồm chứng khoán thuộc diện cảnh báo/kiểm soát/hạn chế giao dịch; lợi nhuận sau thuế là số âm, báo cáo kiểm toán có ý kiến của đơn vị kiểm toán; thời gian niêm yết dưới 6 tháng…",2025-06-19 15:06:00,2025-06-20,13.25,13.25,12.9,13.0,5976800.0
30,VIC,"Góp xong 70 triệu cổ phiếu vào VinEnergo, tỷ phú Phạm Nhật Vượng tiếp tục tăng vốn cho VinSpeed bằng hàng chục triệu cổ phiếu VIC","Sau khi chuyển nhượng tổng lượng cổ phiếu ông Vượng nắm giữ tại VinEnergo là 105,6 triệu cổ phiếu, chiếm 2,72% vốn điều lệ Vingroup.",2025-06-19 15:29:00,2025-06-20,44.7,44.7,43.35,43.4,13615300.0
607,HAG,"Nói là làm, bầu Đức đã mua vào 10 triệu cổ phiếu HAG","Trên thị trường chứng khoán, đóng cửa phiên giao dịch ngày 19/6, cổ phiếu HAG của HAGL có giá là 12.950 đồng/cp.",2025-06-20 08:30:00,2025-06-20,13.25,13.25,12.9,13.0,5976800.0
29,VIC,Tỷ phú Phạm Nhật Vượng đã dùng hàng trăm triệu cổ phiếu VIC góp vốn vào những doanh nghiệp nào?,"Sau khi lập thêm nhiều công ty mới, danh mục đầu tư của cá nhân tỷ phú Phạm Nhật Vượng hiện khá đồ sộ.",2025-06-22 08:34:00,2025-06-22,43.05,46.4,42.55,46.4,3871300.0
606,HAG,"HOSE cắt margin cổ phiếu do vi phạm thuế, danh sách không được giao dịch ký quỹ gồm 64 mã gồm nhiều cái tên “hot” BSR, HAG, NVL, HVN…","Theo quy định, nhà đầu tư sẽ không được sử dụng hạn mức tín dụng (đòn bẩy tài chính-margin) do công ty chứng khoán cấp để mua 64 mã cổ phiếu này.",2025-07-03 00:05:00,2025-07-03,13.4,13.45,13.1,13.2,10431800.0
28,VIC,"VIC vượt 100.000 đồng/cổ phiếu, tài sản của tỷ phú Phạm Nhật Vượng tăng thêm bao nhiêu?","Cổ phiếu VIC đạt cột mốc mới đã giúp tổng tài sản của tỷ phú Phạm Nhật Vượng tăng lên mức 10,9 tỷ USD, xếp thứ 254 trong danh sách người giàu nhất hành tinh của Forbes.",2025-07-10 16:00:00,2025-07-11,52.25,54.05,51.95,54.0,4793600.0
27,VIC,"Cổ phiếu VIC tăng trần, người giàu nhất Việt Nam vừa có thêm gần 3.400 tỷ đồng trong 1 buổi sáng","Đà tăng đẩy giá trị vốn hóa thị trường của Vingroup lên ngưỡng 441.600 tỷ đồng, chắc chân tại vị trí doanh nghiệp tư nhân lớn nhất sàn chứng khoán Việt Nam.",2025-07-14 11:23:00,2025-07-14,57.5,57.75,55.5,56.5,5532400.0
26,VIC,Cổ phiếu VIC của tỉ phú Phạm Nhật Vượng tăng trần,Cổ phiếu VIC tăng trần ngay trong phiên sáng giúp thị trường chứng khoán tiếp tục lập mốc cao mới.,2025-07-14 13:00:00,2025-07-14,57.5,57.75,55.5,56.5,5532400.0
25,VIC,3 tháng từ khi ông Phạm Nhật Vượng trả lời câu hỏi chọn VIC hay vàng: 1 nghìn cổ phiếu VIC đã có giá hơn 1 cây vàng,Cổ phiếu Vingroup đã tăng gấp đôi từ ĐHCĐ thường niên 2025 hồi tháng 4 khi tỷ phú Phạm Nhật Vượng trả lời câu hỏi chọn VIC hay vàng.,2025-07-17 10:15:00,2025-07-17,59.05,61.65,59.05,61.0,6597500.0
24,VIC,"Cổ phiếu VIC điều chỉnh, tài sản tỷ phú Phạm Nhật Vượng giảm hơn 15.000 tỷ đồng","Không chỉ VIC, cả các cổ phiếu khác trong hệ sinh thái Vingroup cũng giảm mạnh trong hôm nay như VHM (giảm 4,2%), VRE (giảm 1,5%) và VPL (giảm 1,3%).",2025-07-21 16:22:00,2025-07-22,56.1,58.75,56.1,58.75,3938700.0
605,HAG,"HOSE cập nhật cổ phiếu bị cắt margin tháng 8, danh sách không được giao dịch ký quỹ gồm 62 mã gồm loạt tên tuổi “hot” HAG, NVL, LDG, BCG, HVN…","Theo quy định, nhà đầu tư sẽ không được sử dụng hạn mức tín dụng (margin) do công ty chứng khoán cấp để mua 62 mã này.",2025-08-07 00:10:00,2025-08-07,15.2,15.25,14.9,15.1,14435400.0
604,HAG,Bầu Đức đăng ký bán 25 triệu cổ phiếu HAG cho con trai?,Bầu Đức đăng ký bán 25 triệu cổ phiếu trong khi con trai ông – Đoàn Hoàng Nam lại đăng ký mua 27 triệu cổ phiếu HAG,2025-08-13 10:07:00,2025-08-13,16.6,16.8,15.7,16.2,27896900.0
603,HAG,"HOSE cắt margin 3 cổ phiếu do thua lỗ, danh sách không được giao dịch ký quỹ gồm 65 mã gồm nhiều cái tên “hot” HAG, NVL, LDG, BCG,...","Theo quy định, nhà đầu tư sẽ không được sử dụng hạn mức tín dụng (đòn bẩy tài chính-margin) do công ty chứng khoán cấp để mua những cổ phiếu này.",2025-08-19 00:05:00,2025-08-19,16.85,17.3,16.6,16.65,26227800.0
602,HAG,"Kiểm toán nghi ngờ khả năng hoạt động liên tục, Hoàng Anh Gia Lai (HAG) lên tiếng về kế hoạch bán tài sản và hoán đổi nợ","Tại ngày 30/6/2025, nợ ngắn hạn của HAGL đã vượt quá tài sản ngắn hạn với số tiền là hơn 2.700 tỷ đồng (tài sản ngắn hạn 10.948 tỷ đồng, nợ ngắn hạn 13.715 tỷ đồng).",2025-08-22 11:07:00,2025-08-22,16.55,16.8,15.7,16.1,25870300.0
600,HAG,Bầu Đức chuyển giao 25 triệu cổ phiếu HAG cho con trai trong thương vụ hơn 400 tỷ đồng,"Tính theo giá thị trường kết phiên giao dịch ngày 22/8, bầu Đức đang trực tiếp nắm giữ khối tài sản trị giá hơn 4.910 tỷ đồng.",2025-08-23 12:21:00,2025-08-23,16.25,17.2,16.25,17.2,43313800.0
601,HAG,Con trai bầu Đức ‘gom’ thành công 27 triệu cổ phiếu HAG,"Ông Đoàn Hoàng Nam, con trai ông Đoàn Nguyên Đức - Chủ tịch HĐQT của HAGL vừa mua thỏa thuận thành công 27 triệu cổ phiếu HAG, qua đó sở hữu 2,55% vốn điều lệ của công ty.",2025-08-23 10:03:00,2025-08-23,16.25,17.2,16.25,17.2,43313800.0
599,HAG,"Cổ phiếu vừa mua còn chưa về tài khoản, con trai Bầu Đức muốn chi tiếp 400 tỷ đồng 'gom' thêm HAG","Đoàn Hoàng Nam vừa có thông báo đăng ký mua tiếp 25 triệu cổ phiếu, nâng tỷ lệ sở hữu tại Hoàng Anh Gia Lai lên 4,92%.",2025-08-25 09:34:00,2025-08-25,16.25,17.2,16.25,17.2,43313800.0
598,HAG,Con trai bầu Đức mua thành công 25 triệu cổ phiếu HAG đã đăng ký,"Ông Đoàn Hoàng Nam, con trai ông Đoàn Nguyên Đức - Chủ tịch HĐQT của HAGL vừa mua vào thành công 25 triệu cổ phiếu HAG, qua đó tăng tỷ lệ sở hữu lên mức 4,92%.",2025-08-29 10:27:00,2025-08-29,16.5,16.75,16.3,16.5,12059000.0
597,HAG,"HOSE cập nhật cổ phiếu bị cắt margin tháng 9, danh sách không được giao dịch ký quỹ gồm 71 mã gồm loạt tên tuổi “hot” HAG, NVL, LDG, BCG, HVN…",Nhiều cổ phiếu bị cắt margin do lợi nhuận sau thuế của cổ đông công ty mẹ trên BCTC Hợp nhất soát xét bán niên năm 2025 là số âm.,2025-09-02 00:04:00,2025-09-02,16.2,16.65,16.2,16.4,10170600.0
596,HAG,"Thay đổi lô trái phiếu 1.000 tỷ của Công ty con Hoàng Anh Gia Lai (HAG): Giảm lợi tức được chia từ các công ty trông dâu tằm và cà phê còn 11,5%","Phần vốn đầu tư cho dự án cà phê với Gia Súc Lơ Pang tăng từ 250 tỷ đồng lên 277 tỷ đồng, ngược lại, phần vốn đầu tư cho dự án cà phê hợp tác với Thủy sản Cá tầm Bolaven tại Lào giảm từ 180 tỷ đồng xuống 153 tỷ đồng.",2025-09-12 07:37:00,2025-09-12,15.7,15.7,15.45,15.6,5330000.0
23,VIC,"Tỷ phú Phạm Nhật Vượng từng nói ""chưa bán thì chưa mất, thị giá VIC sẽ trở lại"": Vingroup sắp lấy lại vị trí lớn nhất TTCK từ tay Vietcombank?","Vingroup từng nắm vị trí doanh nghiệp có vốn hóa lớn nhất trong 3 năm liên tiếp từ 2018 - 2020 nhưng từ năm 2021, Vietcombank đã vươn lên nắm giữ vị trí số 1 từ đó cho đến nay.",2025-09-15 00:08:00,2025-09-15,68.85,68.9,67.4,68.9,2142000.0
22,VIC,"Cổ phiếu họ Vingroup trở lại thời kỳ thăng hoa: VIC và VHM lọt top 3 vốn hóa, tỷ phú Phạm Nhật Vượng ""bỏ túi"" gần 250.000 tỷ đồng","Theo dữ liệu từ Forbes, tính đến ngày 15/9/2025, tổng tài sản của tỷ phú Phạm Nhật Vượng ở mức 13,8 tỷ USD, tăng thêm 9,4 tỷ USD so với hồi đầu năm.",2025-09-15 15:56:00,2025-09-16,68.9,68.9,66.95,67.5,2920100.0
21,VIC,"Nếu mỗi ngày mua đúng 1 cổ phiếu VIC của Vingroup, sau 18 năm sẽ lãi hay lỗ?","Từ số tiền 125.000 đồng mua 1 cổ phiếu VIC trong ngày giao dịch đầu tiên, nếu bền bỉ thực hiện chiến lược thì sau gần 4.500 phiên giao dịch, hiệu suất sinh lời của nhà đầu tư lên tới gần 700%.",2025-09-16 10:33:00,2025-09-16,68.9,68.9,66.95,67.5,2920100.0
20,VIC,Tài sản của tỷ phú Phạm Nhật Vượng tăng bao nhiêu trong ngày VIC vượt VCB trở thành cổ phiếu vốn hóa lớn nhất sàn chứng khoán?,Tài sản của tỷ phú Phạm Nhật Vượng tăng thêm 424 triệu USD trong ngày cổ phiếu VIC của Tập đoàn Vingroup vượt Vietcombank (VCB) để trở thành cổ phiếu vốn hóa lớn nhất trên sàn chứng khoán Việt Nam.,2025-09-17 15:49:00,2025-09-18,71.75,74.95,70.75,72.5,4389200.0
19,VIC,"Từ ngày tỷ phú Phạm Nhật Vượng khuyên ""chọn VIC thay vì vàng"": Cổ phiếu VIC đã tăng gần 3 lần, còn vàng gần như đứng im","Sau chưa đầy 5 tháng tỷ phú Phạm Nhật Vượng đưa ra lời khuyên, cổ phiếu VIC tăng 2,5 lần, đưa Vingroup trở lại ngôi vị doanh nghiệp có vốn hóa lớn nhất thị trường chứng khoán Việt Nam. Trong khi đó, giá vàng mới tăng 7% lên 129 triệu đồng/lượng.",2025-09-18 07:33:00,2025-09-18,71.75,74.95,70.75,72.5,4389200.0
595,HAG,"Mỗi ngày mua 1 cổ phiếu: Đầu tư vào HAG của Bầu Đức, sau 17 năm lãi được bao nhiêu?","Phần lớn thời gian, chiến lược đầu tư mỗi ngày 1 cổ phiếu vào Hoàng Anh Gia Lai trong tình trạng thua lỗ, đỉnh điểm lên tới 87%. Theo tính toán, khoản đầu tư đến ngày 24/9/2025 vẫn còn lỗ 9%.",2025-09-25 15:09:00,2025-09-26,15.8,16.35,15.75,15.9,17259700.0
594,HAG,"Hoán đổi hơn 720 tỷ nợ thành 60 triệu cổ phiếu, một doanh nghiệp trở thành cổ đông lớn của Hoàng Anh Gia Lai (HAG)","Sau giao dịch, số cổ phiếu HAG của Tư vấn đầu tư Hướng Việt cùng người có liên quan đang nắm giữ là gần 75,6 triệu cổ phiếu, tương ứng với tỷ lệ sở hữu là 5,96%, trở thành cổ đông lớn của HAGL.",2025-09-30 08:24:00,2025-09-30,16.55,16.7,15.8,16.3,12129200.0
18,VIC,Tỷ phú Phạm Nhật Vượng có động thái mới với lượng cổ phiếu VIC trị giá hơn 10.000 tỷ đồng,Ông Phạm Nhật Vượng dự kiến chuyển nhượng hơn 60 triệu cổ phiếu VIC sang VinEnergo để góp vốn.,2025-10-05 00:12:00,2025-10-05,93.4,93.4,88.25,89.85,2398200.0
17,VIC,Chủ tịch Phạm Nhật Vượng hoàn tất mang hơn 60 triệu cổ phiếu VIC góp vốn vào VinEnergo,"Chủ tịch Phạm Nhật Vượng đã dùng hơn 60 triệu cổ phiếu VIC, tương ứng 1,55% vốn điều lệ Vingroup, để góp vốn vào VinEnergo.",2025-10-13 11:39:00,2025-10-13,96.95,102.7,96.95,102.7,7178300.0
14,VIC,Đằng sau việc ông Phạm Nhật Vượng góp 60 triệu cổ phiếu VIC vào VinEnergo,Vingroup đã đề xuất tham gia 1 dự án điện gió ngoài khơi ở Hà Tĩnh. Dự án Nhà máy Điện gió Kỳ Anh với tổng vốn đầu tư 17.051 tỷ đồng.,2025-10-14 00:18:00,2025-10-14,107.95,109.85,103.45,105.95,8065500.0
16,VIC,"Cổ phiếu VIC lập kỷ lục hơn 200.000 đồng/cổ phiếu, VN-Index nối dài chuỗi “thăng hoa”","Cổ phiếu VIC của Tập đoàn Vingroup, lập kỷ lục tại vùng giá kịch trần cao nhất lịch sử niêm yết đạt hơn 205.000 đồng/cổ phiếu, đồng thời dẫn dắt thị trường tích lũy thêm hơn 17 điểm.",2025-10-13 16:54:00,2025-10-14,107.95,109.85,103.45,105.95,8065500.0
15,VIC,"Gần 600 triệu cổ phiếu VIC đã rời tài khoản cá nhân của tỷ phú Phạm Nhật Vượng đổ vào giấc mơ điện sạch, taxi xanh và đường sắt cao tốc","Gần nhất, ông Phạm Nhật Vượng – Chủ tịch HĐQT Tập đoàn Vingroup đã chuyển quyền sở hữu hơn 60 triệu cổ phiếu VIC sang Công ty Cổ phần Năng lượng VinEnergo nhằm góp thêm vốn cổ phần.",2025-10-14 00:14:00,2025-10-14,107.95,109.85,103.45,105.95,8065500.0
593,HAG,Bầu Đức vui mừng: Hoàng Anh Gia Lai (HAG) báo lãi ròng quý 3 tăng 25% bất chấp ‘cú đấm’ giảm 80% doanh thu của mảng heo,"Lũy kế 9 tháng đầu năm, doanh thu thuần đạt hơn 5.600 tỷ đồng, tăng 34% so với 9 tháng đầu năm 2024. Lợi nhuận sau thuế ghi nhận 1.312 tỷ đồng, tăng mạnh 54% so với cùng kỳ năm trước.",2025-10-21 00:04:00,2025-10-21,15.4,15.7,15.05,15.3,10201100.0
13,VIC,"VIC lập đỉnh lịch sử, tài sản vợ chồng tỷ phú Phạm Nhật Vượng tăng thêm 17.000 tỷ, bà Nguyễn Thị Phương Thảo 'không chịu thua' khi VJC tăng trần",Tài sản của 2 vợ chồng tỷ phú Phạm Nhật Vượng tăng thêm hơn 17.000 tỷ đồng trong ngày hôm nay.,2025-11-21 07:54:00,2025-11-21,113.1,115.55,111.0,114.85,2778400.0
12,VIC,Tỷ phú Phạm Nhật Vượng chuyển tiếp lượng cổ phiếu VIC trị giá 10.800 tỷ đồng sang VinSpeed,"Ngày 26/11, tỷ phú Phạm Nhật Vượng và Công ty cổ phần Đầu tư và Phát triển đường sắt cao tốc VinSpeed cùng có thông báo giao dịch cổ phiếu VIC của Tập đoàn Vingroup.",2025-11-26 22:14:00,2025-11-27,123.1,126.55,122.7,124.0,2348000.0
11,VIC,Đừng buồn nếu “lỡ tàu” Vingroup: Chaebol Hàn Quốc còn bán hết cổ phiếu VIC trước khi giá tăng bằng lần,"Rất nhiều nhà đầu tư ngậm ngùi đứng ngoài nhìn con tàu cao tốc Vingroup băng băng phi về phía trước mà “không có hàng”, thậm chí còn bán hết trước khi cổ phiếu VIC tăng bốc đầu.",2025-12-01 00:08:00,2025-12-01,133.05,139.3,133.0,134.95,4500600.0
10,VIC,Sắc xanh mã VIC và VJC đưa 2 tỷ phú Việt thăng hạng trên danh sách người giàu nhất thế giới,"Tính tới sáng ngày 1/12/2025, tỷ phú Phạm Nhật Vượng có khối tài sản cán mốc 24,3 tỷ USD, khối tài sản của tỷ phú Nguyễn Thị Phương Thảo ở mức 4,7 tỷ USD.",2025-12-01 13:40:00,2025-12-01,133.05,139.3,133.0,134.95,4500600.0
9,VIC,Cổ phiếu VIC và phần còn lại của thị trường chứng khoán,"Thị trường kết tuần ở trạng thái ""xanh vỏ đỏ lòng"" khi VN-Index tăng điểm nhờ sức bật mạnh mẽ của cổ phiếu VIC, trong khi phần còn lại đều suy yếu",2025-12-05 20:47:00,2025-12-06,152.0,152.7,149.1,152.7,4606600.0
8,VIC,"VN-Index vượt 1.750 điểm nhờ VIC tăng trần, danh mục nhà đầu tư vẫn ""đỏ lửa""",Sắc tím của VIC kết hợp đà tăng của các mã vốn hoá lớn khác giúp VN-Index có thêm hơn 12 điểm nhưng áp lực bán vẫn bao trùm diện rộng,2025-12-08 18:29:00,2025-12-09,163.3,163.3,153.0,160.0,12839300.0
7,VIC,"Khối ngoại bán ròng mạnh, cổ phiếu VIC hết ""gánh"" nổi chỉ số","Phiên giao dịch 9-12 khép lại trong trạng thái giằng co mạnh, khi nỗ lực vượt đỉnh lịch sử bất thành kích hoạt làn sóng bán tháo trên diện rộng",2025-12-09 16:39:00,2025-12-10,160.0,160.0,148.8,148.8,6592900.0
6,VIC,"Quỹ ETF ngoại quy mô 15.000 tỷ thêm mới TCX, dự kiến bán mạnh VIC","VNM ETF sẽ mua mới TCX, tăng tỷ trọng nhiều mã như HPG, SSI, VCB, SHB… đồng thời bán bớt lượng lớn VIC, HVN.",2025-12-13 06:59:00,2025-12-13,143.8,147.0,140.0,142.9,5214800.0
5,VIC,"Cổ phiếu VIC vừa phá đỉnh lịch sử, tỷ phú Phạm Nhật Vượng huy động thành công 325 triệu USD vốn ngoại","Tập đoàn Vingroup vừa công bố hoàn tất đợt chào bán trái phiếu ra thị trường quốc tế với tổng giá trị 325 triệu USD, kỳ hạn 5 năm và được niêm yết tại Sở Giao dịch Chứng khoán Vienna (Áo).",2025-12-24 00:21:00,2025-12-24,174.0,176.6,164.0,169.8,8749100.0
4,VIC,"Chứng khoán ngày cuối năm 2025: Gần 3,9 tỷ cổ phiếu VIC về tài khoản, hệ sinh thái FLC chính thức rời sàn","Giữa lúc 3,9 tỷ cổ phiếu VIC 'nhập cuộc' củng cố thanh khoản thị trường, việc hệ sinh thái FLC rời sàn vào đúng ngày cuối năm 2025 tạo nên một bức tranh đối lập",2025-12-31 00:03:00,2025-12-31,163.0,172.0,158.8,169.6,9438700.0
3,VIC,"""Cá mập"" Pyn Elite Fund: Không nắm giữ VIC khiến hiệu suất đầu tư 2025 suy giảm","Việc không nắm giữ cổ phiếu nhóm Vingroup khiến hiệu suất giai đoạn ba tháng cuối năm 2025 của Pyn Elite Fund tương đối thấp, từ đó làm suy giảm đáng kể hiệu quả chung của quỹ trong cả năm.",2026-01-08 14:34:00,2026-01-08,183.5,190.0,176.6,176.6,6593700.0
2,VIC,"Vingroup (VIC) ghi nhận doanh thu năm 2025 đạt kỷ lục gần 333.000 tỷ đồng, lợi nhuận sau thuế hơn 11.000 tỷ đồng, gấp đôi năm trước","Tại ngày 31/12/2025, tổng tài sản Vingroup 1,12 triệu tỷ đồng, tăng 34% so với 31/12/2024.",2026-01-30 14:10:00,2026-01-30,140.5,141.9,135.9,140.5,6881400.0
1,VIC,"Chứng khoán ngày 26/2: VIC hồi phục, VN-Index tăng 19 điểm","Thị trường chứng khoán ngày 26/2 ghi nhận dòng tiền chủ động mua vào cộng với sự hồi phục của VIC. Qua đó, VN-Index tăng 19 điểm.",2026-02-26 17:47:00,2026-02-27,169.1,178.5,168.0,172.0,3624400.0
592,HAG,Bầu Đức muốn ‘gom’ 5 triệu cổ phiếu HAG,Ông Đoàn Nguyên Đức- Chủ tịch HĐQT vừa đăng ký mua 5 triệu cổ phiếu HAG nhằm mục đích tăng tỷ lệ sở hữu tại HAGL.,2026-03-04 15:39:00,2026-03-05,16.0,16.1,15.65,15.85,3548600.0
2821,HAG,"Kỳ lạ: Bầu Đức làm cụm công nghiệp nhưng không cho thuê, không bán nền","Sáng nay, thông tin Hoàng Anh Gia Lai (HAGL) được chấp thuận làm chủ đầu tư dự án cụm công nghiệp 75ha tại Gia Lai lập tức khiến giới đầu tư đồn đoán doanh nghiệp rẽ hướng quay lại mảng bất động sản. Tuy nhiên, qua trao đổi, Chủ tịch Đoàn Nguyên Đức đã thẳng thắn bác bỏ kịch bản này, đồng thời hé lộ công năng thực sự của dự án 400 tỷ đồng.",2026-03-22 12:53:00,2026-03-22 00:00:00,15.2,15.25,14.5,15.15,7639800.0
2820,HAG,"Dồn dập tăng sở hữu, Bầu Đức muốn gom thêm 4 triệu cổ phiếu HAG","Đáng chú ý, ông Đức đã mua thành công 5 triệu cổ phiếu HAG từ ngày 11-18/3.",2026-03-23 11:30:00,2026-03-23 00:00:00,15.2,15.25,14.5,15.15,7639800.0
