time,open,high,low,close,volume,ticker
2016-01-04 07:00:00,12.34,12.82,12.2,12.82,4809120,VIC
2016-01-05 07:00:00,12.69,12.88,12.63,12.82,2480100,VIC
2016-01-06 07:00:00,12.79,12.93,12.6,12.82,1976280,VIC
2016-01-07 07:00:00,12.63,13.01,12.55,12.96,2852010,VIC
2016-01-08 07:00:00,12.82,12.96,12.69,12.96,1641950,VIC
2016-01-11 07:00:00,12.96,13.25,12.85,13.04,1591300,VIC
2016-01-12 07:00:00,13.04,13.06,12.85,12.96,1030900,VIC
2016-01-13 07:00:00,12.96,12.96,12.74,12.93,2003030,VIC
2016-01-14 07:00:00,12.74,13.01,12.74,12.96,2616100,VIC
2016-01-15 07:00:00,12.98,12.98,12.79,12.82,931360,VIC
2016-01-18 07:00:00,12.63,12.85,12.15,12.82,2516720,VIC
2016-01-19 07:00:00,12.74,12.98,12.74,12.82,736420,VIC
2016-01-20 07:00:00,12.71,12.96,12.71,12.79,1569270,VIC
2016-01-21 07:00:00,12.88,12.96,12.77,12.9,2201170,VIC
2016-01-22 07:00:00,12.9,13.25,12.9,13.04,1432160,VIC
2016-01-25 07:00:00,13.09,13.09,12.96,13.04,1960040,VIC
2016-01-26 07:00:00,12.96,13.06,12.77,12.96,1779070,VIC
2016-01-27 07:00:00,12.79,12.85,12.66,12.82,3440360,VIC
2016-01-28 07:00:00,12.69,13.04,12.69,13.04,4244530,VIC
2016-01-29 07:00:00,12.96,13.01,12.74,12.85,2231860,VIC
2016-02-01 07:00:00,12.74,12.93,12.69,12.69,1133280,VIC
2016-02-02 07:00:00,12.63,12.74,12.6,12.69,1017260,VIC
2016-02-03 07:00:00,12.6,12.69,12.42,12.69,1102250,VIC
2016-02-04 07:00:00,12.69,12.82,12.69,12.69,404050,VIC
2016-02-05 07:00:00,12.52,12.69,12.52,12.58,895260,VIC
2016-02-15 07:00:00,12.55,12.58,12.28,12.28,685060,VIC
2016-02-16 07:00:00,12.47,12.47,12.28,12.31,392060,VIC
2016-02-17 07:00:00,12.5,12.5,12.28,12.28,259490,VIC
2016-02-18 07:00:00,12.42,12.47,12.34,12.42,595150,VIC
2016-02-19 07:00:00,12.39,12.39,11.96,12.17,1393710,VIC
2016-02-22 07:00:00,12.17,12.2,12.04,12.2,724960,VIC
2016-02-23 07:00:00,12.2,12.5,12.2,12.31,418590,VIC
2016-02-24 07:00:00,12.25,12.39,12.17,12.25,534860,VIC
2016-02-25 07:00:00,12.28,12.39,12.25,12.28,528840,VIC
2016-02-26 07:00:00,12.31,12.36,12.06,12.15,1235270,VIC
2016-02-29 07:00:00,12.15,12.15,11.9,11.9,259290,VIC
2016-03-01 07:00:00,11.93,12.04,11.77,11.9,956870,VIC
2016-03-02 07:00:00,11.98,12.17,11.93,12.15,560340,VIC
2016-03-03 07:00:00,12.2,12.28,12.15,12.25,491450,VIC
2016-03-04 07:00:00,12.25,12.42,12.2,12.36,802550,VIC
2016-03-07 07:00:00,12.36,12.55,12.28,12.36,557500,VIC
2016-03-08 07:00:00,12.31,12.52,12.31,12.52,1079780,VIC
2016-03-09 07:00:00,12.55,12.66,12.55,12.55,1123530,VIC
2016-03-10 07:00:00,12.55,12.63,12.52,12.55,575310,VIC
2016-03-11 07:00:00,12.55,12.55,12.25,12.25,560370,VIC
2016-03-14 07:00:00,12.2,12.28,12.15,12.25,346630,VIC
2016-03-15 07:00:00,12.25,12.42,12.09,12.15,1073480,VIC
2016-03-16 07:00:00,12.06,12.12,12.04,12.04,434350,VIC
2016-03-17 07:00:00,12.2,12.23,12.12,12.15,488110,VIC
2016-03-18 07:00:00,12.15,12.17,11.9,11.9,5451040,VIC
2016-03-21 07:00:00,12.06,12.31,12.06,12.2,1039980,VIC
2016-03-22 07:00:00,12.2,12.31,12.12,12.28,657090,VIC
2016-03-23 07:00:00,12.15,12.31,12.04,12.25,1615870,VIC
2016-03-24 07:00:00,12.25,12.28,12.15,12.17,510060,VIC
2016-03-25 07:00:00,12.15,12.42,12.15,12.36,1257200,VIC
2016-03-28 07:00:00,12.44,12.63,12.39,12.6,820660,VIC
2016-03-29 07:00:00,12.69,12.79,12.58,12.63,1482760,VIC
2016-03-30 07:00:00,12.39,12.69,12.39,12.69,650730,VIC
2016-03-31 07:00:00,12.52,12.85,12.52,12.74,1398070,VIC
2016-04-01 07:00:00,12.74,12.79,12.63,12.74,548420,VIC
2016-04-04 07:00:00,12.77,12.77,12.63,12.71,351710,VIC
2016-04-05 07:00:00,12.71,12.77,12.55,12.71,323780,VIC
2016-04-06 07:00:00,12.71,12.85,12.66,12.85,547050,VIC
2016-04-07 07:00:00,12.85,12.88,12.71,12.74,289730,VIC
2016-04-08 07:00:00,12.74,12.85,12.66,12.82,600280,VIC
2016-04-11 07:00:00,12.82,13.63,12.82,13.63,1288260,VIC
2016-04-12 07:00:00,14.04,14.17,13.77,14.04,1157120,VIC
2016-04-13 07:00:00,13.9,14.3,13.63,14.04,807840,VIC
2016-04-14 07:00:00,14.04,14.71,13.9,14.17,1075850,VIC
2016-04-15 07:00:00,14.17,14.71,14.04,14.04,1549470,VIC
2016-04-19 07:00:00,14.04,14.04,13.42,13.42,1021510,VIC
2016-04-20 07:00:00,13.42,13.77,13.42,13.63,1417390,VIC
2016-04-21 07:00:00,13.9,14.17,13.63,13.9,1196330,VIC
2016-04-22 07:00:00,13.9,14.84,13.9,14.71,1729690,VIC
2016-04-25 07:00:00,14.98,15.12,14.17,14.17,1404690,VIC
2016-04-26 07:00:00,14.17,14.71,14.17,14.58,724510,VIC
2016-04-27 07:00:00,14.84,14.84,14.04,14.3,974580,VIC
2016-04-28 07:00:00,14.3,14.44,14.04,14.04,520580,VIC
2016-04-29 07:00:00,14.17,14.3,14.04,14.17,421970,VIC
2016-05-04 07:00:00,13.9,14.17,13.77,13.77,755160,VIC
2016-05-05 07:00:00,13.9,14.3,13.9,13.9,413180,VIC
2016-05-06 07:00:00,14.04,14.17,14.04,14.17,813560,VIC
2016-05-09 07:00:00,14.3,14.3,14.04,14.04,786590,VIC
2016-05-10 07:00:00,14.04,14.04,13.77,14.04,698580,VIC
2016-05-11 07:00:00,14.04,14.44,14.04,14.44,865680,VIC
2016-05-12 07:00:00,14.58,14.71,14.44,14.44,469130,VIC
2016-05-13 07:00:00,14.58,14.58,14.3,14.44,793060,VIC
2016-05-16 07:00:00,14.44,14.98,14.3,14.84,1233650,VIC
2016-05-17 07:00:00,14.98,14.98,14.71,14.71,518280,VIC
2016-05-18 07:00:00,14.71,14.71,14.44,14.44,586250,VIC
2016-05-19 07:00:00,14.71,14.71,14.3,14.44,623940,VIC
2016-05-20 07:00:00,14.44,14.58,13.9,13.9,1554880,VIC
2016-05-23 07:00:00,14.04,14.04,13.63,14.04,1410160,VIC
2016-05-24 07:00:00,14.3,14.3,13.9,14.04,471240,VIC
2016-05-25 07:00:00,14.04,14.17,13.9,14.04,283630,VIC
2016-05-26 07:00:00,14.04,14.04,13.63,13.77,611130,VIC
2016-05-27 07:00:00,13.77,14.04,13.77,13.9,383940,VIC
2016-05-30 07:00:00,14.04,14.58,14.04,14.44,1078090,VIC
2016-05-31 07:00:00,14.44,14.58,14.17,14.17,418750,VIC
2016-06-01 07:00:00,14.3,14.44,14.17,14.44,469570,VIC
2016-06-02 07:00:00,14.44,14.58,14.3,14.44,510870,VIC
2016-06-03 07:00:00,14.44,14.58,14.3,14.58,345410,VIC
2016-06-06 07:00:00,14.58,14.71,14.3,14.44,295810,VIC
2016-06-07 07:00:00,14.44,14.71,14.44,14.71,401370,VIC
2016-06-08 07:00:00,14.71,15.12,14.58,14.71,1064310,VIC
2016-06-09 07:00:00,14.71,14.84,14.58,14.71,113090,VIC
2016-06-10 07:00:00,14.71,14.84,14.58,14.58,170630,VIC
2016-06-13 07:00:00,14.44,14.44,14.17,14.17,631990,VIC
2016-06-14 07:00:00,14.17,14.44,14.17,14.44,278210,VIC
2016-06-15 07:00:00,14.58,14.71,14.3,14.44,311910,VIC
2016-06-16 07:00:00,14.44,14.58,14.3,14.44,455360,VIC
2016-06-17 07:00:00,14.3,14.44,14.04,14.04,3234450,VIC
2016-06-20 07:00:00,14.17,14.58,14.04,14.44,231660,VIC
2016-06-21 07:00:00,14.58,14.71,14.44,14.58,333390,VIC
2016-06-22 07:00:00,14.58,14.58,14.17,14.17,464600,VIC
2016-06-23 07:00:00,14.3,14.44,14.17,14.3,291630,VIC
2016-06-24 07:00:00,14.17,14.3,13.33,14.04,1143290,VIC
2016-06-27 07:00:00,14.66,14.66,14.36,14.52,527320,VIC
2016-06-28 07:00:00,14.52,14.52,14.3,14.3,414530,VIC
2016-06-29 07:00:00,14.3,14.54,14.3,14.4,625710,VIC
2016-06-30 07:00:00,14.54,15.3,14.46,14.82,814400,VIC
2016-07-01 07:00:00,15.14,15.44,14.96,15.3,888200,VIC
2016-07-04 07:00:00,15.44,15.6,15.3,15.3,459790,VIC
2016-07-05 07:00:00,15.44,15.74,15.3,15.3,579190,VIC
2016-07-06 07:00:00,15.3,15.44,15.14,15.3,528660,VIC
2016-07-07 07:00:00,15.44,15.6,15.14,15.44,640510,VIC
2016-07-08 07:00:00,15.6,15.6,15.3,15.44,718620,VIC
2016-07-11 07:00:00,15.44,15.6,15.14,15.3,632350,VIC
2016-07-12 07:00:00,15.3,15.6,15.3,15.6,1001810,VIC
2016-07-13 07:00:00,15.74,16.5,15.74,16.5,1578230,VIC
2016-07-14 07:00:00,16.5,16.64,16.05,16.05,973530,VIC
2016-07-15 07:00:00,16.2,16.34,15.9,16.34,373250,VIC
2016-07-18 07:00:00,16.34,16.34,16.05,16.2,519810,VIC
2016-07-19 07:00:00,16.2,16.34,15.14,15.6,1550450,VIC
2016-07-20 07:00:00,15.6,15.74,15.0,15.0,1193970,VIC
2016-07-21 07:00:00,15.14,15.44,14.96,15.14,622420,VIC
2016-07-22 07:00:00,15.14,15.3,14.88,15.0,628770,VIC
2016-07-25 07:00:00,15.14,15.3,15.0,15.14,148890,VIC
2016-07-26 07:00:00,15.14,15.3,14.94,15.14,266140,VIC
2016-07-27 07:00:00,15.14,15.3,15.0,15.3,335420,VIC
2016-07-28 07:00:00,15.44,15.9,15.3,15.74,528660,VIC
2016-07-29 07:00:00,15.74,15.74,15.3,15.3,359260,VIC
2016-08-01 07:00:00,15.44,15.6,15.14,15.44,460650,VIC
2016-08-02 07:00:00,15.14,15.6,15.14,15.3,1349020,VIC
2016-08-03 07:00:00,15.0,15.14,14.7,14.78,1214100,VIC
2016-08-04 07:00:00,14.84,14.88,14.24,14.24,732590,VIC
2016-08-05 07:00:00,13.95,14.19,13.35,13.41,1844020,VIC
2016-08-08 07:00:00,13.41,13.65,12.48,13.41,3019390,VIC
2016-08-09 07:00:00,13.41,13.74,13.35,13.65,827360,VIC
2016-08-10 07:00:00,13.71,14.58,13.71,14.58,2852080,VIC
2016-08-11 07:00:00,14.58,14.76,14.46,14.7,1964870,VIC
2016-08-12 07:00:00,14.84,14.84,14.58,14.7,1226560,VIC
2016-08-15 07:00:00,14.7,14.7,14.54,14.7,543500,VIC
2016-08-16 07:00:00,14.7,14.7,14.24,14.36,1691880,VIC
2016-08-17 07:00:00,14.36,14.6,14.1,14.36,1763870,VIC
2016-08-18 07:00:00,14.66,14.66,14.3,14.36,432750,VIC
2016-08-19 07:00:00,14.52,14.52,14.16,14.3,1158000,VIC
2016-08-22 07:00:00,14.4,14.4,14.01,14.07,1594810,VIC
2016-08-23 07:00:00,14.01,14.54,13.92,14.54,1687820,VIC
2016-08-24 07:00:00,14.54,14.64,14.48,14.54,478690,VIC
2016-08-25 07:00:00,14.54,14.54,14.34,14.48,644830,VIC
2016-08-26 07:00:00,14.4,14.48,14.36,14.4,240700,VIC
2016-08-29 07:00:00,14.4,14.6,14.4,14.4,858310,VIC
2016-08-30 07:00:00,14.4,14.52,14.24,14.42,233880,VIC
2016-08-31 07:00:00,14.4,14.54,14.36,14.42,482190,VIC
2016-09-01 07:00:00,14.46,14.48,14.28,14.4,349770,VIC
2016-09-05 07:00:00,14.42,14.42,14.28,14.36,394080,VIC
2016-09-06 07:00:00,14.48,14.52,14.36,14.36,598070,VIC
2016-09-07 07:00:00,14.42,14.42,14.22,14.24,515100,VIC
2016-09-08 07:00:00,14.4,14.4,14.28,14.34,334150,VIC
2016-09-09 07:00:00,14.54,14.66,14.46,14.64,918320,VIC
2016-09-12 07:00:00,15.0,15.0,14.66,14.94,728040,VIC
2016-09-13 07:00:00,14.84,14.96,14.7,14.72,393290,VIC
2016-09-14 07:00:00,14.84,14.84,14.48,14.48,801730,VIC
2016-09-15 07:00:00,14.7,15.21,14.7,15.14,824280,VIC
2016-09-16 07:00:00,14.95,15.8,14.95,15.8,2866190,VIC
2016-09-19 07:00:00,15.8,15.8,15.43,15.54,447860,VIC
2016-09-20 07:00:00,15.32,15.8,15.23,15.65,779080,VIC
2016-09-21 07:00:00,15.8,16.13,15.65,16.05,739790,VIC
2016-09-22 07:00:00,16.05,16.31,16.05,16.16,1031190,VIC
2016-09-23 07:00:00,16.2,16.29,16.16,16.29,464830,VIC
2016-09-26 07:00:00,16.29,16.53,16.05,16.42,420940,VIC
2016-09-27 07:00:00,16.46,16.88,16.42,16.88,362780,VIC
2016-09-28 07:00:00,16.7,16.72,16.16,16.4,1071170,VIC
2016-09-29 07:00:00,16.4,16.51,16.39,16.51,218130,VIC
2016-09-30 07:00:00,16.35,16.46,15.61,16.35,170270,VIC
2016-10-03 07:00:00,16.35,16.35,15.8,15.8,1050750,VIC
2016-10-04 07:00:00,15.8,16.16,15.72,16.16,446930,VIC
2016-10-05 07:00:00,16.27,16.35,16.05,16.09,254440,VIC
2016-10-06 07:00:00,16.09,16.09,15.65,15.69,797640,VIC
2016-10-07 07:00:00,15.8,15.94,15.58,15.72,250280,VIC
2016-10-10 07:00:00,15.87,15.87,15.43,15.47,286190,VIC
2016-10-11 07:00:00,15.5,15.61,15.32,15.47,307500,VIC
2016-10-12 07:00:00,15.47,15.72,15.47,15.5,164250,VIC
2016-10-13 07:00:00,15.61,15.83,15.39,15.8,1097150,VIC
2016-10-14 07:00:00,15.74,15.94,15.58,15.8,628940,VIC
2016-10-17 07:00:00,15.8,15.83,15.69,15.8,542930,VIC
2016-10-18 07:00:00,15.8,15.8,15.61,15.76,320680,VIC
2016-10-19 07:00:00,15.74,16.09,15.69,16.09,654870,VIC
2016-10-20 07:00:00,16.02,16.02,15.8,15.91,331270,VIC
2016-10-21 07:00:00,15.91,15.91,15.69,15.8,751380,VIC
2016-10-24 07:00:00,15.8,15.8,15.61,15.8,587640,VIC
2016-10-25 07:00:00,15.58,15.74,15.54,15.69,555710,VIC
2016-10-26 07:00:00,15.58,15.72,15.43,15.6,434490,VIC
2016-10-27 07:00:00,15.58,15.76,15.43,15.72,1053560,VIC
2016-10-28 07:00:00,15.72,15.87,15.65,15.74,711780,VIC
2016-10-31 07:00:00,15.61,15.89,15.54,15.61,980500,VIC
2016-11-01 07:00:00,15.61,15.74,15.61,15.7,207880,VIC
2016-11-02 07:00:00,15.72,15.87,15.54,15.54,481870,VIC
2016-11-03 07:00:00,15.47,15.72,15.37,15.58,488460,VIC
2016-11-04 07:00:00,15.43,15.69,15.43,15.58,166620,VIC
2016-11-07 07:00:00,15.58,15.74,15.54,15.7,195260,VIC
2016-11-08 07:00:00,15.69,15.76,15.65,15.72,351360,VIC
2016-11-09 07:00:00,15.76,15.76,15.43,15.61,846210,VIC
2016-11-10 07:00:00,15.72,15.8,15.65,15.72,254060,VIC
2016-11-11 07:00:00,15.72,16.16,15.56,16.16,1006070,VIC
2016-11-14 07:00:00,16.05,16.46,15.76,15.76,1412440,VIC
2016-11-15 07:00:00,15.8,15.98,15.63,15.7,404110,VIC
2016-11-16 07:00:00,15.7,15.91,15.65,15.69,465120,VIC
2016-11-17 07:00:00,15.65,15.72,15.45,15.69,993910,VIC
2016-11-18 07:00:00,15.8,15.8,15.54,15.65,376190,VIC
2016-11-21 07:00:00,15.61,15.65,15.5,15.65,326180,VIC
2016-11-22 07:00:00,15.58,15.69,15.58,15.65,261260,VIC
2016-11-23 07:00:00,15.65,15.72,15.63,15.69,286930,VIC
2016-11-24 07:00:00,15.69,15.69,15.45,15.61,619360,VIC
2016-11-25 07:00:00,15.54,15.61,15.25,15.61,1651400,VIC
2016-11-28 07:00:00,15.36,15.61,15.1,15.61,1107530,VIC
2016-11-29 07:00:00,15.61,15.61,15.25,15.25,986930,VIC
2016-11-30 07:00:00,15.08,15.43,14.84,15.43,1461410,VIC
2016-12-01 07:00:00,15.47,15.5,15.25,15.43,701120,VIC
2016-12-02 07:00:00,15.25,15.5,15.25,15.43,627590,VIC
2016-12-05 07:00:00,15.43,15.48,15.21,15.41,672940,VIC
2016-12-06 07:00:00,15.39,15.39,15.04,15.32,563020,VIC
2016-12-07 07:00:00,15.32,15.47,15.01,15.43,981090,VIC
2016-12-08 07:00:00,15.43,15.43,15.25,15.43,713700,VIC
2016-12-09 07:00:00,15.43,15.43,15.14,15.43,705920,VIC
2016-12-12 07:00:00,15.28,15.43,15.17,15.43,756230,VIC
2016-12-13 07:00:00,15.43,15.43,15.1,15.43,1231230,VIC
2016-12-14 07:00:00,15.43,15.61,15.28,15.6,830990,VIC
2016-12-15 07:00:00,15.54,15.58,15.37,15.43,388600,VIC
2016-12-16 07:00:00,15.43,15.61,15.19,15.61,3293250,VIC
2016-12-19 07:00:00,15.69,15.91,15.65,15.72,620190,VIC
2016-12-20 07:00:00,15.67,15.8,15.37,15.37,876460,VIC
2016-12-21 07:00:00,15.37,15.37,15.17,15.21,766850,VIC
2016-12-22 07:00:00,15.28,15.47,15.19,15.43,667670,VIC
2016-12-23 07:00:00,15.28,15.47,15.28,15.47,282360,VIC
2016-12-26 07:00:00,15.5,15.5,15.39,15.43,205460,VIC
2016-12-27 07:00:00,15.47,15.67,15.43,15.54,260080,VIC
2016-12-28 07:00:00,15.6,15.6,15.26,15.28,1112890,VIC
2016-12-29 07:00:00,15.28,15.45,15.28,15.39,386900,VIC
2016-12-30 07:00:00,15.28,15.43,15.28,15.43,704400,VIC
2017-01-03 07:00:00,15.43,15.43,15.28,15.28,321500,VIC
2017-01-04 07:00:00,15.28,15.45,15.28,15.45,314110,VIC
2017-01-05 07:00:00,15.39,15.58,15.39,15.54,359450,VIC
2017-01-06 07:00:00,15.58,15.98,15.56,15.83,850050,VIC
2017-01-09 07:00:00,15.91,15.98,15.87,15.87,459010,VIC
2017-01-10 07:00:00,15.87,15.91,15.74,15.76,432520,VIC
2017-01-11 07:00:00,15.76,15.96,15.65,15.8,415040,VIC
2017-01-12 07:00:00,15.87,15.91,15.74,15.8,518850,VIC
2017-01-13 07:00:00,15.82,15.96,15.78,15.91,506040,VIC
2017-01-16 07:00:00,15.91,15.91,15.74,15.74,249960,VIC
2017-01-17 07:00:00,15.8,15.8,15.54,15.67,662430,VIC
2017-01-18 07:00:00,15.54,15.67,15.47,15.47,743470,VIC
2017-01-19 07:00:00,15.47,15.54,15.36,15.43,1160620,VIC
2017-01-20 07:00:00,15.48,15.5,15.37,15.43,714290,VIC
2017-01-23 07:00:00,15.5,15.5,15.32,15.43,729750,VIC
2017-01-24 07:00:00,15.5,15.5,15.25,15.25,539560,VIC
2017-01-25 07:00:00,15.39,15.43,15.25,15.43,788030,VIC
2017-02-02 07:00:00,15.54,15.74,15.54,15.61,390520,VIC
2017-02-03 07:00:00,15.61,15.61,15.41,15.43,397270,VIC
2017-02-06 07:00:00,15.61,15.65,15.43,15.58,473180,VIC
2017-02-07 07:00:00,15.58,15.72,15.5,15.72,794850,VIC
2017-02-08 07:00:00,15.76,15.76,15.69,15.7,334800,VIC
2017-02-09 07:00:00,15.72,15.74,15.63,15.67,282170,VIC
2017-02-10 07:00:00,15.65,15.7,15.45,15.61,834560,VIC
2017-02-13 07:00:00,15.61,15.65,15.54,15.61,316160,VIC
2017-02-14 07:00:00,15.65,15.74,15.6,15.63,496140,VIC
2017-02-15 07:00:00,15.65,16.42,15.65,16.35,2270860,VIC
2017-02-16 07:00:00,16.35,16.42,16.16,16.16,871460,VIC
2017-02-17 07:00:00,16.2,16.2,16.02,16.16,692670,VIC
2017-02-20 07:00:00,16.09,16.68,15.91,16.64,804050,VIC
2017-02-21 07:00:00,16.64,17.27,16.64,17.06,1291740,VIC
2017-02-22 07:00:00,17.01,17.19,16.72,16.79,885490,VIC
2017-02-23 07:00:00,16.79,16.9,16.53,16.62,584670,VIC
2017-02-24 07:00:00,16.62,16.9,16.5,16.62,508290,VIC
2017-02-27 07:00:00,16.64,17.08,16.64,16.88,788600,VIC
2017-02-28 07:00:00,16.97,16.97,16.53,16.53,1009600,VIC
2017-03-01 07:00:00,16.42,16.66,16.27,16.42,651080,VIC
2017-03-02 07:00:00,16.39,16.51,16.16,16.2,794680,VIC
2017-03-03 07:00:00,16.33,16.5,16.27,16.35,290560,VIC
2017-03-06 07:00:00,16.5,16.68,16.39,16.44,366910,VIC
2017-03-07 07:00:00,16.44,16.64,16.39,16.48,238620,VIC
2017-03-08 07:00:00,16.48,16.48,16.16,16.35,554530,VIC
2017-03-09 07:00:00,16.35,16.35,16.24,16.24,271170,VIC
2017-03-10 07:00:00,16.18,16.42,16.16,16.24,841330,VIC
2017-03-13 07:00:00,16.39,16.42,16.24,16.24,362880,VIC
2017-03-14 07:00:00,16.24,16.35,16.18,16.18,370080,VIC
2017-03-15 07:00:00,16.2,16.24,15.91,15.98,557540,VIC
2017-03-16 07:00:00,15.87,16.16,15.87,16.16,192350,VIC
2017-03-17 07:00:00,16.24,16.46,16.09,16.09,1070220,VIC
2017-03-20 07:00:00,16.27,16.35,15.91,15.91,1170670,VIC
2017-03-21 07:00:00,16.09,16.09,15.06,15.23,6736840,VIC
2017-03-22 07:00:00,15.23,15.58,15.23,15.3,1495860,VIC
2017-03-23 07:00:00,15.3,15.65,15.3,15.61,1028940,VIC
2017-03-24 07:00:00,15.54,15.6,15.48,15.56,1562480,VIC
2017-03-27 07:00:00,15.47,15.58,15.43,15.56,1056690,VIC
2017-03-28 07:00:00,15.56,15.56,15.43,15.43,710950,VIC
2017-03-29 07:00:00,15.54,15.58,15.43,15.5,732520,VIC
2017-03-30 07:00:00,15.54,15.56,15.43,15.5,665180,VIC
2017-03-31 07:00:00,15.47,15.56,15.36,15.36,604220,VIC
2017-04-03 07:00:00,15.36,15.43,15.25,15.25,623430,VIC
2017-04-04 07:00:00,15.32,15.43,15.26,15.43,529490,VIC
2017-04-05 07:00:00,15.43,15.47,15.28,15.28,526530,VIC
2017-04-07 07:00:00,15.28,15.43,15.25,15.43,370920,VIC
2017-04-10 07:00:00,15.43,15.61,15.39,15.58,949330,VIC
2017-04-11 07:00:00,15.47,15.78,15.47,15.63,1211260,VIC
2017-04-12 07:00:00,15.63,15.76,15.43,15.45,660120,VIC
2017-04-13 07:00:00,15.45,15.7,15.45,15.58,860710,VIC
2017-04-14 07:00:00,15.5,15.56,15.32,15.34,700080,VIC
2017-04-17 07:00:00,15.34,15.43,14.97,15.34,1273790,VIC
2017-04-18 07:00:00,15.25,15.43,15.17,15.32,420640,VIC
2017-04-19 07:00:00,15.32,15.32,15.23,15.25,961170,VIC
2017-04-20 07:00:00,15.25,15.28,14.88,14.92,1169510,VIC
2017-04-21 07:00:00,14.77,15.15,14.77,14.88,473170,VIC
2017-04-24 07:00:00,14.8,15.02,14.57,14.7,422960,VIC
2017-04-25 07:00:00,14.7,14.88,14.7,14.82,291630,VIC
2017-04-26 07:00:00,14.84,14.88,14.73,14.84,418510,VIC
2017-04-27 07:00:00,14.84,15.06,14.84,15.02,532960,VIC
2017-04-28 07:00:00,14.88,15.02,14.84,15.02,868180,VIC
2017-05-03 07:00:00,15.1,15.1,14.8,14.88,330500,VIC
2017-05-04 07:00:00,14.9,14.9,14.73,14.8,695060,VIC
2017-05-05 07:00:00,14.8,14.84,14.73,14.84,518030,VIC
2017-05-08 07:00:00,14.84,14.9,14.75,14.84,457360,VIC
2017-05-09 07:00:00,14.84,15.02,14.8,14.97,579970,VIC
2017-05-10 07:00:00,14.9,14.99,14.84,14.86,722530,VIC
2017-05-11 07:00:00,14.88,15.01,14.86,14.88,861350,VIC
2017-05-12 07:00:00,14.84,14.92,14.8,14.88,372820,VIC
2017-05-15 07:00:00,14.88,15.17,14.8,15.02,655580,VIC
2017-05-16 07:00:00,15.06,15.25,14.99,15.25,1007010,VIC
2017-05-17 07:00:00,15.17,15.32,15.12,15.17,538140,VIC
2017-05-18 07:00:00,15.17,15.32,15.08,15.17,815460,VIC
2017-05-19 07:00:00,15.17,15.17,14.95,15.02,645030,VIC
2017-05-22 07:00:00,14.99,15.21,14.99,15.14,825830,VIC
2017-05-23 07:00:00,15.14,15.14,14.99,15.01,799020,VIC
2017-05-24 07:00:00,15.02,15.04,14.84,14.88,1407180,VIC
2017-05-25 07:00:00,14.8,14.88,14.68,14.71,1822220,VIC
2017-05-26 07:00:00,14.73,14.88,14.7,14.88,724620,VIC
2017-05-29 07:00:00,14.88,14.97,14.7,14.93,784880,VIC
2017-05-30 07:00:00,14.8,14.92,14.79,14.79,665930,VIC
2017-05-31 07:00:00,14.8,14.95,14.77,14.79,633970,VIC
2017-06-01 07:00:00,14.88,14.93,14.79,14.9,710890,VIC
2017-06-02 07:00:00,14.9,14.93,14.84,14.92,630520,VIC
2017-06-05 07:00:00,14.88,14.93,14.79,14.92,494100,VIC
2017-06-06 07:00:00,14.97,14.97,14.9,14.93,439540,VIC
2017-06-07 07:00:00,14.93,15.06,14.93,15.06,494480,VIC
2017-06-08 07:00:00,15.1,15.36,14.95,15.17,702230,VIC
2017-06-09 07:00:00,15.21,15.36,15.21,15.28,538240,VIC
2017-06-12 07:00:00,15.36,15.56,15.28,15.56,1150090,VIC
2017-06-13 07:00:00,15.63,15.8,15.52,15.8,953070,VIC
2017-06-14 07:00:00,15.8,15.83,15.14,15.25,1835800,VIC
2017-06-15 07:00:00,15.28,15.54,15.28,15.54,777300,VIC
2017-06-16 07:00:00,15.74,15.8,15.58,15.8,3660640,VIC
2017-06-19 07:00:00,15.61,15.83,15.56,15.83,756020,VIC
2017-06-20 07:00:00,15.87,15.87,15.54,15.54,475170,VIC
2017-06-21 07:00:00,15.54,15.72,15.41,15.72,556290,VIC
2017-06-22 07:00:00,15.67,15.69,15.47,15.47,291210,VIC
2017-06-23 07:00:00,15.36,15.47,15.36,15.45,452090,VIC
2017-06-26 07:00:00,15.45,15.78,15.45,15.72,579860,VIC
2017-06-27 07:00:00,15.72,15.72,15.61,15.65,217480,VIC
2017-06-28 07:00:00,15.65,15.65,15.52,15.6,240730,VIC
2017-06-29 07:00:00,15.72,15.72,15.54,15.56,171730,VIC
2017-06-30 07:00:00,15.65,15.69,15.52,15.69,452240,VIC
2017-07-03 07:00:00,15.65,15.69,15.5,15.54,537620,VIC
2017-07-04 07:00:00,15.5,15.54,15.25,15.43,938440,VIC
2017-07-05 07:00:00,15.58,15.58,15.3,15.43,493510,VIC
2017-07-06 07:00:00,15.58,15.61,15.43,15.58,324260,VIC
2017-07-07 07:00:00,15.67,15.69,15.43,15.43,238900,VIC
2017-07-10 07:00:00,15.54,15.54,15.06,15.1,555810,VIC
2017-07-11 07:00:00,15.1,15.47,15.1,15.47,436010,VIC
2017-07-12 07:00:00,15.6,15.65,15.43,15.65,459760,VIC
2017-07-13 07:00:00,15.65,15.65,15.39,15.65,552600,VIC
2017-07-14 07:00:00,15.65,15.65,15.5,15.65,355150,VIC
2017-07-17 07:00:00,15.61,15.61,15.36,15.58,489240,VIC
2017-07-18 07:00:00,15.25,15.54,15.25,15.54,146220,VIC
2017-07-19 07:00:00,15.61,15.61,15.41,15.43,300130,VIC
2017-07-20 07:00:00,15.43,15.58,15.36,15.58,259280,VIC
2017-07-21 07:00:00,15.47,15.6,15.3,15.6,563380,VIC
2017-07-24 07:00:00,15.6,15.6,15.39,15.5,222770,VIC
2017-07-25 07:00:00,15.36,15.47,15.36,15.43,193720,VIC
2017-07-26 07:00:00,15.43,15.65,15.36,15.65,508260,VIC
2017-07-27 07:00:00,15.47,15.65,15.47,15.54,254710,VIC
2017-07-28 07:00:00,15.54,15.76,15.43,15.76,431700,VIC
2017-07-31 07:00:00,16.02,16.35,15.98,16.35,1244560,VIC
2017-08-01 07:00:00,16.35,16.35,16.16,16.31,404610,VIC
2017-08-02 07:00:00,16.13,16.35,16.13,16.31,388850,VIC
2017-08-03 07:00:00,16.24,16.46,16.16,16.31,481890,VIC
2017-08-04 07:00:00,16.39,16.5,16.31,16.37,436280,VIC
2017-08-07 07:00:00,16.37,16.39,16.27,16.35,342670,VIC
2017-08-08 07:00:00,16.35,16.5,16.35,16.5,655500,VIC
2017-08-09 07:00:00,16.35,16.53,15.98,15.98,631740,VIC
2017-08-10 07:00:00,15.98,16.09,15.8,15.87,178660,VIC
2017-08-11 07:00:00,15.87,16.05,15.76,15.98,125330,VIC
2017-08-14 07:00:00,15.98,16.0,15.87,15.98,227890,VIC
2017-08-15 07:00:00,15.94,15.98,15.61,15.65,508250,VIC
2017-08-16 07:00:00,15.61,15.74,15.58,15.72,259540,VIC
2017-08-17 07:00:00,15.8,15.8,15.58,15.7,334020,VIC
2017-08-18 07:00:00,15.7,15.83,15.58,15.7,523350,VIC
2017-08-21 07:00:00,15.54,15.76,15.54,15.76,297760,VIC
2017-08-22 07:00:00,15.65,15.8,15.65,15.72,219070,VIC
2017-08-23 07:00:00,15.89,15.91,15.72,15.91,141920,VIC
2017-08-24 07:00:00,15.98,16.15,15.91,16.0,391490,VIC
2017-08-25 07:00:00,16.0,16.44,16.0,16.37,625340,VIC
2017-08-28 07:00:00,16.37,16.72,16.2,16.72,815250,VIC
2017-08-29 07:00:00,16.68,16.97,16.51,16.92,1051820,VIC
2017-08-30 07:00:00,16.94,18.08,16.92,18.08,1588730,VIC
2017-08-31 07:00:00,18.0,18.59,17.82,18.0,1464890,VIC
2017-09-01 07:00:00,17.89,18.33,17.89,18.15,613910,VIC
2017-09-05 07:00:00,18.33,18.48,18.22,18.44,1083940,VIC
2017-09-06 07:00:00,18.44,18.44,18.0,18.37,977140,VIC
2017-09-07 07:00:00,18.37,18.37,18.15,18.35,468460,VIC
2017-09-08 07:00:00,18.37,18.85,18.13,18.59,1674650,VIC
2017-09-11 07:00:00,18.52,18.52,18.11,18.11,678430,VIC
2017-09-12 07:00:00,17.85,18.11,17.85,18.11,1762650,VIC
2017-09-13 07:00:00,18.11,18.13,17.63,17.67,983030,VIC
2017-09-14 07:00:00,17.47,18.37,17.47,18.06,1038060,VIC
2017-09-15 07:00:00,17.71,18.18,17.71,17.96,3535620,VIC
2017-09-18 07:00:00,17.96,18.15,17.93,18.0,309400,VIC
2017-09-19 07:00:00,18.0,18.11,17.95,18.04,677170,VIC
2017-09-20 07:00:00,18.04,18.06,17.89,18.0,587010,VIC
2017-09-21 07:00:00,18.0,18.04,17.65,18.04,642630,VIC
2017-09-22 07:00:00,18.08,18.26,17.74,18.04,635450,VIC
2017-09-25 07:00:00,18.0,18.11,17.93,18.0,991050,VIC
2017-09-26 07:00:00,18.0,18.35,17.93,18.15,1097210,VIC
2017-09-27 07:00:00,18.3,18.92,18.3,18.77,1612010,VIC
2017-09-28 07:00:00,18.88,19.03,18.66,18.66,802280,VIC
2017-09-29 07:00:00,18.55,18.81,18.55,18.81,771460,VIC
2017-10-02 07:00:00,18.81,18.85,18.7,18.74,719100,VIC
2017-10-03 07:00:00,18.77,19.29,18.77,18.77,2940110,VIC
2017-10-04 07:00:00,18.88,19.1,18.81,19.1,1930800,VIC
2017-10-05 07:00:00,19.14,19.54,19.1,19.36,1639860,VIC
2017-10-06 07:00:00,19.36,19.43,19.21,19.32,1246450,VIC
2017-10-09 07:00:00,19.25,19.25,18.85,19.1,655850,VIC
2017-10-10 07:00:00,18.92,19.18,18.63,19.18,1812200,VIC
2017-10-11 07:00:00,19.18,20.17,19.18,20.17,1820720,VIC
2017-10-12 07:00:00,20.17,20.5,19.8,20.2,955520,VIC
2017-10-13 07:00:00,20.02,20.57,19.98,20.57,1163690,VIC
2017-10-16 07:00:00,20.57,20.65,20.06,20.06,1164490,VIC
2017-10-17 07:00:00,20.13,20.5,20.02,20.32,611740,VIC
2017-10-18 07:00:00,20.32,20.46,20.17,20.17,645210,VIC
2017-10-19 07:00:00,20.17,20.28,20.02,20.2,652270,VIC
2017-10-20 07:00:00,20.2,20.5,20.06,20.32,1699930,VIC
2017-10-23 07:00:00,20.35,20.43,20.2,20.35,1042390,VIC
2017-10-24 07:00:00,20.39,20.5,20.1,20.39,1015940,VIC
2017-10-25 07:00:00,20.39,20.43,20.2,20.32,639470,VIC
2017-10-26 07:00:00,20.32,20.35,19.47,20.32,1424800,VIC
2017-10-27 07:00:00,20.5,21.09,20.28,20.94,1881040,VIC
2017-10-30 07:00:00,21.09,21.49,20.98,21.31,1520110,VIC
2017-10-31 07:00:00,21.42,21.6,21.2,21.49,1225710,VIC
2017-11-01 07:00:00,21.49,21.6,21.38,21.53,1443760,VIC
2017-11-02 07:00:00,21.53,22.04,21.49,22.04,1396970,VIC
2017-11-03 07:00:00,22.01,22.26,21.68,22.12,1227960,VIC
2017-11-06 07:00:00,22.19,22.34,22.04,22.23,1023210,VIC
2017-11-07 07:00:00,22.34,22.96,22.15,22.78,1645400,VIC
2017-11-08 07:00:00,23.51,24.1,22.96,24.06,2031740,VIC
2017-11-09 07:00:00,24.8,25.72,24.61,25.2,1902810,VIC
2017-11-10 07:00:00,24.91,25.72,23.99,24.25,2037660,VIC
2017-11-13 07:00:00,24.25,25.2,23.99,25.2,1213210,VIC
2017-11-14 07:00:00,25.16,25.53,24.76,25.2,1697460,VIC
2017-11-15 07:00:00,25.2,25.53,24.72,25.35,2415870,VIC
2017-11-16 07:00:00,24.98,25.68,24.98,25.68,1449350,VIC
2017-11-17 07:00:00,25.79,26.45,25.68,26.23,1572620,VIC
2017-11-20 07:00:00,26.38,28.03,26.27,28.03,1958970,VIC
2017-11-21 07:00:00,28.66,29.98,28.1,28.29,3764030,VIC
2017-11-22 07:00:00,28.29,28.95,27.0,27.92,1670670,VIC
2017-11-23 07:00:00,27.92,28.58,27.63,28.1,1302120,VIC
2017-11-24 07:00:00,28.1,28.1,27.37,27.37,858280,VIC
2017-11-27 07:00:00,27.18,29.21,26.45,27.92,2152690,VIC
2017-11-28 07:00:00,28.47,28.99,27.92,27.99,1786250,VIC
2017-11-29 07:00:00,28.29,28.29,27.96,27.99,1324620,VIC
2017-11-30 07:00:00,27.99,28.18,27.37,27.37,1728020,VIC
2017-12-01 07:00:00,27.37,27.7,27.11,27.41,966230,VIC
2017-12-04 07:00:00,27.59,28.36,27.37,27.96,1716220,VIC
2017-12-05 07:00:00,28.29,28.84,26.01,26.82,3682370,VIC
2017-12-06 07:00:00,27.04,27.04,25.68,26.82,2680770,VIC
2017-12-07 07:00:00,26.63,27.11,26.08,26.45,1010070,VIC
2017-12-08 07:00:00,26.23,27.0,25.53,26.82,1767290,VIC
2017-12-11 07:00:00,26.45,26.89,26.08,26.45,1057910,VIC
2017-12-12 07:00:00,26.82,26.86,25.35,26.16,1138470,VIC
2017-12-13 07:00:00,26.34,26.52,26.05,26.45,547600,VIC
2017-12-14 07:00:00,26.41,26.63,26.08,26.45,477210,VIC
2017-12-15 07:00:00,25.97,26.34,25.75,25.79,4185530,VIC
2017-12-18 07:00:00,26.23,27.18,26.23,27.18,1199690,VIC
2017-12-19 07:00:00,27.41,27.74,26.93,27.0,1006310,VIC
2017-12-20 07:00:00,26.93,27.15,26.6,27.0,1506770,VIC
2017-12-21 07:00:00,27.15,27.74,26.82,26.82,1721550,VIC
2017-12-22 07:00:00,27.08,27.77,26.96,27.77,2254940,VIC
2017-12-25 07:00:00,27.88,28.66,27.85,28.66,1399540,VIC
2017-12-26 07:00:00,28.76,29.02,28.58,28.66,2308080,VIC
2017-12-27 07:00:00,28.66,29.02,28.18,28.36,2925370,VIC
2017-12-28 07:00:00,28.47,28.84,28.44,28.44,1109290,VIC
2017-12-29 07:00:00,28.51,29.35,28.29,28.4,2105550,VIC
2018-01-02 07:00:00,28.51,28.84,28.44,28.73,1435130,VIC
2018-01-03 07:00:00,29.21,30.56,28.88,29.57,5014340,VIC
2018-01-04 07:00:00,29.94,30.53,29.57,29.76,2937490,VIC
2018-01-05 07:00:00,29.76,29.76,29.02,29.39,2825160,VIC
2018-01-08 07:00:00,29.39,30.09,29.06,29.5,3978990,VIC
2018-01-09 07:00:00,29.72,30.31,29.39,29.61,3276860,VIC
2018-01-10 07:00:00,29.76,30.24,29.61,29.68,3525280,VIC
2018-01-11 07:00:00,29.68,30.2,29.43,29.76,3234530,VIC
2018-01-12 07:00:00,31.37,31.7,29.87,31.37,5641810,VIC
2018-01-15 07:00:00,31.74,32.62,31.63,32.03,3992270,VIC
2018-01-16 07:00:00,31.59,32.15,31.23,31.59,4033950,VIC
2018-01-17 07:00:00,30.86,31.89,30.49,30.86,3664360,VIC
2018-01-18 07:00:00,30.49,31.01,29.57,31.01,2516550,VIC
2018-01-19 07:00:00,31.23,31.67,30.86,30.86,4547470,VIC
2018-01-22 07:00:00,31.04,31.45,30.86,31.23,1971820,VIC
2018-01-25 07:00:00,31.23,32.88,31.23,31.26,6498690,VIC
2018-01-26 07:00:00,31.59,31.78,31.19,31.41,1879950,VIC
2018-01-29 07:00:00,31.59,32.07,31.3,31.41,1648430,VIC
2018-01-30 07:00:00,31.41,31.52,30.68,31.23,2528460,VIC
2018-01-31 07:00:00,31.41,32.48,31.26,31.59,5163910,VIC
2018-02-01 07:00:00,32.15,32.26,31.23,31.81,2444650,VIC
2018-02-02 07:00:00,31.78,32.51,31.78,32.03,4141270,VIC
2018-02-05 07:00:00,31.37,31.59,29.79,29.79,2587460,VIC
2018-02-06 07:00:00,27.74,29.79,27.74,29.79,6416850,VIC
2018-02-07 07:00:00,30.12,30.46,29.76,29.76,1569240,VIC
2018-02-08 07:00:00,29.39,29.76,29.02,29.02,1035980,VIC
2018-02-09 07:00:00,27.92,28.88,27.37,28.73,1512070,VIC
2018-02-12 07:00:00,29.02,30.71,29.02,30.71,1403590,VIC
2018-02-13 07:00:00,31.23,31.96,30.86,31.63,1361140,VIC
2018-02-21 07:00:00,32.29,33.8,32.07,33.06,3032580,VIC
2018-02-22 07:00:00,33.06,33.8,32.73,33.25,2059700,VIC
2018-02-23 07:00:00,33.43,33.8,33.43,33.65,1315690,VIC
2018-02-26 07:00:00,33.8,35.45,33.8,34.9,2663650,VIC
2018-02-27 07:00:00,35.45,35.6,33.98,34.35,2312070,VIC
2018-02-28 07:00:00,33.91,34.94,33.91,34.86,1652330,VIC
2018-03-01 07:00:00,34.68,35.19,34.28,34.53,1228940,VIC
2018-03-02 07:00:00,33.8,35.08,33.8,34.72,876310,VIC
2018-03-05 07:00:00,34.9,36.59,34.53,34.53,1957990,VIC
2018-03-06 07:00:00,35.27,36.19,34.53,36.19,1563590,VIC
2018-03-07 07:00:00,36.19,36.74,35.45,36.22,1554880,VIC
2018-03-08 07:00:00,36.0,38.35,35.97,37.91,2497640,VIC
2018-03-09 07:00:00,37.91,38.94,36.74,38.02,3193390,VIC
2018-03-12 07:00:00,37.84,38.24,36.63,36.74,4156360,VIC
2018-03-13 07:00:00,36.74,37.8,36.7,37.69,1364520,VIC
2018-03-14 07:00:00,37.66,38.54,37.66,37.66,2048400,VIC
2018-03-15 07:00:00,37.8,37.8,36.55,36.55,2784640,VIC
2018-03-16 07:00:00,36.52,37.1,36.52,36.63,3090070,VIC
2018-03-19 07:00:00,36.81,38.57,36.81,38.35,1201010,VIC
2018-03-20 07:00:00,37.84,38.76,37.84,38.28,1045660,VIC
2018-03-21 07:00:00,38.54,39.9,38.39,39.68,3520200,VIC
2018-03-22 07:00:00,40.04,40.67,39.68,39.68,2262170,VIC
2018-03-23 07:00:00,38.79,40.85,38.76,40.23,3455080,VIC
2018-03-26 07:00:00,40.41,43.02,39.86,41.81,4681960,VIC
2018-03-27 07:00:00,42.98,43.28,41.48,41.51,3149210,VIC
2018-03-28 07:00:00,41.51,42.62,41.22,42.06,1452270,VIC
2018-03-29 07:00:00,42.06,42.43,41.7,42.25,1580300,VIC
2018-03-30 07:00:00,42.28,43.06,41.88,43.06,1733950,VIC
2018-04-02 07:00:00,43.61,45.74,43.35,45.19,2458390,VIC
2018-04-03 07:00:00,44.89,45.19,44.38,44.93,2412640,VIC
2018-04-04 07:00:00,45.19,47.35,45.19,46.84,1939060,VIC
2018-04-05 07:00:00,48.49,48.86,47.65,48.13,3190050,VIC
2018-04-06 07:00:00,47.76,48.68,47.65,48.64,1954390,VIC
2018-04-09 07:00:00,49.6,49.78,48.86,49.56,3209490,VIC
2018-04-10 07:00:00,49.6,50.26,48.13,48.13,4492970,VIC
2018-04-11 07:00:00,48.35,49.04,45.55,46.29,3216110,VIC
2018-04-12 07:00:00,45.55,46.95,44.6,46.66,3592730,VIC
2018-04-13 07:00:00,47.02,47.98,46.66,46.88,2093210,VIC
2018-04-16 07:00:00,47.02,47.46,45.74,47.28,1686590,VIC
2018-04-17 07:00:00,47.76,48.49,46.84,47.76,2303090,VIC
2018-04-18 07:00:00,48.13,48.49,47.72,47.72,2306360,VIC
2018-04-19 07:00:00,47.24,47.39,44.42,44.42,5509300,VIC
2018-04-20 07:00:00,44.42,45.74,41.84,45.19,4165000,VIC
2018-04-23 07:00:00,45.55,46.22,45.11,45.26,4834080,VIC
2018-04-24 07:00:00,44.08,46.88,43.42,46.66,8719000,VIC
2018-04-26 07:00:00,46.58,46.66,45.15,46.66,6434440,VIC
2018-04-27 07:00:00,45.08,46.47,44.82,46.29,3015830,VIC
2018-05-02 07:00:00,46.29,46.29,44.08,45.92,5204200,VIC
2018-05-03 07:00:00,45.19,46.32,44.82,45.19,4728270,VIC
2018-05-04 07:00:00,44.67,45.96,44.08,45.74,3214170,VIC
2018-05-07 07:00:00,45.37,45.92,45.37,45.77,1059820,VIC
2018-05-08 07:00:00,45.77,45.88,45.26,45.52,1263540,VIC
2018-05-09 07:00:00,45.04,45.26,44.75,45.15,1685960,VIC
2018-05-10 07:00:00,45.11,45.11,44.08,44.27,1783310,VIC
2018-05-11 07:00:00,44.12,45.55,43.72,45.55,1349320,VIC
2018-05-14 07:00:00,45.92,48.49,45.92,48.49,2365670,VIC
2018-05-15 07:00:00,49.19,49.52,48.49,48.49,1713520,VIC
2018-05-16 07:00:00,48.49,48.49,47.02,47.76,879210,VIC
2018-05-17 07:00:00,47.76,47.76,45.0,45.19,1772650,VIC
2018-05-18 07:00:00,44.82,45.92,44.27,45.19,1523270,VIC
2018-05-21 07:00:00,45.19,45.19,42.03,42.03,2255860,VIC
2018-05-22 07:00:00,40.7,41.88,39.09,39.09,2590430,VIC
2018-05-23 07:00:00,37.14,39.05,36.37,37.84,2360420,VIC
2018-05-24 07:00:00,37.84,38.57,37.18,38.24,3032350,VIC
2018-05-25 07:00:00,38.24,40.63,36.74,39.31,2656380,VIC
2018-05-28 07:00:00,37.77,40.78,37.66,40.78,3154610,VIC
2018-05-29 07:00:00,39.05,40.96,38.98,40.41,1698700,VIC
2018-05-30 07:00:00,40.45,41.7,38.9,40.78,1827510,VIC
2018-05-31 07:00:00,41.07,42.98,40.04,42.62,5567040,VIC
2018-06-01 07:00:00,42.4,44.08,41.88,43.72,4227700,VIC
2018-06-04 07:00:00,43.72,44.12,43.53,44.08,901540,VIC
2018-06-05 07:00:00,44.08,45.0,43.57,44.49,996780,VIC
2018-06-06 07:00:00,44.08,45.7,43.24,45.59,2053160,VIC
2018-06-07 07:00:00,45.88,46.07,45.26,45.63,1475370,VIC
2018-06-08 07:00:00,45.26,45.85,44.82,45.63,902860,VIC
2018-06-11 07:00:00,45.55,45.96,45.0,45.66,1434380,VIC
2018-06-12 07:00:00,44.08,45.77,44.08,45.7,2086270,VIC
2018-06-13 07:00:00,44.82,47.02,44.82,47.02,1823230,VIC
2018-06-14 07:00:00,47.32,47.32,45.92,46.29,1578250,VIC
2018-06-15 07:00:00,46.29,46.58,45.37,45.37,4770820,VIC
2018-06-18 07:00:00,45.37,46.25,45.0,45.33,1411490,VIC
2018-06-19 07:00:00,44.64,45.33,42.98,45.19,2024310,VIC
2018-06-20 07:00:00,45.19,45.92,44.82,45.92,872130,VIC
2018-06-21 07:00:00,45.92,46.1,44.89,45.55,1700320,VIC
2018-06-22 07:00:00,45.88,45.88,45.11,45.11,461620,VIC
2018-06-25 07:00:00,45.92,45.92,45.19,45.44,562650,VIC
2018-06-26 07:00:00,44.45,45.52,44.27,45.41,762320,VIC
2018-06-27 07:00:00,45.41,46.22,45.19,46.0,1177710,VIC
2018-06-28 07:00:00,46.66,49.19,46.66,47.77,1193310,VIC
2018-06-29 07:00:00,46.71,47.91,46.71,47.77,2967850,VIC
2018-07-02 07:00:00,47.11,48.22,47.11,47.64,953200,VIC
2018-07-03 07:00:00,47.11,47.55,44.31,44.31,3208300,VIC
2018-07-04 07:00:00,44.22,47.2,43.11,46.66,1971010,VIC
2018-07-05 07:00:00,46.22,47.68,45.77,47.33,1420080,VIC
2018-07-06 07:00:00,46.26,47.51,45.24,47.2,1431620,VIC
2018-07-09 07:00:00,47.11,47.68,46.44,46.66,701990,VIC
2018-07-10 07:00:00,46.66,47.33,45.55,45.77,795030,VIC
2018-07-11 07:00:00,44.88,46.44,44.44,46.44,840120,VIC
2018-07-12 07:00:00,46.62,46.62,44.88,45.77,357710,VIC
2018-07-13 07:00:00,46.31,46.31,45.33,45.77,564040,VIC
2018-07-16 07:00:00,46.0,46.0,44.88,45.55,1073340,VIC
2018-07-17 07:00:00,44.88,46.26,44.44,46.22,1207830,VIC
2018-07-18 07:00:00,45.55,46.66,45.55,46.66,1918790,VIC
2018-07-19 07:00:00,46.66,46.66,45.77,46.66,2857260,VIC
2018-07-20 07:00:00,46.0,46.66,46.0,46.04,2187590,VIC
2018-07-23 07:00:00,46.04,47.33,45.91,46.22,1255810,VIC
2018-07-24 07:00:00,46.22,46.93,46.22,46.44,1493670,VIC
2018-07-25 07:00:00,46.44,46.84,46.26,46.4,755570,VIC
2018-07-26 07:00:00,46.8,47.11,46.4,47.11,1297470,VIC
2018-07-27 07:00:00,47.55,47.82,46.97,47.28,1187590,VIC
2018-07-30 07:00:00,47.51,47.51,46.93,47.28,1158200,VIC
2018-07-31 07:00:00,47.11,47.77,46.71,47.28,1902890,VIC
2018-08-01 07:00:00,47.24,47.77,47.24,47.33,1267370,VIC
2018-08-02 07:00:00,47.33,47.73,47.2,47.42,1629230,VIC
2018-08-03 07:00:00,47.64,50.08,47.46,49.55,2531090,VIC
2018-08-06 07:00:00,49.77,50.17,48.75,49.55,3669840,VIC
2018-08-07 07:00:00,49.33,49.55,48.84,49.02,1103740,VIC
2018-08-08 07:00:00,48.75,49.28,48.26,48.35,1617710,VIC
2018-08-09 07:00:00,47.77,48.31,46.22,46.31,2819240,VIC
2018-08-10 07:00:00,46.22,47.02,44.88,46.31,1885210,VIC
2018-08-13 07:00:00,46.0,46.22,45.06,45.68,1730190,VIC
2018-08-14 07:00:00,45.68,46.48,45.24,45.91,1167680,VIC
2018-08-15 07:00:00,45.91,46.35,45.28,45.28,644810,VIC
2018-08-16 07:00:00,44.48,45.82,44.48,45.37,1225510,VIC
2018-08-17 07:00:00,45.37,45.91,45.37,45.46,449530,VIC
2018-08-20 07:00:00,45.33,45.86,45.33,45.6,1000000,VIC
2018-08-21 07:00:00,45.55,45.82,45.33,45.82,1041910,VIC
2018-08-22 07:00:00,46.0,46.26,45.82,46.04,795470,VIC
2018-08-23 07:00:00,46.22,47.06,46.22,46.48,1808380,VIC
2018-08-24 07:00:00,46.48,46.71,46.13,46.22,1261290,VIC
2018-08-27 07:00:00,46.26,46.66,46.13,46.31,839360,VIC
2018-08-28 07:00:00,46.04,46.44,46.0,46.31,617620,VIC
2018-08-29 07:00:00,46.31,46.31,45.77,45.77,533720,VIC
2018-08-30 07:00:00,45.77,46.0,45.55,45.95,1172570,VIC
2018-08-31 07:00:00,45.91,45.95,45.11,45.95,1811230,VIC
2018-09-04 07:00:00,45.95,45.95,45.33,45.37,343190,VIC
2018-09-05 07:00:00,45.37,45.68,45.11,45.11,610500,VIC
2018-09-06 07:00:00,44.93,45.11,43.55,43.55,918940,VIC
2018-09-07 07:00:00,42.71,44.0,42.71,43.2,698830,VIC
2018-09-10 07:00:00,43.55,44.4,43.15,44.13,896450,VIC
2018-09-11 07:00:00,43.77,45.33,43.77,44.97,726370,VIC
2018-09-12 07:00:00,44.97,45.77,44.93,45.06,629760,VIC
2018-09-13 07:00:00,45.06,45.33,44.44,44.57,422540,VIC
2018-09-14 07:00:00,44.57,45.11,44.31,44.88,614370,VIC
2018-09-17 07:00:00,44.8,45.02,43.95,44.0,465650,VIC
2018-09-18 07:00:00,43.55,44.26,43.55,44.26,613160,VIC
2018-09-19 07:00:00,44.26,44.48,43.77,43.82,416470,VIC
2018-09-20 07:00:00,43.64,44.22,43.64,43.77,449420,VIC
2018-09-21 07:00:00,43.77,44.13,43.73,43.82,1584980,VIC
2018-09-24 07:00:00,43.82,44.57,43.82,44.26,323610,VIC
2018-09-25 07:00:00,44.26,44.26,44.08,44.22,426720,VIC
2018-09-26 07:00:00,44.08,44.13,44.0,44.0,505180,VIC
2018-09-27 07:00:00,44.0,44.08,43.77,43.82,497460,VIC
2018-09-28 07:00:00,43.82,43.82,43.6,43.68,857910,VIC
2018-10-01 07:00:00,44.4,45.55,43.77,43.77,1269410,VIC
2018-10-02 07:00:00,44.4,45.33,44.31,45.33,1206840,VIC
2018-10-03 07:00:00,45.77,46.17,45.24,45.42,860380,VIC
2018-10-04 07:00:00,45.37,45.42,44.71,44.71,635150,VIC
2018-10-05 07:00:00,44.4,44.62,43.68,43.77,1868060,VIC
2018-10-08 07:00:00,43.37,43.68,42.84,42.93,1766100,VIC
2018-10-09 07:00:00,42.93,43.24,42.71,42.93,944590,VIC
2018-10-10 07:00:00,42.93,43.42,42.88,42.93,1213420,VIC
2018-10-11 07:00:00,40.88,41.95,39.95,41.33,3276160,VIC
2018-10-12 07:00:00,41.33,43.33,41.24,42.66,1735640,VIC
2018-10-15 07:00:00,42.66,42.97,41.77,42.44,720500,VIC
2018-10-16 07:00:00,42.22,43.82,41.86,43.82,1290720,VIC
2018-10-17 07:00:00,43.82,44.26,43.64,44.0,1310430,VIC
2018-10-18 07:00:00,43.77,44.08,43.55,44.04,896140,VIC
2018-10-19 07:00:00,42.88,44.04,42.88,44.04,915870,VIC
2018-10-22 07:00:00,43.6,44.26,43.15,44.04,536930,VIC
2018-10-23 07:00:00,43.6,44.0,42.88,44.0,608750,VIC
2018-10-24 07:00:00,43.55,44.22,43.33,43.91,681290,VIC
2018-10-25 07:00:00,42.97,43.64,42.04,43.02,404050,VIC
2018-10-26 07:00:00,42.75,43.55,42.53,42.84,653110,VIC
2018-10-29 07:00:00,42.44,43.42,42.22,43.2,643700,VIC
2018-10-30 07:00:00,42.44,43.24,42.44,42.93,452080,VIC
2018-10-31 07:00:00,42.48,43.2,42.48,43.2,582470,VIC
2018-11-01 07:00:00,42.88,43.02,42.22,42.44,1225020,VIC
2018-11-02 07:00:00,42.48,42.97,42.44,42.66,1484060,VIC
2018-11-05 07:00:00,42.66,42.88,42.26,42.66,664130,VIC
2018-11-06 07:00:00,42.66,42.88,42.4,42.57,597170,VIC
2018-11-07 07:00:00,42.8,42.8,41.91,42.66,608180,VIC
2018-11-08 07:00:00,42.66,42.93,42.57,42.66,383030,VIC
2018-11-09 07:00:00,42.22,42.66,42.22,42.62,602570,VIC
2018-11-12 07:00:00,42.57,42.66,42.44,42.62,720990,VIC
2018-11-13 07:00:00,42.13,42.22,41.46,41.46,598800,VIC
2018-11-14 07:00:00,41.6,42.26,41.51,42.08,450950,VIC
2018-11-15 07:00:00,42.08,42.08,40.4,40.75,689540,VIC
2018-11-16 07:00:00,40.75,41.11,39.91,40.04,895700,VIC
2018-11-19 07:00:00,40.04,42.84,40.04,42.84,1553130,VIC
2018-11-20 07:00:00,42.08,43.2,42.08,43.2,1470120,VIC
2018-11-21 07:00:00,43.11,43.24,42.22,43.24,1609020,VIC
2018-11-22 07:00:00,43.2,43.55,42.88,43.55,1345610,VIC
2018-11-23 07:00:00,43.91,44.0,43.11,44.0,1055870,VIC
2018-11-26 07:00:00,44.0,44.66,43.55,44.66,642520,VIC
2018-11-27 07:00:00,44.66,45.86,44.66,45.11,467400,VIC
2018-11-28 07:00:00,45.11,45.33,44.8,45.33,577600,VIC
2018-11-29 07:00:00,45.55,45.77,45.2,45.33,367130,VIC
2018-11-30 07:00:00,44.88,45.33,43.33,45.2,1024240,VIC
2018-12-03 07:00:00,45.24,45.77,45.02,45.28,262710,VIC
2018-12-04 07:00:00,45.51,45.51,45.15,45.33,966490,VIC
2018-12-05 07:00:00,45.28,45.42,44.88,45.37,461240,VIC
2018-12-06 07:00:00,45.37,45.42,44.93,45.37,251610,VIC
2018-12-07 07:00:00,45.37,45.42,45.11,45.42,460960,VIC
2018-12-10 07:00:00,45.33,45.42,44.93,45.37,806730,VIC
2018-12-11 07:00:00,45.37,45.42,45.06,45.42,457470,VIC
2018-12-12 07:00:00,45.42,45.51,45.33,45.42,403320,VIC
2018-12-13 07:00:00,45.55,46.17,45.24,45.68,488820,VIC
2018-12-14 07:00:00,45.42,45.77,45.15,45.64,234660,VIC
2018-12-17 07:00:00,45.33,45.64,45.28,45.55,205950,VIC
2018-12-18 07:00:00,45.24,45.33,44.44,45.33,531470,VIC
2018-12-19 07:00:00,45.33,45.46,44.66,45.33,506600,VIC
2018-12-20 07:00:00,44.88,45.33,44.8,45.28,387370,VIC
2018-12-21 07:00:00,44.66,45.33,44.44,45.33,791040,VIC
2018-12-24 07:00:00,45.33,45.42,45.02,45.33,216960,VIC
2018-12-25 07:00:00,44.48,45.28,44.48,45.28,293610,VIC
2018-12-26 07:00:00,44.88,45.28,44.88,45.28,367750,VIC
2018-12-27 07:00:00,44.88,45.73,44.88,45.51,690680,VIC
2018-12-28 07:00:00,45.91,45.95,42.35,42.35,381320,VIC
2019-01-02 07:00:00,44.97,45.02,43.33,44.62,602450,VIC
2019-01-03 07:00:00,44.44,44.57,43.64,44.57,496950,VIC
2019-01-04 07:00:00,44.44,44.75,43.55,44.71,458000,VIC
2019-01-07 07:00:00,44.84,45.77,44.4,44.88,589150,VIC
2019-01-08 07:00:00,45.33,45.33,44.31,44.88,494300,VIC
2019-01-09 07:00:00,44.88,45.28,44.0,45.11,659210,VIC
2019-01-10 07:00:00,44.97,45.11,44.44,45.06,551980,VIC
2019-01-11 07:00:00,44.88,45.06,44.48,45.06,569030,VIC
2019-01-14 07:00:00,45.02,45.28,44.53,45.06,562930,VIC
2019-01-15 07:00:00,45.06,45.11,44.62,45.11,711450,VIC
2019-01-16 07:00:00,45.11,45.37,44.8,45.33,518160,VIC
2019-01-17 07:00:00,45.33,45.42,44.75,45.33,325130,VIC
2019-01-18 07:00:00,45.11,45.42,44.84,45.42,498290,VIC
2019-01-21 07:00:00,45.42,45.51,45.02,45.51,404250,VIC
2019-01-22 07:00:00,45.51,45.51,45.11,45.51,258070,VIC
2019-01-23 07:00:00,45.33,46.08,45.33,45.6,299570,VIC
2019-01-24 07:00:00,45.55,45.73,45.42,45.68,184720,VIC
2019-01-25 07:00:00,45.68,46.0,45.42,45.73,306670,VIC
2019-01-28 07:00:00,45.73,46.08,45.6,46.08,381260,VIC
2019-01-29 07:00:00,46.62,46.62,45.77,46.17,225310,VIC
2019-01-30 07:00:00,46.17,46.22,45.73,46.17,370040,VIC
2019-01-31 07:00:00,46.22,46.44,45.55,46.17,651020,VIC
2019-02-01 07:00:00,46.13,46.13,43.91,43.91,2095840,VIC
2019-02-11 07:00:00,45.24,46.22,44.97,46.22,527310,VIC
2019-02-12 07:00:00,46.62,48.48,46.22,48.48,769110,VIC
2019-02-13 07:00:00,48.0,48.57,47.64,48.44,822040,VIC
2019-02-14 07:00:00,48.44,50.22,48.44,50.17,995310,VIC
2019-02-15 07:00:00,50.22,50.22,49.77,49.77,670900,VIC
2019-02-18 07:00:00,49.99,50.53,49.64,50.53,829150,VIC
2019-02-19 07:00:00,50.44,51.82,50.44,51.55,1002020,VIC
2019-02-20 07:00:00,51.19,51.95,51.19,51.77,678800,VIC
2019-02-21 07:00:00,51.77,52.62,51.68,52.62,1162700,VIC
2019-02-22 07:00:00,52.44,52.62,51.82,51.99,720970,VIC
2019-02-25 07:00:00,51.99,52.39,51.5,51.68,624890,VIC
2019-02-26 07:00:00,51.55,51.82,50.44,51.33,792710,VIC
2019-02-27 07:00:00,51.33,52.39,51.33,52.17,824620,VIC
2019-02-28 07:00:00,51.99,52.17,50.26,50.66,1132410,VIC
2019-03-01 07:00:00,50.66,51.99,50.66,51.15,739260,VIC
2019-03-04 07:00:00,51.86,52.26,51.46,52.17,660550,VIC
2019-03-05 07:00:00,52.17,52.35,51.95,52.13,706060,VIC
2019-03-06 07:00:00,52.3,52.3,52.04,52.3,377280,VIC
2019-03-07 07:00:00,52.39,54.44,52.35,52.97,1797980,VIC
2019-03-08 07:00:00,52.88,53.15,52.48,52.48,845280,VIC
2019-03-11 07:00:00,51.99,52.57,51.99,52.57,429390,VIC
2019-03-12 07:00:00,52.88,53.06,52.53,52.7,902200,VIC
2019-03-13 07:00:00,52.66,53.33,51.99,52.22,1262350,VIC
2019-03-14 07:00:00,51.77,52.79,51.37,52.79,1155340,VIC
2019-03-15 07:00:00,53.02,53.02,52.39,52.75,1704580,VIC
2019-03-18 07:00:00,53.33,53.9,52.93,53.9,1114570,VIC
2019-03-19 07:00:00,53.9,54.39,53.64,53.77,1190080,VIC
2019-03-20 07:00:00,53.77,53.77,52.93,53.42,780190,VIC
2019-03-21 07:00:00,53.37,53.46,51.99,51.99,1208480,VIC
2019-03-22 07:00:00,51.99,52.84,51.99,52.7,1114660,VIC
2019-03-25 07:00:00,51.99,52.13,51.1,51.19,886800,VIC
2019-03-26 07:00:00,51.33,51.9,50.22,50.53,846570,VIC
2019-03-27 07:00:00,51.1,51.5,50.62,50.62,772080,VIC
2019-03-28 07:00:00,50.62,51.5,50.62,51.5,561880,VIC
2019-03-29 07:00:00,51.5,51.9,51.5,51.5,1099970,VIC
2019-04-01 07:00:00,51.73,51.77,51.46,51.77,828430,VIC
2019-04-02 07:00:00,51.95,52.08,51.64,51.68,1036350,VIC
2019-04-03 07:00:00,51.33,51.55,50.88,51.06,464270,VIC
2019-04-04 07:00:00,51.15,51.46,50.7,51.15,383730,VIC
2019-04-05 07:00:00,51.24,51.28,50.93,51.15,235790,VIC
2019-04-08 07:00:00,51.19,51.46,51.02,51.33,435190,VIC
2019-04-09 07:00:00,51.55,51.55,50.13,50.22,1156710,VIC
2019-04-10 07:00:00,50.22,50.66,49.28,49.68,696000,VIC
2019-04-11 07:00:00,49.68,51.1,49.68,51.1,350810,VIC
2019-04-12 07:00:00,51.1,51.1,50.22,50.3,551990,VIC
2019-04-16 07:00:00,48.66,50.26,48.0,50.26,1231190,VIC
2019-04-17 07:00:00,49.46,50.22,48.88,48.88,960220,VIC
2019-04-18 07:00:00,48.66,48.88,46.66,48.44,891240,VIC
2019-04-19 07:00:00,48.88,49.15,48.08,48.93,414050,VIC
2019-04-22 07:00:00,48.44,49.73,47.55,49.73,794060,VIC
2019-04-23 07:00:00,49.73,50.22,49.33,50.22,534660,VIC
2019-04-24 07:00:00,50.22,50.66,49.82,50.57,447820,VIC
2019-04-25 07:00:00,50.57,50.57,49.77,50.48,503490,VIC
2019-04-26 07:00:00,49.77,50.53,49.77,50.53,826050,VIC
2019-05-02 07:00:00,50.57,50.62,50.22,50.48,190970,VIC
2019-05-03 07:00:00,50.53,50.53,49.82,49.99,705500,VIC
2019-05-06 07:00:00,49.77,49.9,48.97,49.86,290580,VIC
2019-05-07 07:00:00,49.86,50.35,49.33,50.04,421350,VIC
2019-05-08 07:00:00,49.55,50.08,49.5,50.04,348500,VIC
2019-05-09 07:00:00,50.08,50.08,49.59,50.04,314140,VIC
2019-05-10 07:00:00,50.04,50.22,49.86,50.08,289160,VIC
2019-05-13 07:00:00,49.73,50.17,49.64,50.17,439200,VIC
2019-05-14 07:00:00,49.77,50.44,49.73,50.44,539280,VIC
2019-05-15 07:00:00,50.44,51.64,50.39,51.24,456790,VIC
2019-05-16 07:00:00,51.24,52.84,51.24,51.95,773010,VIC
2019-05-17 07:00:00,51.99,52.48,51.59,51.95,464260,VIC
2019-05-20 07:00:00,51.99,52.22,51.59,52.22,406340,VIC
2019-05-21 07:00:00,52.75,52.75,51.68,52.22,708620,VIC
2019-05-22 07:00:00,52.22,52.48,51.55,52.22,382330,VIC
2019-05-23 07:00:00,51.99,52.26,51.64,51.99,249830,VIC
2019-05-24 07:00:00,51.33,51.64,50.79,51.1,628560,VIC
2019-05-27 07:00:00,50.66,51.5,50.66,51.1,166080,VIC
2019-05-28 07:00:00,51.55,51.55,50.66,50.66,503270,VIC
2019-05-29 07:00:00,51.06,51.28,50.66,51.19,357950,VIC
2019-05-30 07:00:00,51.19,51.64,51.1,51.1,572810,VIC
2019-05-31 07:00:00,51.46,51.46,50.93,50.93,296610,VIC
2019-06-03 07:00:00,50.66,51.33,50.22,50.88,281510,VIC
2019-06-04 07:00:00,50.48,51.28,50.48,50.93,262740,VIC
2019-06-05 07:00:00,51.1,51.5,51.1,51.5,244400,VIC
2019-06-06 07:00:00,51.5,51.5,50.84,51.5,167500,VIC
2019-06-07 07:00:00,51.82,51.99,51.59,51.99,286940,VIC
2019-06-10 07:00:00,52.08,52.75,52.08,52.26,955890,VIC
2019-06-11 07:00:00,52.26,52.35,51.99,51.99,308910,VIC
2019-06-12 07:00:00,51.99,52.22,51.55,51.55,258350,VIC
2019-06-13 07:00:00,51.19,51.5,51.19,51.33,267940,VIC
2019-06-14 07:00:00,51.55,51.55,50.79,51.33,350180,VIC
2019-06-17 07:00:00,51.5,51.77,50.57,50.88,415390,VIC
2019-06-18 07:00:00,50.97,51.1,50.57,50.66,433860,VIC
2019-06-19 07:00:00,51.5,51.5,50.88,51.5,135220,VIC
2019-06-20 07:00:00,51.64,52.04,51.37,51.55,317480,VIC
2019-06-21 07:00:00,50.88,51.9,50.88,50.88,594210,VIC
2019-06-24 07:00:00,51.1,51.82,51.1,51.73,228390,VIC
2019-06-25 07:00:00,51.77,52.08,51.68,51.73,510700,VIC
2019-06-26 07:00:00,51.68,51.99,51.55,51.95,515020,VIC
2019-06-27 07:00:00,51.99,51.99,51.06,51.06,398280,VIC
2019-06-28 07:00:00,51.1,51.5,50.53,51.42,468590,VIC
2019-07-01 07:00:00,51.86,52.08,51.59,52.08,562110,VIC
2019-07-02 07:00:00,52.04,52.13,51.46,51.46,268150,VIC
2019-07-03 07:00:00,51.33,51.55,50.79,51.28,260170,VIC
2019-07-04 07:00:00,51.1,51.77,51.1,51.77,265260,VIC
2019-07-05 07:00:00,51.55,51.9,51.46,51.86,307400,VIC
2019-07-08 07:00:00,51.77,51.86,51.46,51.55,285840,VIC
2019-07-09 07:00:00,51.55,51.59,51.19,51.55,187330,VIC
2019-07-10 07:00:00,51.99,52.22,51.77,51.9,377060,VIC
2019-07-11 07:00:00,52.13,52.22,51.37,51.77,363380,VIC
2019-07-12 07:00:00,51.95,51.99,51.55,51.55,169920,VIC
2019-07-15 07:00:00,51.95,51.64,50.57,50.75,514900,VIC
2019-07-16 07:00:00,51.1,51.77,50.75,51.5,473360,VIC
2019-07-17 07:00:00,51.55,51.68,51.1,51.33,213640,VIC
2019-07-18 07:00:00,51.1,51.5,51.02,51.02,454560,VIC
2019-07-19 07:00:00,51.1,51.55,51.02,51.55,476260,VIC
2019-07-22 07:00:00,51.55,51.77,51.1,51.77,395900,VIC
2019-07-23 07:00:00,51.77,53.46,51.77,53.24,1502160,VIC
2019-07-24 07:00:00,53.55,54.3,53.42,54.22,661870,VIC
2019-07-25 07:00:00,53.59,55.59,53.59,54.75,740440,VIC
2019-07-26 07:00:00,54.53,54.79,54.04,54.26,416560,VIC
2019-07-29 07:00:00,54.66,55.28,54.26,55.28,566870,VIC
2019-07-30 07:00:00,55.28,55.55,54.22,54.44,366670,VIC
2019-07-31 07:00:00,54.44,54.75,53.42,54.22,406490,VIC
2019-08-01 07:00:00,54.66,55.33,54.44,55.28,365850,VIC
2019-08-02 07:00:00,54.22,54.7,54.17,54.44,483120,VIC
2019-08-05 07:00:00,54.26,54.26,52.44,52.44,760020,VIC
2019-08-06 07:00:00,51.55,53.24,51.33,53.24,441590,VIC
2019-08-07 07:00:00,51.55,53.42,52.26,52.44,345950,VIC
2019-08-08 07:00:00,52.44,54.44,52.44,54.22,545170,VIC
2019-08-09 07:00:00,54.22,54.44,53.42,53.42,400990,VIC
2019-08-12 07:00:00,53.42,53.86,53.33,53.33,107460,VIC
2019-08-13 07:00:00,53.28,53.33,52.44,52.48,310330,VIC
2019-08-14 07:00:00,53.1,53.33,52.53,52.7,302420,VIC
2019-08-15 07:00:00,51.99,53.77,51.99,53.77,327120,VIC
2019-08-16 07:00:00,53.15,54.35,53.15,54.22,347380,VIC
2019-08-19 07:00:00,54.44,54.44,53.99,54.17,211950,VIC
2019-08-20 07:00:00,54.17,54.44,53.77,53.77,206540,VIC
2019-08-21 07:00:00,53.77,54.44,53.77,54.39,252820,VIC
2019-08-22 07:00:00,54.66,56.22,54.53,56.04,671970,VIC
2019-08-23 07:00:00,56.04,56.04,55.37,55.55,513250,VIC
2019-08-26 07:00:00,55.55,55.55,54.84,55.46,355930,VIC
2019-08-27 07:00:00,55.5,55.86,54.44,54.44,397260,VIC
2019-08-28 07:00:00,54.3,54.88,54.17,54.22,242730,VIC
2019-08-29 07:00:00,54.88,54.88,53.82,54.44,350460,VIC
2019-08-30 07:00:00,54.88,55.06,54.22,54.88,220710,VIC
2019-09-03 07:00:00,54.88,55.28,54.3,54.66,174400,VIC
2019-09-04 07:00:00,54.66,54.88,54.08,54.39,385500,VIC
2019-09-05 07:00:00,54.62,54.84,54.22,54.22,303110,VIC
2019-09-06 07:00:00,54.22,54.66,53.77,53.82,280330,VIC
2019-09-09 07:00:00,54.17,54.57,53.82,54.48,165730,VIC
2019-09-10 07:00:00,54.66,54.75,54.22,54.22,247180,VIC
2019-09-11 07:00:00,54.22,54.57,53.77,53.99,176620,VIC
2019-09-12 07:00:00,53.99,54.26,53.9,53.99,188180,VIC
2019-09-13 07:00:00,54.26,54.62,53.68,54.39,278500,VIC
2019-09-16 07:00:00,54.22,55.42,54.22,54.57,330670,VIC
2019-09-17 07:00:00,54.26,55.02,54.22,54.57,416830,VIC
2019-09-18 07:00:00,54.44,54.57,54.26,54.3,181830,VIC
2019-09-19 07:00:00,54.44,54.57,53.95,53.99,345240,VIC
2019-09-20 07:00:00,53.95,54.17,53.06,53.06,1827050,VIC
2019-09-23 07:00:00,53.1,53.5,52.84,52.88,478830,VIC
2019-09-24 07:00:00,52.88,53.5,52.88,53.37,258080,VIC
2019-09-25 07:00:00,53.37,53.46,52.88,53.19,256590,VIC
2019-09-26 07:00:00,53.33,53.33,52.79,52.88,334000,VIC
2019-09-27 07:00:00,52.88,53.46,52.79,53.24,264300,VIC
2019-09-30 07:00:00,53.33,53.86,53.15,53.24,308680,VIC
2019-10-01 07:00:00,53.55,53.73,53.19,53.28,151960,VIC
2019-10-02 07:00:00,53.28,53.55,52.44,52.44,545260,VIC
2019-10-03 07:00:00,52.08,52.44,52.04,52.44,650460,VIC
2019-10-04 07:00:00,52.44,52.75,52.3,52.44,249050,VIC
2019-10-07 07:00:00,52.44,52.48,51.77,51.99,467120,VIC
2019-10-08 07:00:00,52.08,52.13,51.73,52.04,353740,VIC
2019-10-09 07:00:00,51.95,52.57,51.86,51.99,221530,VIC
2019-10-10 07:00:00,52.22,52.3,51.9,51.95,273470,VIC
2019-10-11 07:00:00,52.22,52.44,51.86,52.44,328950,VIC
2019-10-14 07:00:00,52.66,53.24,52.22,52.44,358150,VIC
2019-10-15 07:00:00,52.44,53.02,52.44,52.62,222070,VIC
2019-10-16 07:00:00,52.88,52.88,52.3,52.44,224670,VIC
2019-10-17 07:00:00,52.39,52.66,51.95,51.99,479110,VIC
2019-10-18 07:00:00,51.99,51.99,51.77,51.99,261460,VIC
2019-10-21 07:00:00,51.99,52.57,51.55,51.95,205580,VIC
2019-10-22 07:00:00,52.44,52.44,51.9,51.9,175690,VIC
2019-10-23 07:00:00,51.9,52.22,51.9,52.04,130200,VIC
2019-10-24 07:00:00,52.04,52.08,51.77,52.08,396910,VIC
2019-10-25 07:00:00,51.99,52.17,51.86,52.08,293710,VIC
2019-10-28 07:00:00,51.99,52.48,51.86,52.3,268360,VIC
2019-10-29 07:00:00,52.3,52.39,52.17,52.35,187020,VIC
2019-10-30 07:00:00,52.44,53.28,52.35,53.15,600930,VIC
2019-10-31 07:00:00,53.33,53.5,52.88,52.88,840720,VIC
2019-11-01 07:00:00,53.33,54.44,53.1,54.44,749070,VIC
2019-11-04 07:00:00,54.44,54.44,53.64,54.08,309680,VIC
2019-11-05 07:00:00,53.77,54.22,53.73,53.99,260520,VIC
2019-11-06 07:00:00,53.99,54.44,53.77,54.17,517800,VIC
2019-11-07 07:00:00,54.22,54.35,53.68,53.68,246740,VIC
2019-11-08 07:00:00,54.04,54.04,53.33,53.55,492950,VIC
2019-11-11 07:00:00,53.55,53.55,52.84,52.84,281300,VIC
2019-11-12 07:00:00,52.84,53.28,52.7,53.06,158520,VIC
2019-11-13 07:00:00,52.84,53.06,52.62,52.88,323490,VIC
2019-11-14 07:00:00,52.88,53.24,52.79,53.02,250100,VIC
2019-11-15 07:00:00,52.97,53.68,52.79,53.15,238410,VIC
2019-11-18 07:00:00,53.24,53.24,52.39,52.48,267820,VIC
2019-11-19 07:00:00,52.44,52.53,51.9,52.04,491510,VIC
2019-11-20 07:00:00,52.08,52.08,51.55,51.55,705410,VIC
2019-11-21 07:00:00,51.99,51.99,50.57,51.24,1567980,VIC
2019-11-22 07:00:00,51.64,51.95,51.24,51.64,308940,VIC
2019-11-25 07:00:00,51.64,51.64,51.33,51.55,234180,VIC
2019-11-26 07:00:00,51.55,51.55,51.15,51.19,1027110,VIC
2019-11-27 07:00:00,51.19,51.68,51.15,51.37,304630,VIC
2019-11-28 07:00:00,51.15,51.55,50.79,51.42,232980,VIC
2019-11-29 07:00:00,51.42,51.59,50.88,51.42,205040,VIC
2019-12-02 07:00:00,51.33,51.68,50.57,51.1,300040,VIC
2019-12-03 07:00:00,51.1,51.68,50.75,51.1,300130,VIC
2019-12-04 07:00:00,50.75,51.33,50.75,51.33,179900,VIC
2019-12-05 07:00:00,51.55,51.59,51.33,51.46,167250,VIC
2019-12-06 07:00:00,51.55,51.68,51.28,51.5,144740,VIC
2019-12-09 07:00:00,51.46,51.5,51.1,51.5,188330,VIC
2019-12-10 07:00:00,51.33,51.5,50.48,51.5,575810,VIC
2019-12-11 07:00:00,51.5,51.5,50.88,51.5,301370,VIC
2019-12-12 07:00:00,51.55,51.55,51.19,51.55,334050,VIC
2019-12-13 07:00:00,51.46,51.55,51.06,51.55,295370,VIC
2019-12-16 07:00:00,51.55,51.55,51.02,51.46,377010,VIC
2019-12-17 07:00:00,51.46,51.46,50.88,51.46,273030,VIC
2019-12-18 07:00:00,51.1,51.5,50.88,51.46,847090,VIC
2019-12-19 07:00:00,51.1,51.55,50.66,51.46,974360,VIC
2019-12-20 07:00:00,51.46,51.46,50.97,51.46,839200,VIC
2019-12-23 07:00:00,51.46,51.46,50.79,51.42,591380,VIC
2019-12-24 07:00:00,51.37,51.37,50.79,51.33,449960,VIC
2019-12-25 07:00:00,51.24,51.33,50.79,51.33,348350,VIC
2019-12-26 07:00:00,51.24,51.42,50.84,51.28,507390,VIC
2019-12-27 07:00:00,51.28,51.28,50.66,51.19,564070,VIC
2019-12-30 07:00:00,50.88,51.1,50.75,51.1,504080,VIC
2019-12-31 07:00:00,51.1,51.1,50.7,51.1,614630,VIC
2020-01-02 07:00:00,51.06,51.1,50.66,51.1,440280,VIC
2020-01-03 07:00:00,51.1,51.24,50.79,51.24,248940,VIC
2020-01-06 07:00:00,51.1,51.1,50.84,50.88,301910,VIC
2020-01-07 07:00:00,50.88,51.1,50.79,50.97,183910,VIC
2020-01-08 07:00:00,50.88,50.97,50.48,50.79,468910,VIC
2020-01-09 07:00:00,50.79,51.15,50.75,50.97,273870,VIC
2020-01-10 07:00:00,51.1,51.1,50.97,51.02,159120,VIC
2020-01-13 07:00:00,50.97,51.15,50.88,51.06,146680,VIC
2020-01-14 07:00:00,51.06,51.15,50.79,51.1,101150,VIC
2020-01-15 07:00:00,51.1,51.1,50.79,51.1,205600,VIC
2020-01-16 07:00:00,51.1,51.15,50.79,51.1,186740,VIC
2020-01-17 07:00:00,51.06,51.15,50.84,51.06,169100,VIC
2020-01-20 07:00:00,51.06,51.06,50.79,51.06,370670,VIC
2020-01-21 07:00:00,50.79,51.1,50.79,51.06,181510,VIC
2020-01-22 07:00:00,51.06,51.06,50.75,51.06,371780,VIC
2020-01-30 07:00:00,50.7,51.06,49.82,51.06,682720,VIC
2020-01-31 07:00:00,51.06,51.06,50.48,51.02,831740,VIC
2020-02-03 07:00:00,50.57,51.02,49.9,51.02,760420,VIC
2020-02-04 07:00:00,50.48,51.02,49.68,51.02,1485500,VIC
2020-02-05 07:00:00,51.02,51.02,50.22,50.88,468420,VIC
2020-02-06 07:00:00,50.84,50.97,50.13,50.84,676290,VIC
2020-02-07 07:00:00,50.66,50.84,49.77,50.84,1295520,VIC
2020-02-10 07:00:00,50.22,50.7,50.22,50.53,192700,VIC
2020-02-11 07:00:00,50.44,50.75,50.22,50.39,290630,VIC
2020-02-12 07:00:00,50.39,50.39,49.77,49.77,452790,VIC
2020-02-13 07:00:00,49.55,50.08,49.5,49.95,285340,VIC
2020-02-14 07:00:00,49.9,50.04,48.88,48.88,252390,VIC
2020-02-17 07:00:00,48.88,48.88,46.66,48.0,742220,VIC
2020-02-18 07:00:00,47.55,47.55,46.22,46.44,791870,VIC
2020-02-19 07:00:00,46.0,47.55,46.0,46.66,875320,VIC
2020-02-20 07:00:00,47.11,48.88,46.66,48.88,353570,VIC
2020-02-21 07:00:00,48.26,48.88,47.91,48.84,309060,VIC
2020-02-24 07:00:00,47.6,48.0,46.88,47.68,1428650,VIC
2020-02-25 07:00:00,47.42,47.68,47.06,47.55,543820,VIC
2020-02-26 07:00:00,46.22,47.37,46.22,47.06,625410,VIC
2020-02-27 07:00:00,47.02,47.11,46.26,46.93,740420,VIC
2020-02-28 07:00:00,46.66,46.84,45.77,46.84,870840,VIC
2020-03-02 07:00:00,46.22,46.84,45.64,46.84,742130,VIC
2020-03-03 07:00:00,46.71,46.93,46.44,46.88,557950,VIC
2020-03-04 07:00:00,46.48,46.88,46.0,46.88,443810,VIC
2020-03-05 07:00:00,46.71,47.06,46.13,46.93,352300,VIC
2020-03-06 07:00:00,46.66,46.66,45.82,46.66,750830,VIC
2020-03-09 07:00:00,45.11,45.33,43.42,43.42,966890,VIC
2020-03-10 07:00:00,41.33,44.08,40.53,43.42,825490,VIC
2020-03-11 07:00:00,43.55,43.55,40.48,43.11,1049580,VIC
2020-03-12 07:00:00,40.44,41.02,40.13,40.8,1896270,VIC
2020-03-13 07:00:00,38.22,41.11,37.95,41.11,1226880,VIC
2020-03-16 07:00:00,40.88,41.11,38.48,41.11,971340,VIC
2020-03-17 07:00:00,39.77,41.02,38.93,39.33,681330,VIC
2020-03-18 07:00:00,39.06,39.99,38.44,39.55,785390,VIC
2020-03-19 07:00:00,38.62,39.42,36.93,39.42,1103680,VIC
2020-03-20 07:00:00,39.42,39.42,36.66,36.66,1083480,VIC
2020-03-23 07:00:00,34.66,34.8,34.13,34.13,678160,VIC
2020-03-24 07:00:00,31.91,33.33,31.77,31.77,1474050,VIC
2020-03-25 07:00:00,31.77,34.0,30.22,34.0,1401570,VIC
2020-03-26 07:00:00,34.48,36.35,33.6,36.35,1242250,VIC
2020-03-27 07:00:00,36.44,38.84,35.33,38.57,1149310,VIC
2020-03-30 07:00:00,35.91,36.44,35.91,36.17,881240,VIC
2020-03-31 07:00:00,36.17,38.66,35.73,37.06,1296450,VIC
2020-04-01 07:00:00,36.66,38.66,36.0,38.22,437820,VIC
2020-04-03 07:00:00,38.22,40.44,38.22,40.44,1184500,VIC
2020-04-06 07:00:00,40.88,43.24,40.57,43.24,2698260,VIC
2020-04-07 07:00:00,43.37,44.84,41.33,43.24,2855700,VIC
2020-04-08 07:00:00,43.11,43.11,41.77,41.77,760120,VIC
2020-04-09 07:00:00,41.77,43.24,41.68,42.66,1560610,VIC
2020-04-10 07:00:00,42.66,43.02,41.64,42.22,983120,VIC
2020-04-13 07:00:00,42.57,42.66,42.17,42.66,1411550,VIC
2020-04-14 07:00:00,42.88,42.88,42.0,42.48,631630,VIC
2020-04-15 07:00:00,42.48,42.66,42.17,42.66,1176850,VIC
2020-04-16 07:00:00,42.66,42.66,42.08,42.62,845580,VIC
2020-04-17 07:00:00,42.35,42.71,39.64,42.71,1191510,VIC
2020-04-20 07:00:00,42.71,42.84,42.17,42.75,1055020,VIC
2020-04-21 07:00:00,42.44,42.44,41.11,41.33,892270,VIC
2020-04-22 07:00:00,40.88,41.24,40.22,41.11,884070,VIC
2020-04-23 07:00:00,41.33,42.17,41.2,41.33,347420,VIC
2020-04-24 07:00:00,41.33,41.73,41.06,41.33,300240,VIC
2020-04-27 07:00:00,42.22,42.22,40.88,40.88,453720,VIC
2020-04-28 07:00:00,41.11,41.28,40.66,40.88,222920,VIC
2020-04-29 07:00:00,40.84,41.51,40.22,40.84,314400,VIC
2020-05-04 07:00:00,40.84,41.11,39.99,40.8,259550,VIC
2020-05-05 07:00:00,40.8,41.33,40.8,41.2,274700,VIC
2020-05-06 07:00:00,41.15,42.22,41.11,42.22,773570,VIC
2020-05-07 07:00:00,42.22,42.66,41.77,42.66,617800,VIC
2020-05-08 07:00:00,42.84,44.44,42.71,43.33,1683960,VIC
2020-05-11 07:00:00,43.33,43.55,42.62,43.33,1358920,VIC
2020-05-12 07:00:00,43.28,43.28,42.22,43.11,770030,VIC
2020-05-13 07:00:00,42.26,42.66,40.66,42.22,2652530,VIC
2020-05-14 07:00:00,42.22,42.97,41.73,42.66,1002810,VIC
2020-05-15 07:00:00,42.66,43.33,42.57,43.11,327650,VIC
2020-05-18 07:00:00,43.11,43.11,42.44,42.88,229440,VIC
2020-05-19 07:00:00,43.15,43.28,42.66,42.88,729850,VIC
2020-05-20 07:00:00,42.84,43.11,42.71,42.93,254730,VIC
2020-05-21 07:00:00,43.11,43.55,43.06,43.55,674380,VIC
2020-05-22 07:00:00,43.55,43.55,42.84,42.84,292930,VIC
2020-05-25 07:00:00,42.75,43.15,42.66,43.15,216400,VIC
2020-05-26 07:00:00,43.11,43.33,42.84,43.06,360000,VIC
2020-05-27 07:00:00,43.06,43.51,42.88,43.06,591440,VIC
2020-05-28 07:00:00,43.06,43.33,42.8,43.11,314790,VIC
2020-05-29 07:00:00,43.11,43.33,42.93,43.11,493500,VIC
2020-06-01 07:00:00,43.11,43.2,42.88,43.2,481490,VIC
2020-06-02 07:00:00,43.2,43.2,42.88,42.97,501700,VIC
2020-06-03 07:00:00,42.88,43.02,42.44,43.02,466430,VIC
2020-06-04 07:00:00,43.02,43.02,42.66,42.66,550740,VIC
2020-06-05 07:00:00,42.66,42.75,42.22,42.22,525870,VIC
2020-06-08 07:00:00,42.31,43.37,42.31,42.66,482180,VIC
2020-06-09 07:00:00,43.11,43.11,42.71,42.75,318400,VIC
2020-06-10 07:00:00,42.75,42.75,42.4,42.48,488490,VIC
2020-06-11 07:00:00,42.48,42.75,41.33,41.33,761540,VIC
2020-06-12 07:00:00,39.99,41.11,39.95,40.8,875940,VIC
2020-06-15 07:00:00,41.33,41.33,39.55,39.55,791710,VIC
2020-06-16 07:00:00,40.66,42.13,39.95,41.51,658480,VIC
2020-06-17 07:00:00,41.33,41.51,40.22,40.84,380880,VIC
2020-06-18 07:00:00,40.84,41.11,40.4,40.44,312850,VIC
2020-06-19 07:00:00,40.44,43.24,40.44,43.24,1840100,VIC
2020-06-22 07:00:00,43.11,43.11,42.31,43.06,508020,VIC
2020-06-23 07:00:00,42.75,42.8,41.86,41.86,432630,VIC
2020-06-24 07:00:00,42.0,42.26,41.77,42.08,214320,VIC
2020-06-25 07:00:00,41.46,41.95,41.24,41.51,169470,VIC
2020-06-26 07:00:00,41.55,41.95,40.66,40.66,222240,VIC
2020-06-29 07:00:00,40.66,40.84,39.55,39.55,359370,VIC
2020-06-30 07:00:00,40.44,40.44,39.55,39.55,350550,VIC
2020-07-01 07:00:00,40.22,40.66,39.55,40.44,92060,VIC
2020-07-02 07:00:00,40.26,40.48,39.77,39.95,420700,VIC
2020-07-03 07:00:00,40.4,40.44,39.95,40.08,163320,VIC
2020-07-06 07:00:00,40.08,40.84,40.08,40.62,284020,VIC
2020-07-07 07:00:00,40.66,40.97,40.44,40.44,336860,VIC
2020-07-08 07:00:00,40.35,40.66,40.04,40.35,187450,VIC
2020-07-09 07:00:00,40.35,40.8,40.31,40.44,399710,VIC
2020-07-10 07:00:00,40.44,40.88,40.44,40.62,193330,VIC
2020-07-13 07:00:00,40.66,40.71,40.44,40.57,349810,VIC
2020-07-14 07:00:00,40.57,40.8,40.08,40.57,340990,VIC
2020-07-15 07:00:00,40.75,40.75,40.22,40.22,384240,VIC
2020-07-16 07:00:00,40.4,41.33,40.26,41.33,328050,VIC
2020-07-17 07:00:00,40.66,40.88,40.44,40.66,214530,VIC
2020-07-20 07:00:00,40.44,40.62,40.08,40.08,222400,VIC
2020-07-21 07:00:00,40.53,40.53,40.08,40.08,220660,VIC
2020-07-22 07:00:00,39.99,40.44,39.91,39.91,202110,VIC
2020-07-23 07:00:00,39.99,40.13,39.77,39.99,181680,VIC
2020-07-24 07:00:00,39.95,39.99,37.33,39.11,674430,VIC
2020-07-27 07:00:00,37.28,38.22,36.84,37.77,825080,VIC
2020-07-28 07:00:00,37.77,38.66,35.51,37.86,534300,VIC
2020-07-29 07:00:00,37.33,37.77,36.88,37.11,379370,VIC
2020-07-30 07:00:00,37.11,38.0,37.11,37.82,242030,VIC
2020-07-31 07:00:00,37.33,39.99,37.24,38.88,939040,VIC
2020-08-03 07:00:00,37.77,39.15,37.77,38.93,164310,VIC
2020-08-04 07:00:00,39.42,39.42,38.84,39.11,229230,VIC
2020-08-05 07:00:00,39.11,39.33,37.68,38.66,434490,VIC
2020-08-06 07:00:00,39.11,39.2,38.71,38.88,332340,VIC
2020-08-07 07:00:00,38.93,39.2,38.8,38.88,182500,VIC
2020-08-10 07:00:00,39.11,39.95,38.84,39.2,542550,VIC
2020-08-11 07:00:00,39.64,39.64,38.88,38.88,215330,VIC
2020-08-12 07:00:00,38.88,39.33,38.84,38.84,302330,VIC
2020-08-13 07:00:00,39.33,39.55,38.88,39.11,458680,VIC
2020-08-14 07:00:00,39.11,39.55,38.84,38.84,654070,VIC
2020-08-17 07:00:00,38.66,39.33,38.57,38.97,376200,VIC
2020-08-18 07:00:00,38.8,38.97,38.31,38.44,772670,VIC
2020-08-19 07:00:00,38.44,38.93,38.44,38.44,347140,VIC
2020-08-20 07:00:00,38.48,38.75,38.22,38.22,990220,VIC
2020-08-21 07:00:00,38.22,38.62,38.17,38.26,376790,VIC
2020-08-24 07:00:00,38.44,39.55,38.44,39.55,1052840,VIC
2020-08-25 07:00:00,39.55,40.84,39.55,40.44,1074660,VIC
2020-08-26 07:00:00,40.35,40.53,39.99,40.44,547280,VIC
2020-08-27 07:00:00,40.04,40.44,40.04,40.44,437950,VIC
2020-08-28 07:00:00,40.57,41.02,39.95,39.95,636020,VIC
2020-08-31 07:00:00,39.99,40.66,39.99,39.99,276580,VIC
2020-09-01 07:00:00,40.08,41.77,39.95,41.2,675310,VIC
2020-09-03 07:00:00,41.55,42.48,41.2,42.0,1037080,VIC
2020-09-04 07:00:00,42.0,42.44,41.46,41.77,825960,VIC
2020-09-07 07:00:00,41.77,42.35,40.66,40.66,465400,VIC
2020-09-08 07:00:00,40.71,41.11,40.22,40.22,622290,VIC
2020-09-09 07:00:00,40.17,41.06,39.73,40.22,865880,VIC
2020-09-10 07:00:00,40.44,41.11,40.22,40.22,421160,VIC
2020-09-11 07:00:00,39.99,41.02,39.95,40.48,411350,VIC
2020-09-14 07:00:00,40.57,41.6,40.53,41.37,608930,VIC
2020-09-15 07:00:00,41.42,42.22,41.42,42.22,983560,VIC
2020-09-16 07:00:00,42.17,42.44,41.37,42.44,544300,VIC
2020-09-17 07:00:00,41.37,42.44,41.33,41.77,833870,VIC
2020-09-18 07:00:00,42.22,42.4,41.55,41.77,1089310,VIC
2020-09-21 07:00:00,41.77,42.66,41.77,42.66,571860,VIC
2020-09-22 07:00:00,42.66,42.75,42.04,42.04,505230,VIC
2020-09-23 07:00:00,42.22,42.53,42.0,42.0,111830,VIC
2020-09-24 07:00:00,41.68,42.44,41.33,41.33,388940,VIC
2020-09-25 07:00:00,42.0,42.13,41.24,41.24,412210,VIC
2020-09-28 07:00:00,41.33,41.86,41.24,41.24,202840,VIC
2020-09-29 07:00:00,41.77,41.77,40.66,40.66,394490,VIC
2020-09-30 07:00:00,40.66,41.51,40.66,40.66,417360,VIC
2020-10-01 07:00:00,40.84,41.51,40.84,41.11,212510,VIC
2020-10-02 07:00:00,41.11,41.77,40.88,41.77,400770,VIC
2020-10-05 07:00:00,41.77,41.77,40.88,41.46,90450,VIC
2020-10-06 07:00:00,41.46,41.46,40.8,40.8,521190,VIC
2020-10-07 07:00:00,40.66,41.55,40.44,41.11,381520,VIC
2020-10-08 07:00:00,40.88,41.28,40.66,41.02,216990,VIC
2020-10-09 07:00:00,41.02,41.64,41.02,41.6,309580,VIC
2020-10-12 07:00:00,41.6,41.77,41.11,41.73,326290,VIC
2020-10-13 07:00:00,41.73,41.82,41.51,41.82,271990,VIC
2020-10-14 07:00:00,41.82,42.22,41.77,42.22,389260,VIC
2020-10-15 07:00:00,42.26,43.33,40.44,43.33,1358580,VIC
2020-10-16 07:00:00,43.6,43.6,43.06,43.37,596590,VIC
2020-10-19 07:00:00,43.46,43.51,43.28,43.42,370590,VIC
2020-10-20 07:00:00,43.28,43.51,42.57,43.46,511250,VIC
2020-10-21 07:00:00,43.46,43.51,42.97,43.24,172010,VIC
2020-10-22 07:00:00,43.11,44.48,43.02,44.48,621610,VIC
2020-10-23 07:00:00,44.53,46.62,44.44,46.22,1761080,VIC
2020-10-26 07:00:00,48.44,48.66,46.62,46.71,974720,VIC
2020-10-27 07:00:00,47.55,47.6,46.22,46.97,804020,VIC
2020-10-28 07:00:00,46.97,47.55,43.91,44.53,1184890,VIC
2020-10-29 07:00:00,44.53,45.77,44.44,44.75,1327780,VIC
2020-10-30 07:00:00,45.11,47.33,44.75,47.33,972400,VIC
2020-11-02 07:00:00,47.33,47.55,46.66,47.33,691110,VIC
2020-11-03 07:00:00,47.55,47.55,46.4,46.4,751070,VIC
2020-11-04 07:00:00,46.35,46.4,45.77,46.0,495340,VIC
2020-11-05 07:00:00,46.31,47.51,46.22,46.44,789860,VIC
2020-11-06 07:00:00,47.11,47.11,46.44,46.71,592830,VIC
2020-11-09 07:00:00,46.71,47.2,46.53,47.15,803680,VIC
2020-11-10 07:00:00,47.33,47.64,46.93,46.93,781980,VIC
2020-11-11 07:00:00,46.93,47.11,45.77,47.02,1032780,VIC
2020-11-12 07:00:00,47.02,47.46,46.66,47.46,682660,VIC
2020-11-13 07:00:00,47.46,48.0,47.15,47.73,535350,VIC
2020-11-16 07:00:00,47.73,48.22,44.44,45.33,1781800,VIC
2020-11-17 07:00:00,45.77,47.11,45.42,47.11,862320,VIC
2020-11-18 07:00:00,47.11,47.11,45.77,46.62,751270,VIC
2020-11-19 07:00:00,46.57,46.57,45.77,46.22,1192700,VIC
2020-11-20 07:00:00,46.44,46.44,45.95,46.13,533840,VIC
2020-11-23 07:00:00,46.22,46.71,45.82,46.13,735650,VIC
2020-11-24 07:00:00,46.17,46.66,45.82,46.22,812220,VIC
2020-11-25 07:00:00,46.26,47.2,46.26,46.93,1222490,VIC
2020-11-26 07:00:00,46.66,47.2,46.44,47.15,545450,VIC
2020-11-27 07:00:00,47.11,47.15,46.57,46.75,720830,VIC
2020-11-30 07:00:00,46.75,46.88,46.13,46.17,1596840,VIC
2020-12-01 07:00:00,45.77,46.66,45.68,46.66,953230,VIC
2020-12-02 07:00:00,46.62,46.88,46.31,46.66,497910,VIC
2020-12-03 07:00:00,46.66,47.02,46.35,47.02,731750,VIC
2020-12-04 07:00:00,47.02,47.33,46.44,47.02,797060,VIC
2020-12-07 07:00:00,47.11,47.11,46.71,47.02,678660,VIC
2020-12-08 07:00:00,47.02,47.02,46.57,46.66,747280,VIC
2020-12-09 07:00:00,46.66,47.11,46.4,47.11,789790,VIC
2020-12-10 07:00:00,47.11,47.55,46.62,46.62,979550,VIC
2020-12-11 07:00:00,46.62,47.46,46.62,47.46,569360,VIC
2020-12-14 07:00:00,47.42,48.4,46.88,48.4,1122380,VIC
2020-12-15 07:00:00,48.4,48.4,47.42,47.55,1205700,VIC
2020-12-16 07:00:00,47.46,47.6,47.06,47.55,756200,VIC
2020-12-17 07:00:00,47.55,47.55,46.48,46.53,1352580,VIC
2020-12-18 07:00:00,46.53,47.15,46.44,46.53,1350780,VIC
2020-12-21 07:00:00,46.88,47.28,46.62,47.28,587100,VIC
2020-12-22 07:00:00,47.11,47.77,46.8,46.97,518320,VIC
2020-12-23 07:00:00,46.97,47.55,46.84,46.97,701430,VIC
2020-12-24 07:00:00,47.55,47.55,46.22,46.97,831440,VIC
2020-12-25 07:00:00,46.97,47.28,46.66,47.06,370300,VIC
2020-12-28 07:00:00,47.06,47.37,46.84,47.06,711710,VIC
2020-12-29 07:00:00,47.15,47.37,47.02,47.33,612360,VIC
2020-12-30 07:00:00,47.42,48.71,47.42,48.22,1528950,VIC
2020-12-31 07:00:00,48.22,48.57,46.88,48.08,656040,VIC
2021-01-04 07:00:00,48.22,48.44,47.33,48.0,991100,VIC
2021-01-05 07:00:00,47.64,48.84,47.64,48.75,1192200,VIC
2021-01-06 07:00:00,48.88,49.11,48.4,48.97,1283000,VIC
2021-01-07 07:00:00,49.06,49.33,48.44,48.93,862300,VIC
2021-01-08 07:00:00,48.93,50.08,48.93,49.68,1348700,VIC
2021-01-11 07:00:00,50.13,50.93,50.13,50.57,1536700,VIC
2021-01-12 07:00:00,51.55,51.55,50.53,50.84,981100,VIC
2021-01-13 07:00:00,50.84,50.93,49.37,49.37,1237900,VIC
2021-01-14 07:00:00,49.55,49.9,48.88,49.06,1439100,VIC
2021-01-15 07:00:00,49.5,49.86,48.79,49.42,1238000,VIC
2021-01-18 07:00:00,49.77,49.82,48.93,49.02,826900,VIC
2021-01-19 07:00:00,49.02,49.02,45.6,45.64,1367600,VIC
2021-01-20 07:00:00,45.77,46.66,45.55,45.91,1875500,VIC
2021-01-21 07:00:00,46.66,46.75,45.77,46.71,1564600,VIC
2021-01-22 07:00:00,46.71,47.33,46.66,46.66,1094200,VIC
2021-01-25 07:00:00,46.66,47.02,46.26,46.57,827300,VIC
2021-01-26 07:00:00,46.57,46.66,44.26,45.11,1028600,VIC
2021-01-27 07:00:00,45.11,45.77,44.22,44.44,1488900,VIC
2021-01-28 07:00:00,41.91,42.66,41.33,41.33,1742900,VIC
2021-01-29 07:00:00,41.11,44.22,41.11,44.17,1692900,VIC
2021-02-01 07:00:00,44.17,45.77,43.91,44.0,1340000,VIC
2021-02-02 07:00:00,44.0,47.06,44.0,47.06,1771200,VIC
2021-02-03 07:00:00,46.66,48.0,46.66,47.77,1698900,VIC
2021-02-04 07:00:00,47.73,47.77,45.33,46.66,1022400,VIC
2021-02-05 07:00:00,46.66,47.77,46.66,47.77,922900,VIC
2021-02-08 07:00:00,47.91,47.91,44.88,44.88,3422500,VIC
2021-02-09 07:00:00,46.22,47.33,45.11,47.2,1758000,VIC
2021-02-17 07:00:00,47.24,48.0,47.2,48.0,1253600,VIC
2021-02-18 07:00:00,47.77,48.88,47.15,48.88,1434400,VIC
2021-02-19 07:00:00,47.82,48.66,47.55,48.44,1433200,VIC
2021-02-22 07:00:00,48.53,49.19,47.11,48.75,1481000,VIC
2021-02-23 07:00:00,48.08,49.64,47.77,48.88,1393900,VIC
2021-02-24 07:00:00,49.5,49.5,47.11,48.08,950100,VIC
2021-02-25 07:00:00,48.66,48.84,47.15,48.4,1013500,VIC
2021-02-26 07:00:00,47.2,48.84,47.2,48.44,926800,VIC
2021-03-01 07:00:00,48.84,48.84,47.86,48.22,777700,VIC
2021-03-02 07:00:00,48.22,48.48,47.2,48.08,926300,VIC
2021-03-03 07:00:00,47.37,48.08,47.33,47.51,1075300,VIC
2021-03-04 07:00:00,47.82,47.95,47.37,47.51,1671400,VIC
2021-03-05 07:00:00,47.51,47.77,47.02,47.24,1294800,VIC
2021-03-08 07:00:00,47.33,47.55,46.66,47.11,1390100,VIC
2021-03-09 07:00:00,46.66,47.24,44.44,46.35,1587600,VIC
2021-03-10 07:00:00,46.44,47.11,45.37,47.11,576300,VIC
2021-03-11 07:00:00,47.11,48.0,46.93,47.06,1108700,VIC
2021-03-12 07:00:00,47.06,47.33,46.66,47.06,1122300,VIC
2021-03-15 07:00:00,47.06,47.2,46.84,47.11,2632400,VIC
2021-03-16 07:00:00,47.11,47.11,46.62,46.84,1360600,VIC
2021-03-17 07:00:00,46.31,46.8,46.22,46.53,1260400,VIC
2021-03-18 07:00:00,46.88,47.37,46.75,47.37,1473900,VIC
2021-03-19 07:00:00,46.93,48.17,46.93,48.17,1625700,VIC
2021-03-22 07:00:00,48.17,48.17,46.44,47.68,973900,VIC
2021-03-23 07:00:00,47.11,47.55,46.71,47.33,1034700,VIC
2021-03-24 07:00:00,46.88,48.0,46.13,47.95,1104100,VIC
2021-03-25 07:00:00,47.68,49.95,47.6,49.06,4322000,VIC
2021-03-26 07:00:00,48.88,50.44,48.88,49.95,2927800,VIC
2021-03-29 07:00:00,49.99,50.44,49.9,50.13,3140900,VIC
2021-03-30 07:00:00,50.13,52.7,49.77,51.99,5179600,VIC
2021-03-31 07:00:00,52.22,53.1,51.99,52.39,2823600,VIC
2021-04-01 07:00:00,52.66,55.28,51.99,54.66,2230900,VIC
2021-04-02 07:00:00,55.06,55.06,53.99,54.66,2255500,VIC
2021-04-05 07:00:00,55.99,56.08,54.75,55.24,2249000,VIC
2021-04-06 07:00:00,55.24,57.55,55.1,56.44,1979400,VIC
2021-04-07 07:00:00,56.44,56.88,55.86,56.75,1698500,VIC
2021-04-08 07:00:00,57.06,57.06,55.1,55.73,1509200,VIC
2021-04-09 07:00:00,55.46,55.73,54.7,55.5,1755500,VIC
2021-04-12 07:00:00,55.5,59.02,54.84,58.66,3481900,VIC
2021-04-13 07:00:00,61.77,62.75,60.44,62.53,5053200,VIC
2021-04-14 07:00:00,62.22,63.02,61.37,62.22,4102600,VIC
2021-04-15 07:00:00,62.17,64.44,62.17,62.62,3419000,VIC
2021-04-16 07:00:00,62.62,64.04,62.22,63.55,2988000,VIC
2021-04-19 07:00:00,63.15,64.08,62.7,63.99,2820300,VIC
2021-04-20 07:00:00,63.99,64.84,63.55,63.59,3108200,VIC
2021-04-22 07:00:00,63.1,63.5,61.1,61.68,3319500,VIC
2021-04-23 07:00:00,61.68,61.99,59.1,61.46,4410000,VIC
2021-04-26 07:00:00,61.77,61.99,58.22,58.44,2434500,VIC
2021-04-27 07:00:00,58.44,59.1,58.44,58.7,1631700,VIC
2021-04-28 07:00:00,58.7,59.19,57.68,58.44,1613300,VIC
2021-04-29 07:00:00,58.44,59.1,58.08,58.22,2181100,VIC
2021-05-04 07:00:00,58.04,59.95,56.39,59.37,1732600,VIC
2021-05-05 07:00:00,59.37,60.35,59.37,59.42,1268600,VIC
2021-05-06 07:00:00,59.42,59.55,58.22,58.88,1064200,VIC
2021-05-07 07:00:00,58.66,58.66,57.1,58.66,1769100,VIC
2021-05-10 07:00:00,58.66,58.88,57.37,58.88,1099300,VIC
2021-05-11 07:00:00,58.88,59.28,57.99,58.22,1164200,VIC
2021-05-12 07:00:00,57.77,58.66,56.88,57.68,1390400,VIC
2021-05-13 07:00:00,56.88,57.77,56.22,56.22,1723500,VIC
2021-05-14 07:00:00,56.22,56.44,54.75,55.68,2609800,VIC
2021-05-17 07:00:00,55.99,57.77,55.1,55.1,2417900,VIC
2021-05-18 07:00:00,55.1,55.99,53.77,53.77,2452700,VIC
2021-05-19 07:00:00,53.33,53.77,52.48,53.37,2178400,VIC
2021-05-20 07:00:00,53.37,54.75,53.33,54.62,2084900,VIC
2021-05-21 07:00:00,54.66,54.66,53.55,54.44,1622400,VIC
2021-05-24 07:00:00,54.44,54.93,53.77,54.26,1985800,VIC
2021-05-25 07:00:00,54.39,54.39,53.86,54.35,1514900,VIC
2021-05-26 07:00:00,54.22,54.3,53.55,54.08,1677500,VIC
2021-05-27 07:00:00,53.73,53.77,52.88,53.46,2081300,VIC
2021-05-28 07:00:00,53.37,54.66,52.88,53.24,1847400,VIC
2021-05-31 07:00:00,53.24,53.33,51.55,52.22,1846800,VIC
2021-06-01 07:00:00,51.64,53.77,51.55,53.33,2155400,VIC
2021-06-02 07:00:00,53.42,54.17,51.99,52.22,3130600,VIC
2021-06-03 07:00:00,52.44,52.79,51.99,52.66,2488900,VIC
2021-06-04 07:00:00,52.66,53.77,52.66,53.77,3689200,VIC
2021-06-07 07:00:00,54.57,56.22,54.22,54.66,3681800,VIC
2021-06-08 07:00:00,55.5,55.86,52.88,53.24,2699600,VIC
2021-06-09 07:00:00,53.33,53.77,51.99,52.79,1813300,VIC
2021-06-10 07:00:00,52.66,52.97,51.77,51.77,2929000,VIC
2021-06-11 07:00:00,51.99,52.44,51.68,52.44,1729000,VIC
2021-06-14 07:00:00,52.53,53.55,52.48,53.33,1933100,VIC
2021-06-15 07:00:00,53.33,54.22,53.1,54.08,1348000,VIC
2021-06-16 07:00:00,54.08,54.08,52.88,52.93,1180600,VIC
2021-06-17 07:00:00,52.44,52.84,51.99,51.99,2848500,VIC
2021-06-18 07:00:00,52.44,52.57,51.99,52.17,1788400,VIC
2021-06-21 07:00:00,52.22,52.84,52.13,52.17,1497200,VIC
2021-06-22 07:00:00,52.44,52.75,52.04,52.22,2161600,VIC
2021-06-23 07:00:00,52.44,52.48,51.77,51.95,1281200,VIC
2021-06-24 07:00:00,52.39,52.53,51.9,52.22,1374300,VIC
2021-06-25 07:00:00,52.08,52.44,51.86,52.22,1763300,VIC
2021-06-28 07:00:00,52.22,52.26,51.86,51.86,1711000,VIC
2021-06-29 07:00:00,51.95,53.02,51.95,52.44,2339900,VIC
2021-06-30 07:00:00,52.44,53.99,52.44,52.88,2685900,VIC
2021-07-01 07:00:00,53.19,53.28,52.66,52.7,2194700,VIC
2021-07-02 07:00:00,52.48,52.84,52.22,52.22,1789100,VIC
2021-07-05 07:00:00,52.22,52.22,51.06,51.1,2765200,VIC
2021-07-06 07:00:00,51.1,51.55,49.77,49.77,2639000,VIC
2021-07-07 07:00:00,49.77,50.66,48.88,50.66,2507000,VIC
2021-07-08 07:00:00,50.22,50.22,49.11,49.33,1480900,VIC
2021-07-09 07:00:00,49.24,49.33,47.77,48.26,1787900,VIC
2021-07-12 07:00:00,48.22,48.88,45.2,46.22,2863900,VIC
2021-07-13 07:00:00,46.26,46.71,44.0,45.77,2355200,VIC
2021-07-14 07:00:00,45.77,47.28,45.33,45.77,2585100,VIC
2021-07-15 07:00:00,45.77,46.08,44.97,45.33,2584200,VIC
2021-07-16 07:00:00,45.37,47.15,45.37,47.02,2158200,VIC
2021-07-19 07:00:00,45.82,46.66,44.66,45.73,1851300,VIC
2021-07-20 07:00:00,45.6,45.91,44.44,45.77,2130300,VIC
2021-07-21 07:00:00,45.82,47.33,45.33,46.22,2765100,VIC
2021-07-22 07:00:00,46.22,47.46,46.08,47.2,2242200,VIC
2021-07-23 07:00:00,47.2,48.35,46.22,46.22,3088800,VIC
2021-07-26 07:00:00,46.57,46.84,45.82,46.31,1940200,VIC
2021-07-27 07:00:00,46.66,47.02,46.35,46.35,1442800,VIC
2021-07-28 07:00:00,46.35,46.88,46.22,46.75,1192400,VIC
2021-07-29 07:00:00,46.88,46.93,46.44,46.71,1076500,VIC
2021-07-30 07:00:00,47.55,47.68,47.11,47.64,2339200,VIC
2021-08-02 07:00:00,47.77,48.71,47.51,47.77,1682400,VIC
2021-08-03 07:00:00,48.62,51.1,48.44,50.88,7293100,VIC
2021-08-04 07:00:00,51.33,51.73,50.66,50.66,2882400,VIC
2021-08-05 07:00:00,50.53,51.1,50.17,50.66,2049200,VIC
2021-08-06 07:00:00,51.1,51.5,50.35,50.35,3021900,VIC
2021-08-09 07:00:00,50.3,50.53,49.59,50.26,3219800,VIC
2021-08-10 07:00:00,51.1,51.1,50.22,50.22,2830600,VIC
2021-08-11 07:00:00,50.22,50.66,49.33,49.33,2382000,VIC
2021-08-12 07:00:00,49.33,50.17,49.11,49.37,1833400,VIC
2021-08-13 07:00:00,49.55,49.86,49.11,49.28,2119300,VIC
2021-08-16 07:00:00,49.77,50.08,49.15,49.15,3085800,VIC
2021-08-17 07:00:00,50.0,51.7,49.45,49.45,4887500,VIC
2021-08-18 07:00:00,49.5,50.1,48.95,48.95,2297700,VIC
2021-08-19 07:00:00,48.95,52.0,48.35,52.0,3521100,VIC
2021-08-20 07:00:00,50.0,51.0,48.6,48.85,4953900,VIC
2021-08-23 07:00:00,48.75,48.85,47.9,48.1,2161000,VIC
2021-08-24 07:00:00,48.2,48.5,47.55,47.7,1417400,VIC
2021-08-25 07:00:00,47.7,47.7,46.5,47.3,2057000,VIC
2021-08-26 07:00:00,47.3,47.3,46.5,46.55,1766200,VIC
2021-08-27 07:00:00,46.5,47.5,45.75,47.4,2485900,VIC
2021-08-30 07:00:00,47.5,47.65,47.05,47.05,1414900,VIC
2021-08-31 07:00:00,47.05,47.55,46.9,47.05,1529600,VIC
2021-09-01 07:00:00,47.05,47.5,47.05,47.05,1303100,VIC
2021-09-06 07:00:00,47.2,47.9,47.1,47.5,1928800,VIC
2021-09-07 07:00:00,47.75,47.75,46.95,46.95,2280200,VIC
2021-09-08 07:00:00,47.0,47.15,46.0,46.0,2505700,VIC
2021-09-09 07:00:00,46.1,46.2,45.65,45.65,2696600,VIC
2021-09-10 07:00:00,45.9,46.0,45.65,45.65,1614600,VIC
2021-09-13 07:00:00,45.9,46.7,45.8,46.0,1828100,VIC
2021-09-14 07:00:00,46.15,46.45,45.95,46.0,1419300,VIC
2021-09-15 07:00:00,46.0,46.2,45.65,45.7,1037000,VIC
2021-09-16 07:00:00,45.7,45.7,43.9,43.9,15130200,VIC
2021-09-17 07:00:00,44.0,44.6,43.4,43.4,5567900,VIC
2021-09-20 07:00:00,43.5,44.45,43.0,43.35,4014800,VIC
2021-09-21 07:00:00,42.75,43.2,42.5,42.8,4524800,VIC
2021-09-22 07:00:00,42.8,43.45,42.7,43.05,2845500,VIC
2021-09-23 07:00:00,43.25,43.7,43.2,43.55,2664100,VIC
2021-09-24 07:00:00,43.55,43.75,43.15,43.5,3207900,VIC
2021-09-27 07:00:00,43.5,43.75,41.6,43.05,3000800,VIC
2021-09-28 07:00:00,42.65,43.5,42.6,43.25,2387300,VIC
2021-09-29 07:00:00,43.35,43.45,43.0,43.35,1911200,VIC
2021-09-30 07:00:00,43.25,44.7,43.25,44.0,3404700,VIC
2021-10-01 07:00:00,44.0,44.2,43.6,43.85,1734200,VIC
2021-10-04 07:00:00,43.8,44.0,43.55,43.9,1565200,VIC
2021-10-05 07:00:00,43.9,44.4,43.55,44.3,2370600,VIC
2021-10-06 07:00:00,44.4,44.5,44.05,44.3,1736800,VIC
2021-10-07 07:00:00,44.15,44.75,44.15,44.4,2290900,VIC
2021-10-08 07:00:00,44.5,44.75,44.4,44.65,1298500,VIC
2021-10-11 07:00:00,44.7,46.0,44.7,45.95,2694300,VIC
2021-10-12 07:00:00,46.0,46.5,46.0,46.45,2438700,VIC
2021-10-13 07:00:00,46.5,46.9,46.4,46.55,2581200,VIC
2021-10-14 07:00:00,46.6,46.6,45.75,46.25,2677900,VIC
2021-10-15 07:00:00,46.25,46.5,46.0,46.3,1553700,VIC
2021-10-18 07:00:00,46.15,46.45,45.55,46.3,2039400,VIC
2021-10-19 07:00:00,46.3,46.35,45.75,46.2,1686700,VIC
2021-10-20 07:00:00,46.15,46.25,44.95,46.15,3128600,VIC
2021-10-21 07:00:00,45.85,46.3,45.5,45.5,2847400,VIC
2021-10-22 07:00:00,45.5,45.9,45.4,45.9,1428000,VIC
2021-10-25 07:00:00,45.95,46.25,45.6,46.05,1341200,VIC
2021-10-26 07:00:00,45.9,46.1,45.45,46.1,1335900,VIC
2021-10-27 07:00:00,46.0,47.5,45.8,47.5,3908900,VIC
2021-10-28 07:00:00,47.5,47.7,46.8,47.5,2086100,VIC
2021-10-29 07:00:00,47.1,48.25,47.1,47.9,2268000,VIC
2021-11-01 07:00:00,47.9,48.0,47.45,47.9,2226600,VIC
2021-11-02 07:00:00,47.85,48.0,47.45,47.9,1647800,VIC
2021-11-03 07:00:00,47.9,47.9,46.95,47.65,3568200,VIC
2021-11-04 07:00:00,47.6,47.75,47.0,47.5,1879100,VIC
2021-11-05 07:00:00,47.25,47.5,47.0,47.5,1786600,VIC
2021-11-08 07:00:00,47.5,47.75,47.25,47.45,1792000,VIC
2021-11-09 07:00:00,47.7,47.7,46.6,47.45,2373800,VIC
2021-11-10 07:00:00,47.55,47.6,46.8,47.45,1680500,VIC
2021-11-11 07:00:00,47.45,47.5,46.95,47.4,2186600,VIC
2021-11-12 07:00:00,47.4,47.4,46.95,47.25,1133100,VIC
2021-11-15 07:00:00,47.25,47.55,47.0,47.5,1922400,VIC
2021-11-16 07:00:00,47.5,47.55,46.95,47.4,1643900,VIC
2021-11-17 07:00:00,47.35,48.5,47.1,48.15,2815800,VIC
2021-11-18 07:00:00,48.5,49.25,47.25,47.25,3871100,VIC
2021-11-19 07:00:00,47.3,48.0,47.0,47.4,2032500,VIC
2021-11-22 07:00:00,47.25,47.5,46.5,47.4,2152100,VIC
2021-11-23 07:00:00,47.0,47.5,46.75,47.4,1382700,VIC
2021-11-24 07:00:00,47.4,47.6,46.75,47.05,2045100,VIC
2021-11-25 07:00:00,47.4,47.4,46.9,47.0,1401800,VIC
2021-11-26 07:00:00,47.95,50.0,47.6,49.25,8681700,VIC
2021-11-29 07:00:00,49.5,52.65,49.25,52.65,8742300,VIC
2021-11-30 07:00:00,52.75,53.45,51.75,52.5,4674300,VIC
2021-12-01 07:00:00,52.5,53.65,52.0,53.0,4082000,VIC
2021-12-02 07:00:00,53.0,54.25,52.55,53.6,4428600,VIC
2021-12-03 07:00:00,54.55,54.8,52.75,52.75,5152400,VIC
2021-12-06 07:00:00,53.95,54.5,51.8,52.8,5825100,VIC
2021-12-07 07:00:00,53.7,53.75,52.8,53.35,3026300,VIC
2021-12-08 07:00:00,53.25,53.5,51.75,52.95,3539500,VIC
2021-12-09 07:00:00,52.5,53.75,52.0,53.5,3173400,VIC
2021-12-10 07:00:00,53.5,53.6,51.55,51.55,3080600,VIC
2021-12-13 07:00:00,51.35,52.25,50.5,51.6,4076200,VIC
2021-12-14 07:00:00,51.5,51.55,50.8,51.25,2629100,VIC
2021-12-15 07:00:00,51.35,51.35,49.95,50.0,2897300,VIC
2021-12-16 07:00:00,50.0,50.75,49.15,50.0,3095200,VIC
2021-12-17 07:00:00,50.0,51.35,49.4,51.0,6655000,VIC
2021-12-20 07:00:00,51.0,51.0,49.5,49.5,1372800,VIC
2021-12-21 07:00:00,49.5,50.4,49.05,49.05,1467300,VIC
2021-12-22 07:00:00,49.1,50.05,49.1,49.8,2410600,VIC
2021-12-23 07:00:00,49.8,50.0,48.0,48.0,2771100,VIC
2021-12-24 07:00:00,48.25,48.45,47.55,48.25,1415500,VIC
2021-12-27 07:00:00,48.5,49.5,48.25,49.5,1907500,VIC
2021-12-28 07:00:00,49.55,49.65,48.25,49.2,1737300,VIC
2021-12-29 07:00:00,49.0,49.0,47.6,47.75,2291900,VIC
2021-12-30 07:00:00,47.9,48.2,47.5,47.5,1662400,VIC
2021-12-31 07:00:00,47.6,48.15,47.1,47.55,1267000,VIC
2022-01-04 07:00:00,48.0,50.75,47.85,50.5,3071100,VIC
2022-01-05 07:00:00,50.4,51.1,49.75,50.0,3396500,VIC
2022-01-06 07:00:00,50.5,53.2,50.25,52.25,5061400,VIC
2022-01-07 07:00:00,53.2,53.2,51.1,51.1,3108800,VIC
2022-01-10 07:00:00,51.25,52.75,51.1,51.15,2908500,VIC
2022-01-11 07:00:00,51.0,51.0,49.9,50.5,2240600,VIC
2022-01-12 07:00:00,50.75,50.75,49.0,50.4,2338500,VIC
2022-01-13 07:00:00,50.5,50.5,49.25,49.4,1955700,VIC
2022-01-14 07:00:00,49.1,49.8,49.1,49.45,1017400,VIC
2022-01-17 07:00:00,49.5,49.6,47.25,48.5,2628900,VIC
2022-01-18 07:00:00,48.5,48.5,47.05,47.95,2032000,VIC
2022-01-19 07:00:00,47.5,47.95,46.75,47.9,2479700,VIC
2022-01-20 07:00:00,47.3,48.15,47.3,47.5,1689300,VIC
2022-01-21 07:00:00,47.95,48.0,46.65,47.75,3192800,VIC
2022-01-24 07:00:00,47.45,48.0,46.25,47.5,3935300,VIC
2022-01-25 07:00:00,47.5,48.85,46.7,48.0,3198400,VIC
2022-01-26 07:00:00,48.25,48.25,47.25,48.2,1932000,VIC
2022-01-27 07:00:00,48.25,48.25,47.1,48.25,2559000,VIC
2022-01-28 07:00:00,47.55,48.5,47.25,48.5,2999600,VIC
2022-02-07 07:00:00,48.2,48.75,45.6,45.6,7413400,VIC
2022-02-08 07:00:00,45.65,46.15,43.35,43.65,8010800,VIC
2022-02-09 07:00:00,43.8,44.35,42.45,42.85,8812500,VIC
2022-02-10 07:00:00,42.85,43.0,40.85,42.0,11088500,VIC
2022-02-11 07:00:00,41.5,41.8,40.75,40.85,7846400,VIC
2022-02-14 07:00:00,40.85,42.0,40.35,40.9,4973500,VIC
2022-02-15 07:00:00,41.0,41.9,40.9,41.85,3001500,VIC
2022-02-16 07:00:00,41.95,41.95,41.35,41.45,1986000,VIC
2022-02-17 07:00:00,41.4,41.75,41.0,41.55,2865600,VIC
2022-02-18 07:00:00,41.25,41.4,41.0,41.1,2914400,VIC
2022-02-21 07:00:00,41.05,41.9,41.0,41.8,2513700,VIC
2022-02-22 07:00:00,41.5,41.65,40.9,41.0,2975200,VIC
2022-02-23 07:00:00,41.05,41.25,41.0,41.25,1439000,VIC
2022-02-24 07:00:00,41.15,41.2,39.65,40.05,6367500,VIC
2022-02-25 07:00:00,40.45,40.45,39.55,39.55,3385500,VIC
2022-02-28 07:00:00,39.75,39.75,38.5,38.5,4678600,VIC
2022-03-01 07:00:00,38.55,39.95,38.5,39.6,3467600,VIC
2022-03-02 07:00:00,39.6,39.6,38.6,39.45,2401000,VIC
2022-03-03 07:00:00,39.45,40.2,39.15,39.5,2610400,VIC
2022-03-04 07:00:00,39.5,39.65,38.9,39.5,3817400,VIC
2022-03-07 07:00:00,39.2,39.5,38.65,39.25,2442600,VIC
2022-03-08 07:00:00,39.0,39.45,38.55,38.95,4290200,VIC
2022-03-09 07:00:00,39.05,39.35,38.65,39.0,3049900,VIC
2022-03-10 07:00:00,39.25,40.3,39.0,39.55,4366600,VIC
2022-03-11 07:00:00,39.4,39.5,38.9,39.5,2222400,VIC
2022-03-14 07:00:00,39.4,39.4,38.7,39.15,2622700,VIC
2022-03-15 07:00:00,39.0,39.3,38.5,39.15,2733900,VIC
2022-03-16 07:00:00,39.15,39.2,38.6,39.05,2950000,VIC
2022-03-17 07:00:00,39.15,39.25,38.65,39.2,2565900,VIC
2022-03-18 07:00:00,39.15,39.75,38.7,39.4,5520700,VIC
2022-03-21 07:00:00,39.4,40.5,39.15,40.5,3705300,VIC
2022-03-22 07:00:00,40.5,41.2,40.5,41.1,3631800,VIC
2022-03-23 07:00:00,41.05,41.2,40.7,40.7,1529200,VIC
2022-03-24 07:00:00,40.7,40.7,40.2,40.5,1995200,VIC
2022-03-25 07:00:00,40.3,40.5,39.85,40.5,2193500,VIC
2022-03-28 07:00:00,39.95,40.6,39.85,40.25,2339900,VIC
2022-03-29 07:00:00,40.0,40.9,39.9,40.4,2798300,VIC
2022-03-30 07:00:00,41.25,41.35,40.2,40.55,3088400,VIC
2022-03-31 07:00:00,40.55,41.15,40.5,40.6,1372000,VIC
2022-04-01 07:00:00,40.7,41.25,40.45,41.05,2609900,VIC
2022-04-04 07:00:00,41.25,41.4,40.75,41.35,2730500,VIC
2022-04-05 07:00:00,41.25,41.55,40.85,41.15,3591100,VIC
2022-04-06 07:00:00,40.25,41.15,39.75,40.25,5679100,VIC
2022-04-07 07:00:00,40.1,40.15,38.8,39.75,3704800,VIC
2022-04-08 07:00:00,40.0,41.2,40.0,40.85,5192000,VIC
2022-04-12 07:00:00,40.7,40.7,40.15,40.65,2356500,VIC
2022-04-13 07:00:00,40.5,41.15,40.35,41.1,3146300,VIC
2022-04-14 07:00:00,40.8,41.1,40.55,40.85,1763700,VIC
2022-04-15 07:00:00,40.75,40.9,40.3,40.35,1678400,VIC
2022-04-18 07:00:00,40.0,40.05,39.05,39.75,2984700,VIC
2022-04-19 07:00:00,39.3,39.9,38.9,39.4,1816000,VIC
2022-04-20 07:00:00,39.0,39.9,39.0,39.65,1713900,VIC
2022-04-21 07:00:00,39.5,39.75,38.75,38.75,2684300,VIC
2022-04-22 07:00:00,38.85,39.5,38.8,38.85,1867300,VIC
2022-04-25 07:00:00,38.9,39.6,36.35,38.1,2738000,VIC
2022-04-26 07:00:00,36.75,39.25,36.75,39.0,3661700,VIC
2022-04-27 07:00:00,38.75,39.0,37.5,39.0,2793500,VIC
2022-04-28 07:00:00,39.0,39.1,38.15,38.95,1386100,VIC
2022-04-29 07:00:00,38.75,40.0,38.3,40.0,2148700,VIC
2022-05-04 07:00:00,39.8,40.0,38.85,39.85,1436000,VIC
2022-05-05 07:00:00,39.8,40.0,39.25,40.0,1858600,VIC
2022-05-06 07:00:00,39.25,40.0,39.0,39.9,1690000,VIC
2022-05-09 07:00:00,39.35,39.6,38.95,39.55,2428900,VIC
2022-05-10 07:00:00,39.45,40.2,39.05,40.2,2617900,VIC
2022-05-11 07:00:00,40.1,40.25,39.35,40.25,1983600,VIC
2022-05-12 07:00:00,40.0,40.0,38.55,39.5,2474100,VIC
2022-05-13 07:00:00,39.5,39.5,38.6,39.0,3134600,VIC
2022-05-16 07:00:00,39.5,39.5,38.1,38.5,1994100,VIC
2022-05-17 07:00:00,38.0,39.0,37.6,39.0,1857400,VIC
2022-05-18 07:00:00,39.0,39.0,38.0,39.0,2964900,VIC
2022-05-19 07:00:00,38.2,39.5,38.1,38.95,2650300,VIC
2022-05-20 07:00:00,38.95,38.95,38.25,38.9,2331100,VIC
2022-05-23 07:00:00,38.8,38.85,38.1,38.7,2644700,VIC
2022-05-24 07:00:00,38.5,38.8,38.2,38.8,1568300,VIC
2022-05-25 07:00:00,38.8,39.05,38.35,38.85,1360400,VIC
2022-05-26 07:00:00,38.85,38.85,38.4,38.85,2076700,VIC
2022-05-27 07:00:00,38.7,39.0,38.5,39.0,1575800,VIC
2022-05-30 07:00:00,39.0,39.25,38.6,39.25,1390900,VIC
2022-05-31 07:00:00,39.0,39.75,38.85,39.4,1776600,VIC
2022-06-01 07:00:00,39.3,39.7,39.15,39.65,1539200,VIC
2022-06-02 07:00:00,39.6,39.6,38.8,39.45,2935600,VIC
2022-06-03 07:00:00,39.05,39.6,39.0,39.4,1249100,VIC
2022-06-06 07:00:00,39.35,39.45,38.95,39.25,1503500,VIC
2022-06-07 07:00:00,39.25,39.25,38.85,39.0,1562200,VIC
2022-06-08 07:00:00,38.9,39.35,38.8,39.05,1441700,VIC
2022-06-09 07:00:00,39.0,39.1,38.65,39.05,1542100,VIC
2022-06-10 07:00:00,38.9,39.1,38.75,39.0,979600,VIC
2022-06-13 07:00:00,38.3,38.7,38.1,38.2,1795500,VIC
2022-06-14 07:00:00,38.1,38.3,37.6,38.3,2058500,VIC
2022-06-15 07:00:00,38.3,38.45,37.65,38.35,2037200,VIC
2022-06-16 07:00:00,38.0,38.85,37.9,38.3,1597800,VIC
2022-06-17 07:00:00,37.9,38.3,37.55,38.3,3725300,VIC
2022-06-20 07:00:00,38.3,38.3,37.65,37.8,2132800,VIC
2022-06-21 07:00:00,37.6,37.6,36.9,37.5,1956200,VIC
2022-06-22 07:00:00,37.35,37.5,36.8,37.5,1418900,VIC
2022-06-23 07:00:00,37.05,37.1,36.5,37.1,1548900,VIC
2022-06-24 07:00:00,36.75,37.3,36.0,37.3,1514800,VIC
2022-06-27 07:00:00,36.9,37.4,36.75,36.9,1822400,VIC
2022-06-28 07:00:00,36.5,36.9,36.2,36.8,2228300,VIC
2022-06-29 07:00:00,36.4,36.7,36.15,36.7,1429300,VIC
2022-06-30 07:00:00,36.35,36.75,36.2,36.75,1878800,VIC
2022-07-01 07:00:00,36.6,36.7,36.05,36.3,1866600,VIC
2022-07-04 07:00:00,36.2,36.35,36.1,36.35,758300,VIC
2022-07-05 07:00:00,36.35,36.4,36.0,36.15,1478700,VIC
2022-07-06 07:00:00,36.0,36.05,33.75,33.75,2171700,VIC
2022-07-07 07:00:00,34.0,34.9,33.25,34.9,2174100,VIC
2022-07-08 07:00:00,35.0,35.35,33.75,35.0,1413800,VIC
2022-07-11 07:00:00,33.85,35.0,33.1,35.0,2385900,VIC
2022-07-12 07:00:00,34.3,35.1,34.0,34.95,1212400,VIC
2022-07-13 07:00:00,34.3,35.0,34.15,34.75,2004600,VIC
2022-07-14 07:00:00,34.75,34.9,34.25,34.75,1414300,VIC
2022-07-15 07:00:00,34.55,34.9,34.3,34.8,1582500,VIC
2022-07-18 07:00:00,34.8,34.8,34.0,34.0,1088000,VIC
2022-07-19 07:00:00,34.0,34.5,34.0,34.4,655400,VIC
2022-07-20 07:00:00,34.4,34.5,34.1,34.1,626100,VIC
2022-07-21 07:00:00,34.1,34.4,34.05,34.25,930600,VIC
2022-07-22 07:00:00,34.05,34.25,33.25,33.25,674700,VIC
2022-07-25 07:00:00,33.45,33.7,33.25,33.65,755800,VIC
2022-07-26 07:00:00,33.05,33.8,33.05,33.05,592700,VIC
2022-07-27 07:00:00,33.1,33.4,33.0,33.25,581400,VIC
2022-07-28 07:00:00,33.3,33.55,33.0,33.5,1152200,VIC
2022-07-29 07:00:00,33.9,33.9,32.0,32.0,1908500,VIC
2022-08-01 07:00:00,32.45,32.55,32.05,32.35,1261800,VIC
2022-08-02 07:00:00,32.4,33.3,32.25,33.3,1372600,VIC
2022-08-03 07:00:00,32.9,33.2,32.55,33.0,1250700,VIC
2022-08-04 07:00:00,33.0,33.2,32.7,33.2,1146000,VIC
2022-08-05 07:00:00,32.95,33.1,32.6,32.7,1134900,VIC
2022-08-08 07:00:00,32.7,32.85,32.3,32.3,1010300,VIC
2022-08-09 07:00:00,32.4,32.7,32.35,32.65,792000,VIC
2022-08-10 07:00:00,32.5,32.8,32.35,32.4,967900,VIC
2022-08-11 07:00:00,32.8,33.2,32.5,32.9,1674000,VIC
2022-08-12 07:00:00,32.9,33.1,32.75,33.1,811200,VIC
2022-08-15 07:00:00,33.15,33.25,33.05,33.2,802100,VIC
2022-08-16 07:00:00,33.2,33.2,32.85,32.95,862200,VIC
2022-08-17 07:00:00,33.1,33.9,33.0,33.65,2201000,VIC
2022-08-18 07:00:00,33.6,34.65,33.6,34.05,2769100,VIC
2022-08-19 07:00:00,34.0,34.2,33.4,33.95,1221600,VIC
2022-08-22 07:00:00,33.6,34.0,33.0,33.0,1469100,VIC
2022-08-23 07:00:00,32.75,32.8,32.4,32.5,1437800,VIC
2022-08-24 07:00:00,32.6,32.9,32.45,32.45,787500,VIC
2022-08-25 07:00:00,32.5,32.95,32.5,32.95,483000,VIC
2022-08-26 07:00:00,33.0,33.0,32.5,32.5,861300,VIC
2022-08-29 07:00:00,32.15,32.2,31.5,31.8,1337500,VIC
2022-08-30 07:00:00,31.8,32.05,31.6,31.8,868400,VIC
2022-08-31 07:00:00,32.0,32.85,31.85,31.85,1236800,VIC
2022-09-05 07:00:00,32.4,32.6,32.0,32.0,1310100,VIC
2022-09-06 07:00:00,32.05,32.4,31.55,31.65,1335600,VIC
2022-09-07 07:00:00,31.65,31.7,31.25,31.25,1347400,VIC
2022-09-08 07:00:00,31.65,31.8,31.2,31.45,841200,VIC
2022-09-09 07:00:00,31.6,32.2,31.45,32.2,1193800,VIC
2022-09-12 07:00:00,32.45,32.45,31.9,32.0,552900,VIC
2022-09-13 07:00:00,32.0,32.15,31.8,32.05,1059100,VIC
2022-09-14 07:00:00,31.75,31.85,31.05,31.7,711000,VIC
2022-09-15 07:00:00,31.75,32.0,31.4,31.95,851300,VIC
2022-09-16 07:00:00,31.6,32.25,31.25,31.25,1684400,VIC
2022-09-19 07:00:00,31.25,31.65,31.05,31.45,786000,VIC
2022-09-20 07:00:00,31.3,31.95,31.3,31.95,800100,VIC
2022-09-21 07:00:00,31.75,31.8,31.35,31.55,482700,VIC
2022-09-22 07:00:00,31.25,31.65,29.35,31.65,1238700,VIC
2022-09-23 07:00:00,31.5,31.65,31.0,31.3,324200,VIC
2022-09-26 07:00:00,30.9,31.3,30.8,31.0,1195900,VIC
2022-09-27 07:00:00,31.05,31.1,30.4,30.5,639100,VIC
2022-09-28 07:00:00,30.05,30.4,28.75,28.75,1138100,VIC
2022-09-29 07:00:00,28.85,29.1,27.15,27.3,1701100,VIC
2022-09-30 07:00:00,26.65,28.2,26.65,27.5,1724300,VIC
2022-10-03 07:00:00,27.45,27.75,26.5,27.75,1452700,VIC
2022-10-04 07:00:00,28.0,28.5,27.3,28.5,1296700,VIC
2022-10-05 07:00:00,28.75,30.45,28.5,30.0,1328100,VIC
2022-10-06 07:00:00,29.9,31.0,29.05,30.05,1011900,VIC
2022-10-07 07:00:00,30.25,30.35,29.15,30.1,2987900,VIC
2022-10-10 07:00:00,30.1,30.45,28.85,30.1,1238400,VIC
2022-10-11 07:00:00,29.15,30.05,28.35,30.0,2186800,VIC
2022-10-12 07:00:00,30.0,30.1,29.15,30.0,1709700,VIC
2022-10-13 07:00:00,29.35,30.5,29.1,30.2,1246400,VIC
2022-10-14 07:00:00,30.25,30.25,29.2,29.85,779400,VIC
2022-10-17 07:00:00,29.3,29.5,28.0,28.0,738700,VIC
2022-10-18 07:00:00,28.25,29.3,28.25,29.2,606100,VIC
2022-10-19 07:00:00,29.25,29.35,28.25,29.25,826400,VIC
2022-10-20 07:00:00,29.05,29.35,28.6,29.3,1099200,VIC
2022-10-21 07:00:00,29.25,29.25,27.25,28.4,1414600,VIC
2022-10-24 07:00:00,28.0,28.3,26.45,28.25,1606100,VIC
2022-10-25 07:00:00,28.15,28.15,26.5,28.05,1446700,VIC
2022-10-26 07:00:00,28.05,28.05,26.75,27.4,1054100,VIC
2022-10-27 07:00:00,27.3,27.5,26.25,27.5,1974800,VIC
2022-10-28 07:00:00,27.7,27.9,26.75,27.85,1281000,VIC
2022-10-31 07:00:00,28.0,28.2,27.15,27.7,1052800,VIC
2022-11-01 07:00:00,27.85,27.9,27.0,27.7,1419100,VIC
2022-11-02 07:00:00,27.65,27.7,27.0,27.7,1352500,VIC
2022-11-03 07:00:00,27.2,27.55,27.15,27.55,909700,VIC
2022-11-04 07:00:00,27.45,27.45,26.05,27.15,1617900,VIC
2022-11-07 07:00:00,27.0,27.0,25.85,26.7,1702500,VIC
2022-11-08 07:00:00,26.1,26.65,24.85,26.65,2476100,VIC
2022-11-09 07:00:00,26.65,27.15,26.1,26.85,1573900,VIC
2022-11-10 07:00:00,26.8,27.0,26.0,26.5,1558000,VIC
2022-11-11 07:00:00,26.5,27.4,26.25,27.15,938500,VIC
2022-11-14 07:00:00,27.1,27.75,26.55,27.5,1394600,VIC
2022-11-15 07:00:00,27.95,28.75,27.5,28.5,1583400,VIC
2022-11-16 07:00:00,28.45,30.45,28.05,30.2,2249500,VIC
2022-11-17 07:00:00,31.2,32.3,30.25,32.3,4785400,VIC
2022-11-18 07:00:00,33.45,33.45,31.55,32.8,1693400,VIC
2022-11-21 07:00:00,33.0,33.35,31.8,32.0,1198200,VIC
2022-11-22 07:00:00,32.0,32.95,30.5,30.5,1466300,VIC
2022-11-23 07:00:00,30.05,31.3,29.85,29.85,998800,VIC
2022-11-24 07:00:00,30.0,31.05,30.0,30.5,1141700,VIC
2022-11-25 07:00:00,31.5,32.5,31.3,32.5,2290900,VIC
2022-11-28 07:00:00,33.25,33.55,32.5,32.5,3249900,VIC
2022-11-29 07:00:00,32.5,34.7,32.1,34.7,3559000,VIC
2022-11-30 07:00:00,34.75,35.1,34.0,34.8,3225000,VIC
2022-12-01 07:00:00,34.7,34.8,33.0,33.0,3204600,VIC
2022-12-02 07:00:00,32.55,34.4,32.55,34.4,3591400,VIC
2022-12-05 07:00:00,34.4,35.0,34.0,34.05,2301900,VIC
2022-12-06 07:00:00,34.05,34.25,32.5,33.3,1803300,VIC
2022-12-07 07:00:00,34.6,35.6,34.25,35.6,9421500,VIC
2022-12-08 07:00:00,37.2,37.25,34.95,34.95,5602500,VIC
2022-12-09 07:00:00,35.25,35.85,33.9,33.9,2660700,VIC
2022-12-12 07:00:00,33.9,34.0,31.55,31.55,2851200,VIC
2022-12-13 07:00:00,31.95,32.0,30.05,30.8,2861100,VIC
2022-12-14 07:00:00,31.25,31.85,30.15,30.4,2897500,VIC
2022-12-15 07:00:00,30.55,30.8,30.15,30.3,2311900,VIC
2022-12-16 07:00:00,30.3,30.4,29.2,29.2,3284600,VIC
2022-12-19 07:00:00,29.5,29.7,28.25,28.25,2873600,VIC
2022-12-20 07:00:00,28.25,28.9,27.55,27.95,2088400,VIC
2022-12-21 07:00:00,28.3,28.5,27.4,27.45,2477400,VIC
2022-12-22 07:00:00,28.0,28.5,27.5,27.5,2433400,VIC
2022-12-23 07:00:00,27.65,27.95,26.95,27.55,1866300,VIC
2022-12-26 07:00:00,27.5,27.5,26.25,26.45,2367800,VIC
2022-12-27 07:00:00,26.45,27.4,26.05,26.7,1844000,VIC
2022-12-28 07:00:00,26.75,26.75,26.05,26.75,2089000,VIC
2022-12-29 07:00:00,26.6,27.0,26.25,26.8,2135400,VIC
2022-12-30 07:00:00,26.9,26.95,26.5,26.9,2461700,VIC
2023-01-03 07:00:00,26.9,28.4,26.7,28.4,2009300,VIC
2023-01-04 07:00:00,28.45,28.55,27.95,28.0,1928400,VIC
2023-01-05 07:00:00,28.05,28.45,27.9,28.1,1641900,VIC
2023-01-06 07:00:00,28.0,28.05,27.45,28.05,1951000,VIC
2023-01-09 07:00:00,28.1,28.1,27.5,27.5,1204200,VIC
2023-01-10 07:00:00,27.5,27.5,26.8,27.25,1742900,VIC
2023-01-11 07:00:00,27.25,27.75,27.05,27.55,1085600,VIC
2023-01-12 07:00:00,27.75,27.75,27.25,27.5,1067000,VIC
2023-01-13 07:00:00,27.5,27.65,27.2,27.5,1223800,VIC
2023-01-16 07:00:00,27.5,27.5,26.7,27.4,1687100,VIC
2023-01-17 07:00:00,26.75,27.6,26.75,27.6,1371200,VIC
2023-01-18 07:00:00,27.7,28.35,27.5,28.35,1647300,VIC
2023-01-19 07:00:00,28.15,28.7,28.0,28.7,2343100,VIC
2023-01-27 07:00:00,28.9,29.65,28.8,29.6,2197800,VIC
2023-01-30 07:00:00,29.75,29.75,28.75,28.85,1124500,VIC
2023-01-31 07:00:00,29.05,29.25,28.25,28.55,1377800,VIC
2023-02-01 07:00:00,28.8,28.8,27.4,27.6,1851600,VIC
2023-02-02 07:00:00,27.6,28.05,27.55,27.9,1328600,VIC
2023-02-03 07:00:00,28.0,28.0,27.5,28.0,1199400,VIC
2023-02-06 07:00:00,27.65,28.0,27.15,28.0,1416100,VIC
2023-02-07 07:00:00,28.0,28.0,26.8,27.5,1645000,VIC
2023-02-08 07:00:00,27.3,27.3,26.5,27.2,2145800,VIC
2023-02-09 07:00:00,26.75,27.25,26.2,27.1,3006800,VIC
2023-02-10 07:00:00,26.75,27.15,26.3,27.0,1696000,VIC
2023-02-13 07:00:00,26.55,26.8,26.25,26.7,1405200,VIC
2023-02-14 07:00:00,26.55,26.55,25.4,26.45,3116200,VIC
2023-02-15 07:00:00,26.35,26.45,25.45,26.45,3345700,VIC
2023-02-16 07:00:00,26.5,26.85,25.7,26.7,3240500,VIC
2023-02-17 07:00:00,26.7,26.75,26.1,26.75,1871500,VIC
2023-02-20 07:00:00,26.65,27.5,26.5,27.05,1515200,VIC
2023-02-21 07:00:00,27.1,27.35,26.85,27.15,1502600,VIC
2023-02-22 07:00:00,26.75,26.8,26.2,26.5,2557800,VIC
2023-02-23 07:00:00,26.4,26.55,25.55,26.5,2387100,VIC
2023-02-24 07:00:00,26.05,26.45,25.85,26.45,2206500,VIC
2023-02-27 07:00:00,26.0,26.25,25.7,26.25,1389900,VIC
2023-02-28 07:00:00,26.25,26.5,26.0,26.3,912500,VIC
2023-03-01 07:00:00,26.0,26.65,25.8,26.35,794700,VIC
2023-03-02 07:00:00,26.25,26.65,26.15,26.4,769300,VIC
2023-03-03 07:00:00,26.4,26.5,26.1,26.35,785900,VIC
2023-03-06 07:00:00,26.35,26.65,26.05,26.3,1569800,VIC
2023-03-07 07:00:00,26.5,26.6,26.2,26.35,1442300,VIC
2023-03-08 07:00:00,26.1,26.65,26.1,26.5,831900,VIC
2023-03-09 07:00:00,26.5,26.8,26.3,26.5,1037300,VIC
2023-03-10 07:00:00,26.5,26.65,26.25,26.55,899800,VIC
2023-03-13 07:00:00,26.55,26.7,26.25,26.65,996800,VIC
2023-03-14 07:00:00,26.6,26.6,26.3,26.5,1019000,VIC
2023-03-15 07:00:00,26.5,27.0,26.5,27.0,1177700,VIC
2023-03-16 07:00:00,27.0,27.85,26.5,26.65,3155600,VIC
2023-03-17 07:00:00,26.95,27.0,26.2,26.6,3121500,VIC
2023-03-20 07:00:00,26.5,26.6,25.7,26.4,3362300,VIC
2023-03-21 07:00:00,26.4,26.7,25.8,26.4,1766700,VIC
2023-03-22 07:00:00,26.3,26.45,26.05,26.4,1797500,VIC
2023-03-23 07:00:00,26.1,26.4,26.05,26.4,2073800,VIC
2023-03-24 07:00:00,26.4,26.85,26.25,26.65,830700,VIC
2023-03-27 07:00:00,26.65,26.9,26.4,26.65,702000,VIC
2023-03-28 07:00:00,26.65,26.8,26.6,26.7,782500,VIC
2023-03-29 07:00:00,26.75,26.8,26.45,26.75,585700,VIC
2023-03-30 07:00:00,26.75,27.45,26.7,26.85,993600,VIC
2023-03-31 07:00:00,26.8,27.6,26.8,27.5,2619400,VIC
2023-04-03 07:00:00,27.95,29.4,27.8,29.0,4851800,VIC
2023-04-04 07:00:00,29.25,29.35,28.4,28.4,1871700,VIC
2023-04-05 07:00:00,28.35,28.35,27.5,27.75,1974100,VIC
2023-04-06 07:00:00,28.2,28.2,27.25,27.25,2064900,VIC
2023-04-07 07:00:00,27.5,27.5,26.7,27.2,2379600,VIC
2023-04-10 07:00:00,27.25,27.3,26.65,26.9,2145100,VIC
2023-04-11 07:00:00,26.85,26.85,26.4,26.8,1847000,VIC
2023-04-12 07:00:00,26.65,26.75,26.3,26.55,3646300,VIC
2023-04-13 07:00:00,26.55,26.75,26.35,26.5,1919800,VIC
2023-04-14 07:00:00,26.6,26.75,26.35,26.45,1662600,VIC
2023-04-17 07:00:00,26.45,26.5,26.2,26.45,1758200,VIC
2023-04-18 07:00:00,26.45,26.45,26.2,26.4,1755800,VIC
2023-04-19 07:00:00,26.3,26.35,26.15,26.3,1746300,VIC
2023-04-20 07:00:00,26.25,26.35,26.1,26.3,1217400,VIC
2023-04-21 07:00:00,26.3,26.35,26.05,26.35,1698600,VIC
2023-04-24 07:00:00,26.35,26.35,26.1,26.3,1496200,VIC
2023-04-25 07:00:00,26.4,26.4,25.9,26.25,2716400,VIC
2023-04-26 07:00:00,26.2,26.2,25.85,25.95,1836600,VIC
2023-04-27 07:00:00,25.9,25.9,25.25,25.25,3596000,VIC
2023-04-28 07:00:00,25.3,26.05,25.3,26.05,2241100,VIC
2023-05-04 07:00:00,26.05,26.05,25.55,25.65,1498400,VIC
2023-05-05 07:00:00,25.45,25.7,25.3,25.35,1298800,VIC
2023-05-08 07:00:00,25.35,25.45,25.25,25.45,1338200,VIC
2023-05-09 07:00:00,25.45,25.5,25.2,25.3,1113400,VIC
2023-05-10 07:00:00,25.4,25.4,25.2,25.3,1069300,VIC
2023-05-11 07:00:00,25.35,25.35,25.15,25.25,1190300,VIC
2023-05-12 07:00:00,25.35,25.95,25.25,25.85,2093000,VIC
2023-05-15 07:00:00,27.45,27.45,27.0,27.2,4520000,VIC
2023-05-16 07:00:00,27.3,27.4,26.4,26.45,2621400,VIC
2023-05-17 07:00:00,26.45,26.9,26.25,26.6,2168200,VIC
2023-05-18 07:00:00,26.8,26.9,26.5,26.6,2078700,VIC
2023-05-19 07:00:00,26.7,26.7,26.05,26.25,1932200,VIC
2023-05-22 07:00:00,26.25,26.35,25.95,26.05,1855200,VIC
2023-05-23 07:00:00,26.1,26.75,26.1,26.3,2019000,VIC
2023-05-24 07:00:00,26.4,26.4,26.15,26.3,1290300,VIC
2023-05-25 07:00:00,26.3,26.35,26.1,26.3,1453500,VIC
2023-05-26 07:00:00,26.2,26.25,26.0,26.0,1593300,VIC
2023-05-29 07:00:00,26.0,26.45,26.0,26.35,1381300,VIC
2023-05-30 07:00:00,26.35,26.45,26.15,26.2,1315000,VIC
2023-05-31 07:00:00,26.2,26.2,26.0,26.0,2432000,VIC
2023-06-01 07:00:00,26.0,26.1,25.8,26.0,1526900,VIC
2023-06-02 07:00:00,26.0,26.15,25.95,26.0,1731400,VIC
2023-06-05 07:00:00,26.05,26.25,26.0,26.05,1824300,VIC
2023-06-06 07:00:00,26.1,26.6,26.1,26.6,2120200,VIC
2023-06-07 07:00:00,26.65,26.8,26.3,26.4,1656100,VIC
2023-06-08 07:00:00,26.4,26.5,26.2,26.2,1436100,VIC
2023-06-09 07:00:00,26.25,26.3,26.1,26.15,819000,VIC
2023-06-12 07:00:00,26.25,26.7,26.25,26.7,1711500,VIC
2023-06-13 07:00:00,26.85,27.15,26.65,27.05,2112100,VIC
2023-06-14 07:00:00,27.05,27.35,26.9,26.9,2242800,VIC
2023-06-15 07:00:00,26.9,27.25,26.65,26.75,2114700,VIC
2023-06-16 07:00:00,26.9,27.0,26.3,26.75,3878900,VIC
2023-06-19 07:00:00,26.9,26.9,26.05,26.05,2316600,VIC
2023-06-20 07:00:00,26.0,26.25,25.95,26.0,1464500,VIC
2023-06-21 07:00:00,26.05,26.2,25.85,26.2,2070400,VIC
2023-06-22 07:00:00,26.35,26.4,26.0,26.2,1626300,VIC
2023-06-23 07:00:00,26.05,26.15,25.95,26.0,2178900,VIC
2023-06-26 07:00:00,26.05,26.35,25.95,26.1,1524700,VIC
2023-06-27 07:00:00,26.1,26.5,26.1,26.2,2488300,VIC
2023-06-28 07:00:00,26.3,26.35,26.0,26.1,1893500,VIC
2023-06-29 07:00:00,26.1,26.2,25.9,25.9,1628300,VIC
2023-06-30 07:00:00,25.9,25.95,25.5,25.5,1743900,VIC
2023-07-03 07:00:00,25.75,25.85,25.55,25.55,1866100,VIC
2023-07-04 07:00:00,25.75,25.75,25.55,25.65,1359600,VIC
2023-07-05 07:00:00,25.7,25.8,25.45,25.5,2479200,VIC
2023-07-06 07:00:00,25.5,25.7,25.2,25.2,2599600,VIC
2023-07-07 07:00:00,25.25,25.3,25.0,25.05,2941600,VIC
2023-07-10 07:00:00,25.25,25.6,25.1,25.45,3345300,VIC
2023-07-11 07:00:00,25.5,25.65,25.4,25.4,1927900,VIC
2023-07-12 07:00:00,25.55,25.95,25.4,25.7,2295600,VIC
2023-07-13 07:00:00,25.75,26.0,25.6,25.75,1894000,VIC
2023-07-14 07:00:00,25.9,25.9,25.5,25.7,2013700,VIC
2023-07-17 07:00:00,25.8,26.55,25.7,26.45,4605500,VIC
2023-07-18 07:00:00,26.5,26.55,26.3,26.35,2091900,VIC
2023-07-19 07:00:00,26.45,26.45,26.05,26.05,1816000,VIC
2023-07-20 07:00:00,26.05,26.3,25.8,26.0,1893800,VIC
2023-07-21 07:00:00,26.0,26.15,25.8,26.05,2324800,VIC
2023-07-24 07:00:00,26.1,26.3,25.9,26.0,2621700,VIC
2023-07-25 07:00:00,26.05,26.1,25.75,25.75,3804000,VIC
2023-07-26 07:00:00,25.7,25.95,25.5,25.5,4119700,VIC
2023-07-27 07:00:00,25.5,25.75,25.4,25.55,3932500,VIC
2023-07-28 07:00:00,25.55,25.8,25.45,25.75,3550200,VIC
2023-07-31 07:00:00,27.55,27.55,27.3,27.55,10561900,VIC
2023-08-01 07:00:00,29.4,29.45,29.0,29.45,12259300,VIC
2023-08-02 07:00:00,29.5,29.95,29.05,29.15,12347800,VIC
2023-08-03 07:00:00,29.15,29.75,29.0,29.1,7522800,VIC
2023-08-04 07:00:00,29.5,31.1,29.5,31.1,21210800,VIC
2023-08-07 07:00:00,31.75,32.15,31.2,31.95,8090300,VIC
2023-08-08 07:00:00,32.0,33.75,31.8,33.5,11056400,VIC
2023-08-09 07:00:00,33.5,33.9,32.85,32.9,9768400,VIC
2023-08-10 07:00:00,33.15,34.2,33.05,33.95,7897700,VIC
2023-08-11 07:00:00,36.3,36.3,36.05,36.3,23093100,VIC
2023-08-14 07:00:00,37.45,37.7,35.75,36.65,12704000,VIC
2023-08-15 07:00:00,36.5,36.65,35.35,35.35,14765300,VIC
2023-08-16 07:00:00,37.8,37.8,37.7,37.8,19414900,VIC
2023-08-17 07:00:00,37.8,38.3,35.95,35.95,22232600,VIC
2023-08-18 07:00:00,34.55,35.0,33.45,33.45,26621900,VIC
2023-08-21 07:00:00,33.0,33.05,31.65,32.9,22403700,VIC
2023-08-22 07:00:00,33.5,33.55,31.4,32.25,13120800,VIC
2023-08-23 07:00:00,34.5,34.5,32.5,32.5,20341500,VIC
2023-08-24 07:00:00,32.85,32.9,31.3,32.1,16616200,VIC
2023-08-25 07:00:00,32.6,33.35,31.65,31.75,17900300,VIC
2023-08-28 07:00:00,32.5,33.35,32.25,32.35,16715600,VIC
2023-08-29 07:00:00,32.85,32.95,31.6,31.7,20650300,VIC
2023-08-30 07:00:00,31.5,31.5,30.3,31.0,24550800,VIC
2023-08-31 07:00:00,31.25,32.05,31.0,31.05,14984700,VIC
2023-09-05 07:00:00,31.25,31.95,30.85,31.15,13059500,VIC
2023-09-06 07:00:00,31.2,31.25,30.4,30.8,19411000,VIC
2023-09-07 07:00:00,31.0,31.25,30.4,30.4,16127800,VIC
2023-09-08 07:00:00,30.25,30.3,29.55,29.55,28220800,VIC
2023-09-11 07:00:00,30.05,30.7,29.55,29.55,16362000,VIC
2023-09-12 07:00:00,29.9,30.25,29.55,30.15,15067200,VIC
2023-09-13 07:00:00,30.4,30.7,29.55,29.6,16321000,VIC
2023-09-14 07:00:00,29.55,29.65,27.75,27.75,26861000,VIC
2023-09-15 07:00:00,28.0,28.15,26.6,26.8,18952400,VIC
2023-09-18 07:00:00,26.8,26.8,26.2,26.5,11462100,VIC
2023-09-19 07:00:00,26.75,26.95,25.75,25.85,12789300,VIC
2023-09-20 07:00:00,26.0,26.75,25.85,26.75,11801500,VIC
2023-09-21 07:00:00,26.9,26.9,26.1,26.1,8502600,VIC
2023-09-22 07:00:00,25.75,25.8,24.9,25.0,17451900,VIC
2023-09-25 07:00:00,25.05,25.2,23.25,23.25,16835400,VIC
2023-09-26 07:00:00,23.0,23.38,22.28,22.5,15113400,VIC
2023-09-27 07:00:00,22.3,22.62,22.02,22.6,8890400,VIC
2023-09-28 07:00:00,22.6,22.65,22.05,22.5,6887100,VIC
2023-09-29 07:00:00,22.6,24.08,22.58,23.42,13568000,VIC
2023-10-02 07:00:00,23.5,23.78,23.25,23.45,5084800,VIC
2023-10-03 07:00:00,22.95,23.0,21.92,22.25,12896800,VIC
2023-10-04 07:00:00,22.25,23.15,22.02,23.05,6718300,VIC
2023-10-05 07:00:00,23.1,23.2,22.4,22.8,5358200,VIC
2023-10-06 07:00:00,22.95,23.12,22.5,22.98,6192900,VIC
2023-10-09 07:00:00,23.0,23.02,22.6,22.6,4889700,VIC
2023-10-10 07:00:00,22.8,23.08,22.45,22.45,5861600,VIC
2023-10-11 07:00:00,22.52,22.72,22.5,22.72,3629700,VIC
2023-10-12 07:00:00,23.0,23.65,22.9,23.25,7710800,VIC
2023-10-13 07:00:00,23.02,23.22,22.78,23.05,5057900,VIC
2023-10-16 07:00:00,23.02,23.02,22.5,22.5,4839400,VIC
2023-10-17 07:00:00,22.5,22.58,22.0,22.0,4845000,VIC
2023-10-18 07:00:00,22.02,22.28,20.75,21.9,8869200,VIC
2023-10-19 07:00:00,21.9,21.95,21.2,21.6,5382400,VIC
2023-10-20 07:00:00,21.5,21.68,20.92,21.68,5953100,VIC
2023-10-23 07:00:00,21.68,21.7,21.3,21.7,4900400,VIC
2023-10-24 07:00:00,21.6,21.75,21.45,21.72,2821800,VIC
2023-10-25 07:00:00,22.1,22.65,21.92,22.35,6225600,VIC
2023-10-26 07:00:00,21.45,21.48,20.8,20.8,15106800,VIC
2023-10-27 07:00:00,20.82,20.9,19.35,20.8,13998100,VIC
2023-10-30 07:00:00,20.65,20.78,19.88,20.75,6062800,VIC
2023-10-31 07:00:00,20.52,20.78,20.23,20.25,5938400,VIC
2023-11-01 07:00:00,19.85,20.25,19.73,20.2,4618900,VIC
2023-11-02 07:00:00,20.25,20.75,19.82,20.72,6047500,VIC
2023-11-03 07:00:00,20.85,21.05,20.62,20.8,4094900,VIC
2023-11-06 07:00:00,20.98,21.15,20.82,21.05,4294000,VIC
2023-11-07 07:00:00,20.9,21.08,20.62,21.02,4222000,VIC
2023-11-08 07:00:00,20.95,21.52,20.8,21.5,4749500,VIC
2023-11-09 07:00:00,22.0,22.85,22.0,22.7,7308000,VIC
2023-11-10 07:00:00,22.5,22.6,22.2,22.48,5103200,VIC
2023-11-13 07:00:00,22.52,22.52,22.22,22.4,3953800,VIC
2023-11-14 07:00:00,22.48,22.75,22.25,22.48,3845100,VIC
2023-11-15 07:00:00,22.7,22.8,22.45,22.7,6206500,VIC
2023-11-16 07:00:00,22.7,22.7,22.42,22.55,2341300,VIC
2023-11-17 07:00:00,22.6,22.6,21.08,21.1,11573200,VIC
2023-11-20 07:00:00,20.45,21.4,20.45,21.35,4304300,VIC
2023-11-21 07:00:00,21.52,21.58,21.02,21.3,2852100,VIC
2023-11-22 07:00:00,21.48,21.5,20.92,21.0,3797800,VIC
2023-11-23 07:00:00,21.0,21.3,20.65,20.65,3301600,VIC
2023-11-24 07:00:00,20.68,20.75,20.3,20.68,3524600,VIC
2023-11-27 07:00:00,20.65,21.1,20.65,20.92,2794800,VIC
2023-11-28 07:00:00,20.92,21.25,20.8,21.2,2472300,VIC
2023-11-29 07:00:00,21.2,21.32,21.15,21.28,2051700,VIC
2023-11-30 07:00:00,21.25,21.42,20.88,20.88,3466400,VIC
2023-12-01 07:00:00,21.02,21.1,20.92,21.05,2301700,VIC
2023-12-04 07:00:00,21.05,21.5,21.05,21.48,3571300,VIC
2023-12-05 07:00:00,21.48,21.58,21.3,21.4,3626700,VIC
2023-12-06 07:00:00,21.25,21.5,21.25,21.4,2341200,VIC
2023-12-07 07:00:00,21.4,21.6,20.95,21.4,4453200,VIC
2023-12-08 07:00:00,21.3,21.52,21.28,21.48,2652300,VIC
2023-12-11 07:00:00,21.62,22.18,21.62,22.02,5292200,VIC
2023-12-12 07:00:00,22.02,22.2,22.0,22.12,2774200,VIC
2023-12-13 07:00:00,22.05,22.18,21.6,21.95,3973900,VIC
2023-12-14 07:00:00,21.98,22.02,21.72,21.9,3042800,VIC
2023-12-15 07:00:00,21.85,21.98,21.52,21.85,6066700,VIC
2023-12-18 07:00:00,21.85,21.98,21.52,21.6,2345200,VIC
2023-12-19 07:00:00,21.65,21.65,21.15,21.6,2813900,VIC
2023-12-20 07:00:00,21.48,21.72,21.42,21.62,1760100,VIC
2023-12-21 07:00:00,21.5,21.65,21.4,21.6,1890500,VIC
2023-12-22 07:00:00,21.6,21.68,21.38,21.58,2001100,VIC
2023-12-25 07:00:00,21.55,21.78,21.5,21.7,1977500,VIC
2023-12-26 07:00:00,21.7,21.88,21.68,21.78,1763700,VIC
2023-12-27 07:00:00,21.82,21.98,21.8,21.8,1848500,VIC
2023-12-28 07:00:00,21.8,22.3,21.8,22.22,4070700,VIC
2023-12-29 07:00:00,22.32,22.42,22.22,22.3,2168900,VIC
2024-01-02 07:00:00,22.48,22.48,22.0,22.0,2281300,VIC
2024-01-03 07:00:00,21.75,22.08,21.75,22.08,2275100,VIC
2024-01-04 07:00:00,22.08,22.2,21.9,22.08,2337800,VIC
2024-01-05 07:00:00,22.08,22.1,21.95,22.05,1481600,VIC
2024-01-08 07:00:00,22.22,22.38,22.05,22.18,2534400,VIC
2024-01-09 07:00:00,22.15,22.2,21.95,21.95,1604800,VIC
2024-01-10 07:00:00,21.95,22.02,21.6,21.8,2675700,VIC
2024-01-11 07:00:00,21.8,22.0,21.7,21.82,1666100,VIC
2024-01-12 07:00:00,21.75,21.75,21.35,21.5,2966600,VIC
2024-01-15 07:00:00,21.75,21.75,21.52,21.52,1456300,VIC
2024-01-16 07:00:00,21.5,21.62,21.42,21.58,1436500,VIC
2024-01-17 07:00:00,21.58,21.72,21.48,21.6,1878300,VIC
2024-01-18 07:00:00,21.5,21.75,21.5,21.68,1725100,VIC
2024-01-19 07:00:00,21.68,21.72,21.58,21.65,2905400,VIC
2024-01-22 07:00:00,21.75,21.75,21.58,21.65,1691900,VIC
2024-01-23 07:00:00,21.7,21.7,21.45,21.55,2211000,VIC
2024-01-24 07:00:00,21.6,21.62,21.45,21.58,1693500,VIC
2024-01-25 07:00:00,21.55,21.55,21.4,21.4,1155300,VIC
2024-01-26 07:00:00,21.35,21.5,21.32,21.4,1807600,VIC
2024-01-29 07:00:00,21.4,21.42,21.2,21.32,1816400,VIC
2024-01-30 07:00:00,21.32,21.4,21.25,21.35,1332900,VIC
2024-01-31 07:00:00,21.35,21.4,21.05,21.25,2738900,VIC
2024-02-01 07:00:00,21.22,21.25,21.02,21.18,2196100,VIC
2024-02-02 07:00:00,21.18,21.25,21.02,21.05,1981500,VIC
2024-02-05 07:00:00,21.1,21.1,20.9,21.1,2692400,VIC
2024-02-06 07:00:00,21.12,21.18,20.95,21.15,1594700,VIC
2024-02-07 07:00:00,21.15,21.2,21.0,21.2,1596000,VIC
2024-02-15 07:00:00,21.25,21.4,21.1,21.28,1934700,VIC
2024-02-16 07:00:00,21.28,22.08,21.25,21.98,4992200,VIC
2024-02-19 07:00:00,22.15,23.5,22.15,23.5,16636900,VIC
2024-02-20 07:00:00,24.0,24.68,23.95,24.25,8974900,VIC
2024-02-21 07:00:00,24.28,24.28,23.55,23.62,6649000,VIC
2024-02-22 07:00:00,23.62,23.85,23.5,23.8,4022500,VIC
2024-02-23 07:00:00,23.98,23.98,22.6,22.6,9877200,VIC
2024-02-26 07:00:00,22.68,22.88,22.15,22.3,5089400,VIC
2024-02-27 07:00:00,22.4,22.82,22.18,22.58,4367500,VIC
2024-02-28 07:00:00,22.95,23.2,22.62,22.8,3369700,VIC
2024-02-29 07:00:00,23.0,23.08,22.5,22.5,4017000,VIC
2024-03-01 07:00:00,22.5,22.8,22.42,22.62,2982700,VIC
2024-03-04 07:00:00,22.65,22.88,22.58,22.62,3738900,VIC
2024-03-05 07:00:00,22.6,22.75,22.5,22.65,3151800,VIC
2024-03-06 07:00:00,22.65,23.42,22.6,22.65,4652500,VIC
2024-03-07 07:00:00,22.8,22.92,22.68,22.8,2466500,VIC
2024-03-08 07:00:00,23.0,23.0,22.4,22.4,3896700,VIC
2024-03-11 07:00:00,22.45,22.62,22.18,22.18,3451600,VIC
2024-03-12 07:00:00,22.18,22.3,22.02,22.08,2836600,VIC
2024-03-13 07:00:00,22.12,22.5,22.05,22.5,2238600,VIC
2024-03-14 07:00:00,22.6,23.42,22.5,22.98,6021400,VIC
2024-03-15 07:00:00,22.95,23.0,22.2,22.2,4813400,VIC
2024-03-18 07:00:00,22.42,23.1,21.95,23.05,7732700,VIC
2024-03-19 07:00:00,23.1,23.65,22.8,23.5,7828400,VIC
2024-03-20 07:00:00,23.4,23.5,22.9,23.25,4695000,VIC
2024-03-21 07:00:00,23.25,23.42,22.95,23.25,3525800,VIC
2024-03-22 07:00:00,23.25,23.35,23.02,23.3,5198400,VIC
2024-03-25 07:00:00,23.3,23.7,23.08,23.42,4738500,VIC
2024-03-26 07:00:00,23.5,23.6,23.3,23.52,3479000,VIC
2024-03-27 07:00:00,23.52,23.65,23.35,23.52,4203100,VIC
2024-03-28 07:00:00,23.52,23.98,23.45,23.8,4639100,VIC
2024-03-29 07:00:00,23.92,23.95,23.65,23.82,3524600,VIC
2024-04-01 07:00:00,23.82,24.05,23.68,23.92,4451800,VIC
2024-04-02 07:00:00,23.5,23.95,23.25,23.9,4818000,VIC
2024-04-03 07:00:00,23.75,23.92,23.6,23.88,4260400,VIC
2024-04-04 07:00:00,23.62,23.98,23.62,23.92,4122100,VIC
2024-04-05 07:00:00,23.72,23.98,23.65,23.9,3382700,VIC
2024-04-08 07:00:00,24.0,24.0,23.68,23.85,2948500,VIC
2024-04-09 07:00:00,23.8,23.85,23.5,23.85,3502300,VIC
2024-04-10 07:00:00,23.85,24.32,23.82,24.25,5161600,VIC
2024-04-11 07:00:00,24.12,24.28,23.88,24.15,3397900,VIC
2024-04-12 07:00:00,24.18,24.35,24.08,24.22,3009600,VIC
2024-04-15 07:00:00,24.0,24.1,23.0,23.5,5597200,VIC
2024-04-16 07:00:00,23.5,23.5,22.32,23.2,4793200,VIC
2024-04-17 07:00:00,23.25,23.25,22.25,22.5,3009600,VIC
2024-04-19 07:00:00,21.8,22.0,21.3,21.3,3674400,VIC
2024-04-22 07:00:00,21.32,21.5,20.85,21.0,3217600,VIC
2024-04-23 07:00:00,21.22,21.22,20.5,20.5,2696100,VIC
2024-04-24 07:00:00,20.55,20.98,20.55,20.8,1583300,VIC
2024-04-25 07:00:00,20.85,21.18,20.65,21.0,1517500,VIC
2024-04-26 07:00:00,20.98,22.22,20.95,22.22,2697700,VIC
2024-05-02 07:00:00,22.0,22.2,21.8,22.2,1596500,VIC
2024-05-03 07:00:00,22.3,22.45,22.0,22.22,1315200,VIC
2024-05-06 07:00:00,22.22,22.38,21.92,22.38,1524400,VIC
2024-05-07 07:00:00,22.68,22.68,22.25,22.5,1053500,VIC
2024-05-08 07:00:00,22.55,22.7,22.15,22.7,1713400,VIC
2024-05-09 07:00:00,22.7,23.0,22.52,22.7,1415400,VIC
2024-05-10 07:00:00,22.7,22.85,22.25,22.5,1166900,VIC
2024-05-13 07:00:00,22.65,22.68,22.18,22.5,1711800,VIC
2024-05-14 07:00:00,24.05,24.05,23.02,23.02,5263900,VIC
2024-05-15 07:00:00,23.1,23.38,23.0,23.18,1357800,VIC
2024-05-16 07:00:00,23.3,23.58,23.1,23.38,2782500,VIC
2024-05-17 07:00:00,23.38,23.45,23.12,23.42,2168200,VIC
2024-05-20 07:00:00,23.5,23.78,23.18,23.35,3224900,VIC
2024-05-21 07:00:00,23.5,23.85,23.22,23.22,3335500,VIC
2024-05-22 07:00:00,23.18,23.45,22.75,22.75,3149300,VIC
2024-05-23 07:00:00,22.62,22.95,22.38,22.78,2649700,VIC
2024-05-24 07:00:00,22.58,22.8,22.08,22.48,3715400,VIC
2024-05-27 07:00:00,22.48,22.62,22.22,22.52,1713000,VIC
2024-05-28 07:00:00,22.5,22.65,22.22,22.52,2253600,VIC
2024-05-29 07:00:00,22.52,22.6,22.12,22.2,2583100,VIC
2024-05-30 07:00:00,22.2,22.25,21.58,21.58,2387000,VIC
2024-05-31 07:00:00,21.75,22.3,21.65,21.78,1663200,VIC
2024-06-03 07:00:00,21.9,22.3,21.9,21.98,1537000,VIC
2024-06-04 07:00:00,22.15,22.28,22.0,22.05,1463500,VIC
2024-06-05 07:00:00,22.05,22.38,22.05,22.1,1611400,VIC
2024-06-06 07:00:00,22.15,22.18,21.85,21.85,1823500,VIC
2024-06-07 07:00:00,21.95,22.0,21.6,21.75,1681700,VIC
2024-06-10 07:00:00,21.75,21.95,21.7,21.72,1582400,VIC
2024-06-11 07:00:00,21.65,21.72,21.28,21.6,4835000,VIC
2024-06-12 07:00:00,21.4,21.75,21.25,21.65,2292500,VIC
2024-06-13 07:00:00,21.65,21.75,21.45,21.6,2144000,VIC
2024-06-14 07:00:00,21.6,21.62,21.0,21.0,2718400,VIC
2024-06-17 07:00:00,21.3,21.48,21.0,21.0,2059700,VIC
2024-06-18 07:00:00,21.15,21.48,21.05,21.05,1832400,VIC
2024-06-19 07:00:00,21.18,21.22,20.72,20.75,3271200,VIC
2024-06-20 07:00:00,20.78,20.9,20.68,20.72,2357100,VIC
2024-06-21 07:00:00,20.72,20.82,20.58,20.82,2683900,VIC
2024-06-24 07:00:00,20.82,21.15,20.55,20.55,2804500,VIC
2024-06-25 07:00:00,20.58,21.0,20.58,20.6,1597200,VIC
2024-06-26 07:00:00,20.65,20.85,20.58,20.6,1918500,VIC
2024-06-27 07:00:00,20.55,20.7,20.5,20.5,1312100,VIC
2024-06-28 07:00:00,20.55,20.68,20.45,20.6,1785000,VIC
2024-07-01 07:00:00,20.7,20.7,20.52,20.68,903300,VIC
2024-07-02 07:00:00,20.7,20.88,20.65,20.8,1493400,VIC
2024-07-03 07:00:00,20.8,20.82,20.62,20.68,1138000,VIC
2024-07-04 07:00:00,20.75,20.85,20.65,20.7,1214300,VIC
2024-07-05 07:00:00,20.7,20.72,20.55,20.7,1445400,VIC
2024-07-08 07:00:00,20.7,20.7,20.18,20.2,3503600,VIC
2024-07-09 07:00:00,20.25,20.48,20.08,20.4,2286700,VIC
2024-07-10 07:00:00,20.48,20.48,20.3,20.3,1235400,VIC
2024-07-11 07:00:00,20.45,20.88,20.35,20.55,2747000,VIC
2024-07-12 07:00:00,20.85,21.4,20.82,20.88,3312000,VIC
2024-07-15 07:00:00,20.88,21.12,20.65,20.68,966900,VIC
2024-07-16 07:00:00,20.68,20.85,20.35,20.52,1863400,VIC
2024-07-17 07:00:00,20.5,20.5,20.08,20.3,2651000,VIC
2024-07-18 07:00:00,20.3,20.3,20.08,20.27,2142300,VIC
2024-07-19 07:00:00,20.35,20.55,20.15,20.38,1748000,VIC
2024-07-22 07:00:00,20.38,20.5,20.1,20.38,1776000,VIC
2024-07-23 07:00:00,20.38,20.42,20.2,20.42,1446300,VIC
2024-07-24 07:00:00,20.4,20.5,20.23,20.45,1657400,VIC
2024-07-25 07:00:00,20.65,21.3,20.42,20.8,4336200,VIC
2024-07-26 07:00:00,20.95,21.08,20.62,20.8,1376600,VIC
2024-07-29 07:00:00,20.8,20.8,20.38,20.8,2665100,VIC
2024-07-30 07:00:00,20.98,21.1,20.5,21.1,2426200,VIC
2024-07-31 07:00:00,21.15,21.15,20.78,21.15,2598500,VIC
2024-08-01 07:00:00,21.05,21.15,20.75,21.05,3279200,VIC
2024-08-02 07:00:00,21.08,21.1,20.4,21.0,2214600,VIC
2024-08-05 07:00:00,20.5,20.82,20.2,20.65,3942800,VIC
2024-08-06 07:00:00,20.75,20.78,20.27,20.65,1722300,VIC
2024-08-07 07:00:00,20.88,21.75,20.88,21.18,5315500,VIC
2024-08-08 07:00:00,21.02,21.1,20.82,20.9,1543000,VIC
2024-08-09 07:00:00,20.9,21.0,20.6,20.6,2266900,VIC
2024-08-12 07:00:00,20.55,20.6,20.3,20.3,1806700,VIC
2024-08-13 07:00:00,20.32,20.6,20.32,20.35,1399600,VIC
2024-08-14 07:00:00,20.38,20.6,20.38,20.4,1377400,VIC
2024-08-15 07:00:00,20.5,20.58,20.4,20.4,1213500,VIC
2024-08-16 07:00:00,20.45,20.8,20.45,20.58,2307000,VIC
2024-08-19 07:00:00,20.65,20.78,20.52,20.58,1644900,VIC
2024-08-20 07:00:00,20.58,21.1,20.5,20.85,3036500,VIC
2024-08-21 07:00:00,20.8,21.0,20.75,20.92,1664500,VIC
2024-08-22 07:00:00,20.92,21.18,20.78,20.78,2379500,VIC
2024-08-23 07:00:00,20.8,21.0,20.75,20.78,1748500,VIC
2024-08-26 07:00:00,20.82,21.18,20.82,21.08,2497500,VIC
2024-08-27 07:00:00,21.05,22.55,21.05,22.55,12748800,VIC
2024-08-28 07:00:00,22.75,23.05,22.2,22.2,4933500,VIC
2024-08-29 07:00:00,22.12,22.4,22.02,22.1,3209900,VIC
2024-08-30 07:00:00,22.28,22.6,22.1,22.1,3398500,VIC
2024-09-04 07:00:00,21.8,22.15,21.65,22.0,3198700,VIC
2024-09-05 07:00:00,22.28,22.98,22.2,22.52,4519500,VIC
2024-09-06 07:00:00,22.68,22.68,22.3,22.32,2501900,VIC
2024-09-09 07:00:00,22.1,22.25,21.72,21.85,4810700,VIC
2024-09-10 07:00:00,21.85,21.95,21.3,21.5,4601800,VIC
2024-09-11 07:00:00,21.32,21.5,21.05,21.5,3098200,VIC
2024-09-12 07:00:00,21.52,21.62,21.28,21.45,2166600,VIC
2024-09-13 07:00:00,21.45,21.48,21.25,21.45,1526300,VIC
2024-09-16 07:00:00,21.35,21.8,21.02,21.02,2005200,VIC
2024-09-17 07:00:00,21.02,21.6,21.02,21.45,2237700,VIC
2024-09-18 07:00:00,21.45,21.65,21.32,21.32,2746900,VIC
2024-09-19 07:00:00,21.4,21.6,21.35,21.45,2240000,VIC
2024-09-20 07:00:00,21.5,21.82,21.15,21.15,3926500,VIC
2024-09-23 07:00:00,21.45,21.45,21.18,21.18,1713400,VIC
2024-09-24 07:00:00,21.2,21.32,21.18,21.28,1438700,VIC
2024-09-25 07:00:00,21.38,21.45,21.2,21.3,3721100,VIC
2024-09-26 07:00:00,21.3,21.55,21.3,21.3,2768500,VIC
2024-09-27 07:00:00,21.45,21.45,21.22,21.25,2740700,VIC
2024-09-30 07:00:00,21.2,21.3,21.0,21.0,2924300,VIC
2024-10-01 07:00:00,21.02,21.38,21.02,21.15,1914600,VIC
2024-10-02 07:00:00,21.18,21.2,21.02,21.02,1527200,VIC
2024-10-03 07:00:00,21.05,21.22,20.68,20.68,3460400,VIC
2024-10-04 07:00:00,20.68,20.68,20.45,20.5,2144700,VIC
2024-10-07 07:00:00,20.55,20.78,20.42,20.42,1652400,VIC
2024-10-08 07:00:00,20.52,20.52,20.3,20.45,2648700,VIC
2024-10-09 07:00:00,20.52,20.8,20.5,20.8,1210800,VIC
2024-10-10 07:00:00,20.8,20.82,20.65,20.7,1471200,VIC
2024-10-11 07:00:00,20.7,20.98,20.68,20.9,1709800,VIC
2024-10-14 07:00:00,21.25,21.7,21.08,21.08,4264900,VIC
2024-10-15 07:00:00,21.12,21.25,20.78,20.82,1847000,VIC
2024-10-16 07:00:00,20.75,20.9,20.72,20.75,1211100,VIC
2024-10-17 07:00:00,20.88,20.9,20.72,20.78,1030100,VIC
2024-10-18 07:00:00,20.85,21.1,20.85,20.9,1174800,VIC
2024-10-21 07:00:00,20.92,21.45,20.92,21.12,2219200,VIC
2024-10-22 07:00:00,21.3,21.3,21.1,21.1,2045600,VIC
2024-10-23 07:00:00,21.35,22.15,21.35,21.6,5014800,VIC
2024-10-24 07:00:00,21.5,21.55,21.02,21.02,2055400,VIC
2024-10-25 07:00:00,21.1,21.15,20.78,20.78,2047900,VIC
2024-10-28 07:00:00,20.8,20.88,20.72,20.72,1473100,VIC
2024-10-29 07:00:00,20.75,20.85,20.65,20.68,1285000,VIC
2024-10-30 07:00:00,20.72,20.85,20.4,20.5,2024200,VIC
2024-10-31 07:00:00,20.7,20.85,20.52,20.78,1827900,VIC
2024-11-01 07:00:00,20.78,20.8,20.55,20.6,1338600,VIC
2024-11-04 07:00:00,20.7,20.75,20.52,20.6,1345200,VIC
2024-11-05 07:00:00,20.6,20.65,20.52,20.65,963000,VIC
2024-11-06 07:00:00,20.75,21.0,20.7,20.9,1521600,VIC
2024-11-07 07:00:00,21.0,21.12,20.85,20.85,1172800,VIC
2024-11-08 07:00:00,20.9,20.9,20.5,20.52,2191200,VIC
2024-11-11 07:00:00,20.52,20.58,20.32,20.4,1944400,VIC
2024-11-12 07:00:00,20.5,20.75,20.25,20.27,2485900,VIC
2024-11-13 07:00:00,20.42,20.58,20.25,20.3,2043200,VIC
2024-11-14 07:00:00,20.32,20.65,20.3,20.35,1968300,VIC
2024-11-15 07:00:00,20.32,20.52,20.27,20.27,2310300,VIC
2024-11-18 07:00:00,20.27,20.42,20.18,20.2,1892700,VIC
2024-11-19 07:00:00,20.2,20.35,20.18,20.18,1858400,VIC
2024-11-20 07:00:00,20.1,20.32,20.08,20.18,1840800,VIC
2024-11-21 07:00:00,20.18,20.3,20.15,20.18,1991900,VIC
2024-11-22 07:00:00,20.18,20.42,20.15,20.23,1336300,VIC
2024-11-25 07:00:00,20.23,20.5,20.23,20.5,1915300,VIC
2024-11-26 07:00:00,20.5,20.65,20.5,20.52,1230800,VIC
2024-11-27 07:00:00,20.52,20.52,20.38,20.38,992200,VIC
2024-11-28 07:00:00,20.55,20.6,20.35,20.35,1116300,VIC
2024-11-29 07:00:00,20.32,20.38,20.25,20.25,1965400,VIC
2024-12-02 07:00:00,20.27,20.48,20.15,20.18,2064000,VIC
2024-12-03 07:00:00,20.2,20.3,20.12,20.2,1873300,VIC
2024-12-04 07:00:00,20.2,20.2,19.9,20.0,2491600,VIC
2024-12-05 07:00:00,20.4,20.5,20.15,20.42,3370100,VIC
2024-12-06 07:00:00,20.42,21.15,20.38,20.92,5327100,VIC
2024-12-09 07:00:00,21.05,21.42,20.92,20.92,3341600,VIC
2024-12-10 07:00:00,20.92,20.95,20.6,20.6,2352900,VIC
2024-12-11 07:00:00,20.6,20.7,20.45,20.65,2168100,VIC
2024-12-12 07:00:00,20.65,20.68,20.45,20.45,2147400,VIC
2024-12-13 07:00:00,20.38,20.45,20.3,20.4,1952200,VIC
2024-12-16 07:00:00,20.4,20.45,20.3,20.35,1159200,VIC
2024-12-17 07:00:00,20.35,20.4,20.27,20.27,1329900,VIC
2024-12-18 07:00:00,20.27,20.42,20.27,20.3,850100,VIC
2024-12-19 07:00:00,20.15,20.2,20.05,20.15,2486800,VIC
2024-12-20 07:00:00,20.15,20.25,20.12,20.25,1569200,VIC
2024-12-23 07:00:00,20.25,20.42,20.25,20.3,999700,VIC
2024-12-24 07:00:00,20.25,20.3,20.18,20.3,1333700,VIC
2024-12-25 07:00:00,20.3,20.52,20.27,20.32,1908100,VIC
2024-12-26 07:00:00,20.35,20.5,20.32,20.32,877500,VIC
2024-12-27 07:00:00,20.35,20.45,20.27,20.27,1497700,VIC
2024-12-30 07:00:00,20.18,20.3,20.15,20.27,1415300,VIC
2024-12-31 07:00:00,20.27,20.3,20.15,20.27,1784400,VIC
2025-01-02 07:00:00,20.25,20.27,20.15,20.27,1340500,VIC
2025-01-03 07:00:00,20.27,20.27,20.08,20.25,1729100,VIC
2025-01-06 07:00:00,20.2,20.25,20.15,20.25,1625900,VIC
2025-01-07 07:00:00,20.15,20.27,20.1,20.25,1965000,VIC
2025-01-08 07:00:00,20.2,20.27,20.15,20.25,925800,VIC
2025-01-09 07:00:00,20.27,20.5,20.25,20.38,1187900,VIC
2025-01-10 07:00:00,20.38,20.45,20.2,20.25,1104600,VIC
2025-01-13 07:00:00,19.85,20.18,19.85,20.15,1680700,VIC
2025-01-14 07:00:00,20.1,20.1,19.9,20.1,2326300,VIC
2025-01-15 07:00:00,20.15,20.18,20.0,20.12,874200,VIC
2025-01-16 07:00:00,20.15,20.32,20.05,20.23,1999800,VIC
2025-01-17 07:00:00,20.25,20.27,20.12,20.23,1173800,VIC
2025-01-20 07:00:00,20.15,20.23,20.12,20.2,646200,VIC
2025-01-21 07:00:00,20.27,20.27,20.15,20.23,1313500,VIC
2025-01-22 07:00:00,20.25,20.25,20.05,20.2,1135200,VIC
2025-01-23 07:00:00,20.2,20.32,20.12,20.2,1420100,VIC
2025-01-24 07:00:00,20.12,20.25,20.1,20.2,1387900,VIC
2025-02-03 07:00:00,20.1,20.15,19.95,20.02,1575100,VIC
2025-02-04 07:00:00,20.02,20.1,19.92,20.05,1440900,VIC
2025-02-05 07:00:00,20.1,20.23,20.02,20.02,1059300,VIC
2025-02-06 07:00:00,20.18,20.27,20.02,20.23,1314600,VIC
2025-02-07 07:00:00,20.25,20.35,20.12,20.32,1394900,VIC
2025-02-10 07:00:00,20.18,20.18,20.0,20.0,1534300,VIC
2025-02-11 07:00:00,20.0,20.05,19.92,19.98,1436000,VIC
2025-02-12 07:00:00,19.98,20.05,19.95,19.95,940900,VIC
2025-02-13 07:00:00,19.95,20.15,19.92,20.12,1052900,VIC
2025-02-14 07:00:00,20.25,20.25,20.1,20.12,996500,VIC
2025-02-17 07:00:00,20.12,20.2,20.02,20.05,851700,VIC
2025-02-18 07:00:00,20.05,20.23,19.95,20.1,1200000,VIC
2025-02-19 07:00:00,20.1,20.25,20.02,20.2,1574300,VIC
2025-02-20 07:00:00,20.23,20.62,20.2,20.48,2936300,VIC
2025-02-21 07:00:00,20.48,20.48,20.32,20.32,1332100,VIC
2025-02-24 07:00:00,20.18,20.32,20.18,20.3,1540100,VIC
2025-02-25 07:00:00,20.35,20.58,20.32,20.35,1793300,VIC
2025-02-26 07:00:00,20.5,20.55,20.4,20.5,1364900,VIC
2025-02-27 07:00:00,20.6,20.6,20.38,20.52,1441600,VIC
2025-02-28 07:00:00,20.52,20.8,20.35,20.6,2771000,VIC
2025-03-03 07:00:00,20.65,21.2,20.6,21.02,2857500,VIC
2025-03-04 07:00:00,21.22,21.25,20.9,20.98,3056500,VIC
2025-03-05 07:00:00,21.02,21.25,21.0,21.12,2907700,VIC
2025-03-06 07:00:00,21.15,21.28,21.02,21.18,2628200,VIC
2025-03-07 07:00:00,21.15,22.65,21.12,22.65,11502700,VIC
2025-03-10 07:00:00,22.95,23.95,22.9,23.65,9904400,VIC
2025-03-11 07:00:00,23.45,23.65,23.25,23.65,5692400,VIC
2025-03-12 07:00:00,23.68,24.12,23.68,24.05,7003400,VIC
2025-03-13 07:00:00,24.15,25.7,23.75,25.7,16415000,VIC
2025-03-14 07:00:00,25.9,26.4,25.7,26.1,8422600,VIC
2025-03-17 07:00:00,26.25,26.35,25.4,26.05,6497300,VIC
2025-03-18 07:00:00,26.05,26.35,25.55,25.65,6017000,VIC
2025-03-19 07:00:00,25.4,26.25,24.6,25.95,10342000,VIC
2025-03-20 07:00:00,26.0,26.6,25.35,25.75,6629100,VIC
2025-03-21 07:00:00,25.8,26.5,25.5,26.5,7486300,VIC
2025-03-24 07:00:00,26.5,28.35,26.35,28.35,11901000,VIC
2025-03-25 07:00:00,28.85,29.6,28.3,28.45,7932000,VIC
2025-03-26 07:00:00,28.9,29.0,27.85,28.5,6487700,VIC
2025-03-27 07:00:00,28.75,29.35,28.3,28.55,4569200,VIC
2025-03-28 07:00:00,28.5,29.15,28.45,29.0,5542600,VIC
2025-03-31 07:00:00,28.9,29.25,28.65,29.0,6654000,VIC
2025-04-01 07:00:00,29.35,30.4,29.1,29.85,7757400,VIC
2025-04-02 07:00:00,30.25,30.6,29.75,30.2,7316000,VIC
2025-04-03 07:00:00,29.1,29.9,28.1,28.1,19210900,VIC
2025-04-04 07:00:00,27.1,29.75,26.7,29.15,14551100,VIC
2025-04-08 07:00:00,29.0,29.0,27.15,27.55,11574700,VIC
2025-04-09 07:00:00,26.05,29.2,26.05,28.5,13002500,VIC
2025-04-10 07:00:00,30.45,30.45,30.45,30.45,3803200,VIC
2025-04-11 07:00:00,29.85,32.55,29.85,32.55,13360300,VIC
2025-04-14 07:00:00,33.25,34.8,33.0,34.8,8825200,VIC
2025-04-15 07:00:00,35.2,37.2,35.0,35.25,12266200,VIC
2025-04-16 07:00:00,35.3,36.0,33.7,33.95,7547800,VIC
2025-04-17 07:00:00,33.85,35.5,33.6,35.5,8063200,VIC
2025-04-18 07:00:00,35.9,35.9,33.05,33.05,10565700,VIC
2025-04-21 07:00:00,32.05,33.7,30.75,30.75,15468900,VIC
2025-04-22 07:00:00,31.0,31.35,29.0,29.5,12818600,VIC
2025-04-23 07:00:00,30.0,30.15,29.15,29.3,18984200,VIC
2025-04-24 07:00:00,29.45,31.35,29.3,31.35,8730000,VIC
2025-04-25 07:00:00,32.2,33.5,32.0,33.5,14779000,VIC
2025-04-28 07:00:00,33.9,34.5,33.35,34.0,7023300,VIC
2025-04-29 07:00:00,33.5,34.0,31.9,34.0,13384800,VIC
2025-05-05 07:00:00,34.45,36.2,34.0,35.0,4406800,VIC
2025-05-06 07:00:00,35.3,35.9,34.7,35.25,5708100,VIC
2025-05-07 07:00:00,35.3,37.0,35.2,36.7,7611900,VIC
2025-05-08 07:00:00,37.6,39.25,37.1,39.25,7176700,VIC
2025-05-09 07:00:00,40.0,40.45,37.75,38.25,7034400,VIC
2025-05-12 07:00:00,39.2,40.1,38.5,39.7,5880900,VIC
2025-05-13 07:00:00,40.25,40.25,38.35,39.8,9649000,VIC
2025-05-14 07:00:00,39.55,41.25,39.2,39.9,6639600,VIC
2025-05-15 07:00:00,39.5,39.95,38.6,39.9,8928700,VIC
2025-05-16 07:00:00,39.35,40.45,39.35,40.0,4658600,VIC
2025-05-19 07:00:00,40.05,42.8,40.0,42.8,9153200,VIC
2025-05-20 07:00:00,44.25,45.75,44.25,45.75,3889300,VIC
2025-05-21 07:00:00,48.95,48.95,44.95,46.75,7274400,VIC
2025-05-22 07:00:00,46.5,49.25,45.9,46.25,6559400,VIC
2025-05-23 07:00:00,46.0,48.15,45.9,46.5,4202800,VIC
2025-05-26 07:00:00,46.6,47.65,43.5,47.25,4813300,VIC
2025-05-27 07:00:00,47.35,47.5,45.75,47.25,6808300,VIC
2025-05-28 07:00:00,46.5,49.15,46.5,48.5,6149000,VIC
2025-05-29 07:00:00,48.6,49.5,48.05,48.5,4732400,VIC
2025-05-30 07:00:00,48.55,49.5,48.15,49.2,3270500,VIC
2025-06-02 07:00:00,49.35,49.9,47.1,49.0,6436100,VIC
2025-06-03 07:00:00,48.75,49.75,47.5,49.05,4412900,VIC
2025-06-04 07:00:00,49.0,49.25,48.2,49.05,3333300,VIC
2025-06-05 07:00:00,48.95,49.05,48.15,49.0,3350000,VIC
2025-06-06 07:00:00,48.3,49.25,48.2,48.5,2930200,VIC
2025-06-09 07:00:00,48.45,48.45,45.15,45.15,3775300,VIC
2025-06-10 07:00:00,43.0,46.45,43.0,45.3,6840100,VIC
2025-06-11 07:00:00,46.3,46.3,45.0,45.1,1438900,VIC
2025-06-12 07:00:00,45.7,45.8,42.35,43.4,4156300,VIC
2025-06-13 07:00:00,42.85,43.0,40.8,42.75,4992800,VIC
2025-06-16 07:00:00,42.0,42.8,41.3,42.7,2514600,VIC
2025-06-17 07:00:00,42.7,45.4,42.15,43.85,3384000,VIC
2025-06-18 07:00:00,43.85,44.5,43.45,44.0,1429200,VIC
2025-06-19 07:00:00,44.0,45.3,43.8,44.7,3247900,VIC
2025-06-20 07:00:00,44.7,44.7,43.35,43.4,13615300,VIC
2025-06-23 07:00:00,43.05,46.4,42.55,46.4,3871300,VIC
2025-06-24 07:00:00,47.45,49.0,46.85,47.9,3974800,VIC
2025-06-25 07:00:00,48.0,48.3,47.25,47.9,2655500,VIC
2025-06-26 07:00:00,47.5,48.5,47.5,47.5,1611200,VIC
2025-06-27 07:00:00,47.5,48.05,46.2,47.75,3029000,VIC
2025-06-30 07:00:00,47.75,48.15,47.55,47.8,1265200,VIC
2025-07-01 07:00:00,47.85,48.25,46.75,47.8,2334000,VIC
2025-07-02 07:00:00,47.15,47.75,47.15,47.7,1090300,VIC
2025-07-03 07:00:00,47.3,47.6,46.95,47.25,1890400,VIC
2025-07-04 07:00:00,47.2,47.2,45.75,45.95,3983100,VIC
2025-07-07 07:00:00,45.95,47.1,45.5,46.5,2009500,VIC
2025-07-08 07:00:00,46.5,47.5,46.45,46.65,1420800,VIC
2025-07-09 07:00:00,46.5,47.5,46.5,47.5,3286600,VIC
2025-07-10 07:00:00,48.0,50.8,48.0,50.8,7069900,VIC
2025-07-11 07:00:00,52.25,54.05,51.95,54.0,4793600,VIC
2025-07-14 07:00:00,57.5,57.75,55.5,56.5,5532400,VIC
2025-07-15 07:00:00,57.0,57.0,55.5,55.8,3248800,VIC
2025-07-16 07:00:00,55.5,59.1,55.05,58.7,3302900,VIC
2025-07-17 07:00:00,59.05,61.65,59.05,61.0,6597500,VIC
2025-07-18 07:00:00,62.35,62.35,58.75,59.5,6065800,VIC
2025-07-21 07:00:00,60.25,61.25,55.35,56.0,4306600,VIC
2025-07-22 07:00:00,56.1,58.75,56.1,58.75,3938700,VIC
2025-07-23 07:00:00,59.75,59.75,57.5,57.5,2804200,VIC
2025-07-24 07:00:00,57.6,58.5,54.85,58.0,6030600,VIC
2025-07-25 07:00:00,56.6,59.0,56.55,57.05,3383900,VIC
2025-07-28 07:00:00,57.5,59.0,57.05,57.8,3265900,VIC
2025-07-29 07:00:00,57.5,58.6,56.5,56.6,4560800,VIC
2025-07-30 07:00:00,56.6,57.0,54.05,54.75,4353100,VIC
2025-07-31 07:00:00,54.35,54.75,52.5,52.75,5664700,VIC
2025-08-01 07:00:00,53.0,54.9,52.0,52.0,3947500,VIC
2025-08-04 07:00:00,53.1,55.6,52.5,55.6,3877600,VIC
2025-08-05 07:00:00,58.8,59.45,57.3,58.75,8377700,VIC
2025-08-06 07:00:00,58.75,60.0,57.5,59.25,4212200,VIC
2025-08-07 07:00:00,59.25,61.0,57.5,57.5,4140100,VIC
2025-08-08 07:00:00,57.45,58.8,56.6,58.5,3217500,VIC
2025-08-11 07:00:00,58.5,59.45,57.5,57.75,3280300,VIC
2025-08-12 07:00:00,57.75,58.4,57.25,57.75,2958100,VIC
2025-08-13 07:00:00,57.5,58.25,57.0,58.0,4109600,VIC
2025-08-14 07:00:00,58.2,59.4,57.6,59.1,4312200,VIC
2025-08-15 07:00:00,59.6,63.0,58.95,59.1,5258600,VIC
2025-08-18 07:00:00,59.1,59.25,58.0,59.1,3592000,VIC
2025-08-19 07:00:00,59.1,60.55,58.25,59.1,5290800,VIC
2025-08-20 07:00:00,59.3,63.0,58.95,62.1,7458200,VIC
2025-08-21 07:00:00,61.1,63.4,61.0,62.5,4069100,VIC
2025-08-22 07:00:00,61.0,63.75,61.0,62.05,5032500,VIC
2025-08-25 07:00:00,62.0,66.3,61.75,65.5,3813100,VIC
2025-08-26 07:00:00,65.5,69.95,64.5,67.75,2595000,VIC
2025-08-27 07:00:00,66.6,67.8,66.0,66.0,2351500,VIC
2025-08-28 07:00:00,66.1,67.0,65.0,65.05,2178800,VIC
2025-08-29 07:00:00,65.55,66.25,64.05,64.15,2470800,VIC
2025-09-03 07:00:00,63.55,64.1,62.25,62.5,2287100,VIC
2025-09-04 07:00:00,62.5,63.0,61.5,62.5,1988700,VIC
2025-09-05 07:00:00,62.6,64.9,62.5,62.5,2141000,VIC
2025-09-08 07:00:00,62.55,64.0,62.5,62.5,2203500,VIC
2025-09-09 07:00:00,62.5,64.8,62.05,64.6,2659700,VIC
2025-09-10 07:00:00,64.6,65.5,63.5,65.45,1985100,VIC
2025-09-11 07:00:00,65.0,68.75,64.55,68.0,3017000,VIC
2025-09-12 07:00:00,68.0,69.05,67.05,68.9,1964200,VIC
2025-09-15 07:00:00,68.85,68.9,67.4,68.9,2142000,VIC
2025-09-16 07:00:00,68.9,68.9,66.95,67.5,2920100,VIC
2025-09-17 07:00:00,66.75,71.95,66.7,71.55,3984900,VIC
2025-09-18 07:00:00,71.75,74.95,70.75,72.5,4389200,VIC
2025-09-19 07:00:00,72.5,76.6,71.5,76.6,5615300,VIC
2025-09-22 07:00:00,74.85,77.1,71.95,74.4,5112200,VIC
2025-09-23 07:00:00,74.0,75.05,72.8,74.6,1426200,VIC
2025-09-24 07:00:00,74.5,76.0,72.8,74.5,1753900,VIC
2025-09-25 07:00:00,74.5,79.0,73.45,79.0,2820700,VIC
2025-09-26 07:00:00,79.0,82.45,78.0,82.0,2709300,VIC
2025-09-29 07:00:00,81.15,87.4,80.5,86.4,2445600,VIC
2025-09-30 07:00:00,86.75,91.5,86.75,87.45,4674600,VIC
2025-10-01 07:00:00,87.45,87.5,83.9,85.0,2643100,VIC
2025-10-02 07:00:00,84.4,87.85,84.4,85.5,2381100,VIC
2025-10-03 07:00:00,86.0,89.65,85.55,88.25,4892400,VIC
2025-10-06 07:00:00,93.4,93.4,88.25,89.85,2398200,VIC
2025-10-07 07:00:00,90.55,91.0,89.0,90.0,2368100,VIC
2025-10-08 07:00:00,89.5,90.45,87.6,89.05,3256600,VIC
2025-10-09 07:00:00,88.5,90.8,88.15,89.75,4131300,VIC
2025-10-10 07:00:00,89.25,96.0,89.25,96.0,4294700,VIC
2025-10-13 07:00:00,96.95,102.7,96.95,102.7,7178300,VIC
2025-10-14 07:00:00,107.95,109.85,103.45,105.95,8065500,VIC
2025-10-15 07:00:00,107.05,107.45,103.0,104.75,3752400,VIC
2025-10-16 07:00:00,105.0,108.8,102.95,106.55,5217400,VIC
2025-10-17 07:00:00,107.05,107.3,99.95,102.0,5615100,VIC
2025-10-20 07:00:00,100.0,102.25,95.0,97.45,5671000,VIC
2025-10-21 07:00:00,101.0,102.45,96.85,101.7,3700400,VIC
2025-10-22 07:00:00,102.0,102.0,96.5,101.5,4196300,VIC
2025-10-23 07:00:00,101.45,107.75,100.0,107.5,4761200,VIC
2025-10-24 07:00:00,107.7,111.45,107.55,109.5,3412900,VIC
2025-10-27 07:00:00,111.45,113.25,107.0,107.0,3889100,VIC
2025-10-28 07:00:00,106.75,110.3,99.55,110.05,5205500,VIC
2025-10-29 07:00:00,109.5,109.5,105.95,106.0,2739200,VIC
2025-10-30 07:00:00,105.25,105.9,100.75,102.05,3772500,VIC
2025-10-31 07:00:00,101.0,101.85,95.5,95.5,7461600,VIC
2025-11-03 07:00:00,95.55,99.75,93.0,97.7,3627000,VIC
2025-11-04 07:00:00,99.0,102.45,98.05,100.5,2514100,VIC
2025-11-05 07:00:00,100.5,104.0,99.25,103.25,2136600,VIC
2025-11-06 07:00:00,103.0,105.75,101.9,103.9,4605200,VIC
2025-11-07 07:00:00,102.5,103.95,99.85,99.85,3701700,VIC
2025-11-10 07:00:00,99.4,102.0,96.65,99.5,2785800,VIC
2025-11-11 07:00:00,99.5,101.95,99.35,100.5,4226300,VIC
2025-11-12 07:00:00,99.8,105.6,99.8,105.6,3885100,VIC
2025-11-13 07:00:00,105.0,107.9,104.6,105.6,3061500,VIC
2025-11-14 07:00:00,105.4,105.65,104.05,105.5,2083100,VIC
2025-11-17 07:00:00,106.0,110.55,106.0,108.5,3889800,VIC
2025-11-18 07:00:00,108.5,110.5,107.75,110.0,3027200,VIC
2025-11-19 07:00:00,110.0,112.5,109.5,110.25,2328900,VIC
2025-11-20 07:00:00,110.45,115.0,110.0,114.0,2828600,VIC
2025-11-21 07:00:00,113.1,115.55,111.0,114.85,2778400,VIC
2025-11-24 07:00:00,114.65,121.95,114.65,119.75,3203000,VIC
2025-11-25 07:00:00,121.5,124.4,120.0,121.5,3425500,VIC
2025-11-26 07:00:00,123.5,123.5,118.75,122.5,4196800,VIC
2025-11-27 07:00:00,123.1,126.55,122.7,124.0,2348000,VIC
2025-11-28 07:00:00,124.1,131.4,124.1,130.2,3844800,VIC
2025-12-01 07:00:00,133.05,139.3,133.0,134.95,4500600,VIC
2025-12-02 07:00:00,135.0,138.75,131.5,137.5,4093500,VIC
2025-12-03 07:00:00,139.45,139.45,134.6,134.7,3328700,VIC
2025-12-04 07:00:00,134.0,135.4,131.0,133.5,3902000,VIC
2025-12-05 07:00:00,142.8,142.8,139.4,142.8,7001500,VIC
2025-12-08 07:00:00,152.0,152.7,149.1,152.7,4606600,VIC
2025-12-09 07:00:00,163.3,163.3,153.0,160.0,12839300,VIC
2025-12-10 07:00:00,160.0,160.0,148.8,148.8,6592900,VIC
2025-12-11 07:00:00,143.0,147.6,138.4,146.0,7957600,VIC
2025-12-12 07:00:00,147.8,147.8,140.0,144.0,4622400,VIC
2025-12-15 07:00:00,143.8,147.0,140.0,142.9,5214800,VIC
2025-12-16 07:00:00,142.9,149.3,140.4,142.9,5330200,VIC
2025-12-17 07:00:00,143.7,146.8,142.6,142.9,2867800,VIC
2025-12-18 07:00:00,143.0,143.0,139.7,142.7,5429000,VIC
2025-12-19 07:00:00,142.7,152.1,142.0,148.5,12784300,VIC
2025-12-22 07:00:00,153.8,158.8,151.8,158.8,4500800,VIC
2025-12-23 07:00:00,165.0,169.9,163.0,169.9,6615800,VIC
2025-12-24 07:00:00,174.0,176.6,164.0,169.8,8749100,VIC
2025-12-25 07:00:00,167.6,174.5,158.0,158.0,6373600,VIC
2025-12-26 07:00:00,147.0,155.2,147.0,155.0,15336300,VIC
2025-12-29 07:00:00,155.0,159.9,155.0,159.7,6667000,VIC
2025-12-30 07:00:00,159.7,163.0,151.6,163.0,8091800,VIC
2025-12-31 07:00:00,163.0,172.0,158.8,169.6,9438700,VIC
2026-01-05 07:00:00,169.6,174.5,166.8,173.1,6644800,VIC
2026-01-06 07:00:00,173.6,176.0,171.4,173.1,7681000,VIC
2026-01-07 07:00:00,173.1,179.5,168.6,179.0,7674800,VIC
2026-01-08 07:00:00,183.5,190.0,176.6,176.6,6593700,VIC
2026-01-09 07:00:00,176.0,180.2,172.6,176.0,5389600,VIC
2026-01-12 07:00:00,174.6,175.4,163.7,163.7,9379500,VIC
2026-01-13 07:00:00,159.0,173.3,158.0,167.9,5382600,VIC
2026-01-14 07:00:00,171.2,171.2,159.0,160.2,4416000,VIC
2026-01-15 07:00:00,160.1,160.2,150.9,153.0,8278800,VIC
2026-01-16 07:00:00,153.0,163.0,153.0,159.9,3824600,VIC
2026-01-19 07:00:00,164.9,164.9,159.0,162.0,2282900,VIC
2026-01-20 07:00:00,162.0,162.0,154.6,161.0,5147800,VIC
2026-01-21 07:00:00,159.0,164.2,158.9,160.5,3238000,VIC
2026-01-22 07:00:00,157.0,161.4,157.0,161.1,3404000,VIC
2026-01-23 07:00:00,163.8,167.7,162.5,165.4,3317300,VIC
2026-01-26 07:00:00,167.0,167.5,159.6,159.9,2315400,VIC
2026-01-27 07:00:00,160.0,160.0,150.1,151.0,6581300,VIC
2026-01-28 07:00:00,151.0,154.5,140.5,140.5,10028300,VIC
2026-01-29 07:00:00,138.9,142.0,138.5,140.5,6992500,VIC
2026-01-30 07:00:00,140.5,141.9,135.9,140.5,6881400,VIC
2026-02-02 07:00:00,138.5,140.0,130.7,130.7,10401600,VIC
2026-02-03 07:00:00,125.3,133.1,125.3,130.7,8884500,VIC
2026-02-04 07:00:00,129.6,129.8,121.6,121.6,11704000,VIC
2026-02-05 07:00:00,119.0,130.1,118.9,130.1,7413900,VIC
2026-02-06 07:00:00,130.1,137.3,128.0,131.0,7311200,VIC
2026-02-09 07:00:00,132.8,133.3,129.5,132.3,2803700,VIC
2026-02-10 07:00:00,132.5,141.5,132.3,141.5,6103600,VIC
2026-02-11 07:00:00,148.0,151.3,147.0,150.8,5289000,VIC
2026-02-12 07:00:00,154.8,160.8,152.0,159.0,4346600,VIC
2026-02-13 07:00:00,161.9,164.1,152.0,160.0,5436200,VIC
2026-02-23 07:00:00,160.0,166.8,159.2,162.3,3711300,VIC
2026-02-24 07:00:00,162.3,163.6,159.0,162.9,1947400,VIC
2026-02-25 07:00:00,160.0,162.0,155.0,158.0,5289800,VIC
2026-02-26 07:00:00,157.0,169.0,157.0,168.9,6775200,VIC
2026-02-27 07:00:00,169.1,178.5,168.0,172.0,3624400,VIC
2016-01-04 07:00:00,10.5,10.5,10.1,10.1,4475970,HAG
2016-01-05 07:00:00,10.1,10.2,9.6,9.6,7548600,HAG
2016-01-06 07:00:00,9.7,10.2,9.6,10.0,6607690,HAG
2016-01-07 07:00:00,9.9,10.2,9.7,10.1,8618740,HAG
2016-01-08 07:00:00,10.0,10.2,9.9,10.2,9807490,HAG
2016-01-11 07:00:00,10.3,10.9,10.1,10.9,13232580,HAG
2016-01-12 07:00:00,10.9,11.4,10.9,11.3,8942460,HAG
2016-01-13 07:00:00,11.2,11.3,10.8,10.9,6320400,HAG
2016-01-14 07:00:00,10.7,10.8,10.2,10.3,6971860,HAG
2016-01-15 07:00:00,10.3,10.5,9.8,9.9,4740740,HAG
2016-01-18 07:00:00,9.6,9.7,9.3,9.3,8483270,HAG
2016-01-19 07:00:00,9.5,9.6,9.3,9.6,6368400,HAG
2016-01-20 07:00:00,9.5,9.5,9.0,9.0,8520470,HAG
2016-01-21 07:00:00,8.9,8.9,8.4,8.4,12664870,HAG
2016-01-22 07:00:00,8.1,8.4,7.9,7.9,19081830,HAG
2016-01-25 07:00:00,8.2,8.4,7.9,8.4,11890990,HAG
2016-01-26 07:00:00,8.5,8.9,8.2,8.9,14351750,HAG
2016-01-27 07:00:00,8.8,9.2,8.7,8.8,8082850,HAG
2016-01-28 07:00:00,8.8,8.8,8.2,8.3,8158020,HAG
2016-01-29 07:00:00,8.3,8.5,8.1,8.2,6620920,HAG
2016-02-01 07:00:00,8.3,8.4,8.1,8.2,3266160,HAG
2016-02-02 07:00:00,8.0,8.2,7.8,8.0,5695340,HAG
2016-02-03 07:00:00,7.9,7.9,7.6,7.6,7442940,HAG
2016-02-04 07:00:00,7.8,7.9,7.6,7.7,4552440,HAG
2016-02-05 07:00:00,7.7,7.9,7.7,7.8,1706700,HAG
2016-02-15 07:00:00,7.8,7.9,7.6,7.8,2413660,HAG
2016-02-16 07:00:00,7.9,7.9,7.7,7.8,2549370,HAG
2016-02-17 07:00:00,7.9,8.0,7.8,7.8,4097370,HAG
2016-02-18 07:00:00,7.9,7.9,7.7,7.8,4395210,HAG
2016-02-19 07:00:00,7.8,8.3,7.8,8.3,15455040,HAG
2016-02-22 07:00:00,8.7,8.8,8.6,8.8,6566780,HAG
2016-02-23 07:00:00,9.3,9.4,8.8,8.9,15666050,HAG
2016-02-24 07:00:00,8.8,9.3,8.5,9.0,13377530,HAG
2016-02-25 07:00:00,9.0,9.2,8.7,8.7,5531860,HAG
2016-02-26 07:00:00,8.8,8.8,8.5,8.6,2906550,HAG
2016-02-29 07:00:00,8.5,8.5,8.1,8.1,8792110,HAG
2016-03-01 07:00:00,8.3,8.5,8.0,8.3,4104240,HAG
2016-03-02 07:00:00,8.4,8.5,8.2,8.3,1879740,HAG
2016-03-03 07:00:00,8.3,8.3,7.8,7.9,12156310,HAG
2016-03-04 07:00:00,8.0,8.4,7.9,8.2,4479430,HAG
2016-03-07 07:00:00,8.4,8.6,8.2,8.4,4732920,HAG
2016-03-08 07:00:00,8.3,8.4,8.0,8.2,4381920,HAG
2016-03-09 07:00:00,8.2,8.3,8.1,8.1,1892630,HAG
2016-03-10 07:00:00,8.3,8.5,8.2,8.5,6012170,HAG
2016-03-11 07:00:00,8.4,8.8,8.3,8.4,6149470,HAG
2016-03-14 07:00:00,8.4,8.6,8.3,8.4,3899740,HAG
2016-03-15 07:00:00,8.2,8.5,8.0,8.3,9182720,HAG
2016-03-16 07:00:00,8.3,8.7,8.2,8.5,5758380,HAG
2016-03-17 07:00:00,8.5,8.6,8.4,8.4,4412790,HAG
2016-03-18 07:00:00,8.4,8.5,8.3,8.4,3807940,HAG
2016-03-21 07:00:00,8.6,8.9,8.5,8.5,12277370,HAG
2016-03-22 07:00:00,8.5,8.6,8.4,8.5,3347480,HAG
2016-03-23 07:00:00,8.5,8.7,8.3,8.5,4213490,HAG
2016-03-24 07:00:00,8.4,8.5,8.3,8.3,3144470,HAG
2016-03-25 07:00:00,8.3,8.4,8.0,8.2,4520080,HAG
2016-03-28 07:00:00,8.2,8.3,8.1,8.2,3164490,HAG
2016-03-29 07:00:00,8.3,8.3,8.0,8.0,3202980,HAG
2016-03-30 07:00:00,8.0,8.2,8.0,8.1,2813820,HAG
2016-03-31 07:00:00,8.0,8.1,7.7,7.8,5684020,HAG
2016-04-01 07:00:00,7.8,7.9,7.6,7.7,3882560,HAG
2016-04-04 07:00:00,7.7,7.8,7.5,7.7,3164770,HAG
2016-04-05 07:00:00,7.6,7.8,7.5,7.8,2014150,HAG
2016-04-06 07:00:00,7.8,7.9,7.7,7.8,1757830,HAG
2016-04-07 07:00:00,7.8,7.9,7.6,7.7,1790190,HAG
2016-04-08 07:00:00,7.7,7.7,7.6,7.6,1747210,HAG
2016-04-11 07:00:00,7.6,7.7,7.4,7.4,3814640,HAG
2016-04-12 07:00:00,7.1,7.2,6.9,6.9,8947470,HAG
2016-04-13 07:00:00,6.6,6.9,6.5,6.7,8710280,HAG
2016-04-14 07:00:00,6.7,7.1,6.7,7.1,5745370,HAG
2016-04-15 07:00:00,7.2,7.2,6.9,6.9,2891620,HAG
2016-04-19 07:00:00,6.8,6.9,6.6,6.7,3314080,HAG
2016-04-20 07:00:00,6.7,6.8,6.6,6.7,2968590,HAG
2016-04-21 07:00:00,6.7,6.9,6.7,6.8,1657010,HAG
2016-04-22 07:00:00,6.8,7.0,6.7,7.0,2824490,HAG
2016-04-25 07:00:00,7.3,7.4,7.2,7.4,10176920,HAG
2016-04-26 07:00:00,7.7,7.9,7.6,7.9,7772800,HAG
2016-04-27 07:00:00,8.0,8.1,7.7,8.0,8241370,HAG
2016-04-28 07:00:00,7.9,8.0,7.7,7.9,5101910,HAG
2016-04-29 07:00:00,7.9,8.1,7.8,8.0,4477600,HAG
2016-05-04 07:00:00,7.9,7.9,7.5,7.5,6873730,HAG
2016-05-05 07:00:00,7.3,7.5,7.3,7.4,2929810,HAG
2016-05-06 07:00:00,7.4,7.6,7.3,7.5,1687740,HAG
2016-05-09 07:00:00,7.5,7.5,7.3,7.4,1542030,HAG
2016-05-10 07:00:00,7.3,7.4,7.2,7.4,1427350,HAG
2016-05-11 07:00:00,7.4,7.5,7.3,7.5,1166570,HAG
2016-05-12 07:00:00,7.5,7.6,7.4,7.5,981740,HAG
2016-05-13 07:00:00,7.4,7.5,7.2,7.4,1703520,HAG
2016-05-16 07:00:00,7.4,7.4,7.2,7.4,1401250,HAG
2016-05-17 07:00:00,7.9,7.9,7.9,7.9,1119020,HAG
2016-05-18 07:00:00,8.4,8.4,8.4,8.4,1737480,HAG
2016-05-19 07:00:00,8.9,8.9,8.2,8.3,11285110,HAG
2016-05-20 07:00:00,8.3,8.4,7.9,8.0,3915840,HAG
2016-05-23 07:00:00,8.0,8.2,8.0,8.1,1997660,HAG
2016-05-24 07:00:00,8.0,8.1,7.9,8.0,2065130,HAG
2016-05-25 07:00:00,8.0,8.1,7.9,8.0,1589400,HAG
2016-05-26 07:00:00,7.9,8.0,7.6,7.7,3365550,HAG
2016-05-27 07:00:00,7.7,8.1,7.7,7.9,3012680,HAG
2016-05-30 07:00:00,7.9,8.0,7.9,8.0,1090690,HAG
2016-05-31 07:00:00,8.0,8.0,7.7,7.8,2040730,HAG
2016-06-01 07:00:00,7.7,7.9,7.6,7.9,3666060,HAG
2016-06-02 07:00:00,7.9,8.2,7.7,8.1,6020970,HAG
2016-06-03 07:00:00,8.0,8.1,7.9,8.1,3540730,HAG
2016-06-06 07:00:00,8.0,8.2,7.9,8.0,3517940,HAG
2016-06-07 07:00:00,8.0,8.0,7.9,8.0,2146950,HAG
2016-06-08 07:00:00,8.1,8.2,8.0,8.1,3552650,HAG
2016-06-09 07:00:00,8.1,8.2,8.0,8.1,1966340,HAG
2016-06-10 07:00:00,8.1,8.1,7.9,7.9,3205960,HAG
2016-06-13 07:00:00,7.8,7.9,7.7,7.7,3693870,HAG
2016-06-14 07:00:00,7.7,7.9,7.6,7.8,3054870,HAG
2016-06-15 07:00:00,7.8,7.9,7.7,7.9,2812790,HAG
2016-06-16 07:00:00,7.9,8.0,7.8,7.8,2145250,HAG
2016-06-17 07:00:00,7.8,7.9,7.6,7.6,4503340,HAG
2016-06-20 07:00:00,7.6,7.8,7.6,7.6,1657960,HAG
2016-06-21 07:00:00,7.7,7.8,7.5,7.6,2195700,HAG
2016-06-22 07:00:00,7.6,7.7,7.4,7.6,2736810,HAG
2016-06-23 07:00:00,7.6,7.8,7.5,7.7,2435040,HAG
2016-06-24 07:00:00,7.7,7.7,7.2,7.4,6187740,HAG
2016-06-27 07:00:00,7.3,7.3,7.0,7.1,3386570,HAG
2016-06-28 07:00:00,7.1,7.3,7.0,7.1,1738700,HAG
2016-06-29 07:00:00,7.2,7.4,7.1,7.3,1687080,HAG
2016-06-30 07:00:00,7.3,7.4,7.2,7.3,2227430,HAG
2016-07-01 07:00:00,7.3,7.4,7.3,7.4,1897320,HAG
2016-07-04 07:00:00,7.4,7.5,7.3,7.5,2584280,HAG
2016-07-05 07:00:00,7.5,7.5,7.3,7.3,2119640,HAG
2016-07-06 07:00:00,7.3,7.4,7.2,7.3,1733610,HAG
2016-07-07 07:00:00,7.2,7.3,7.1,7.2,2621310,HAG
2016-07-08 07:00:00,7.2,7.2,7.0,7.1,2233600,HAG
2016-07-11 07:00:00,7.1,7.1,6.8,6.8,5116800,HAG
2016-07-12 07:00:00,6.8,6.9,6.7,6.8,1907530,HAG
2016-07-13 07:00:00,6.8,7.0,6.8,6.9,2589700,HAG
2016-07-14 07:00:00,6.9,6.9,6.7,6.7,3078360,HAG
2016-07-15 07:00:00,6.8,6.8,6.6,6.7,2649000,HAG
2016-07-18 07:00:00,6.7,7.0,6.6,6.9,2334740,HAG
2016-07-19 07:00:00,7.0,7.0,6.7,6.8,1750430,HAG
2016-07-20 07:00:00,6.8,6.8,6.6,6.7,2312210,HAG
2016-07-21 07:00:00,6.7,6.8,6.6,6.6,1245080,HAG
2016-07-22 07:00:00,6.6,6.7,6.3,6.4,3767990,HAG
2016-07-25 07:00:00,6.5,6.8,6.4,6.8,3705900,HAG
2016-07-26 07:00:00,6.9,7.0,6.6,6.7,1703880,HAG
2016-07-27 07:00:00,6.7,6.7,6.6,6.6,1235210,HAG
2016-07-28 07:00:00,6.6,6.6,6.4,6.4,2360830,HAG
2016-07-29 07:00:00,6.4,6.5,6.3,6.4,2000470,HAG
2016-08-01 07:00:00,6.5,6.5,6.3,6.3,1401530,HAG
2016-08-02 07:00:00,6.3,6.4,6.0,6.1,4478310,HAG
2016-08-03 07:00:00,6.1,6.1,5.8,5.8,2830270,HAG
2016-08-04 07:00:00,5.8,6.0,5.4,5.4,6599000,HAG
2016-08-05 07:00:00,5.3,5.4,5.1,5.1,7440500,HAG
2016-08-08 07:00:00,5.0,5.4,5.0,5.3,3711690,HAG
2016-08-09 07:00:00,5.4,5.6,5.3,5.6,2969100,HAG
2016-08-10 07:00:00,5.7,5.9,5.7,5.9,5008030,HAG
2016-08-11 07:00:00,6.1,6.3,6.1,6.3,6947430,HAG
2016-08-12 07:00:00,6.5,6.6,6.2,6.5,5955890,HAG
2016-08-15 07:00:00,6.8,6.9,6.7,6.9,11493250,HAG
2016-08-16 07:00:00,7.1,7.1,6.6,6.8,5584310,HAG
2016-08-17 07:00:00,6.6,6.6,6.4,6.4,4204460,HAG
2016-08-18 07:00:00,6.0,6.2,6.0,6.0,6331690,HAG
2016-08-19 07:00:00,6.1,6.4,6.1,6.4,2669880,HAG
2016-08-22 07:00:00,6.0,6.6,6.0,6.3,12521060,HAG
2016-08-23 07:00:00,6.2,6.3,6.1,6.3,2852950,HAG
2016-08-24 07:00:00,6.2,6.4,6.1,6.2,2606330,HAG
2016-08-25 07:00:00,6.1,6.2,5.9,6.0,4585240,HAG
2016-08-26 07:00:00,6.1,6.4,6.1,6.4,6336450,HAG
2016-08-29 07:00:00,6.6,6.7,6.3,6.3,5454980,HAG
2016-08-30 07:00:00,6.2,6.4,6.1,6.3,2217250,HAG
2016-08-31 07:00:00,6.2,6.3,6.1,6.3,2186620,HAG
2016-09-01 07:00:00,6.2,6.2,5.9,6.0,3871050,HAG
2016-09-05 07:00:00,5.8,6.0,5.6,5.6,6125190,HAG
2016-09-06 07:00:00,5.6,5.8,5.5,5.8,1832070,HAG
2016-09-07 07:00:00,5.8,5.8,5.5,5.7,1608130,HAG
2016-09-08 07:00:00,5.6,5.8,5.5,5.7,2700010,HAG
2016-09-09 07:00:00,5.7,5.7,5.5,5.6,3204350,HAG
2016-09-12 07:00:00,5.6,5.6,5.4,5.4,1799810,HAG
2016-09-13 07:00:00,5.4,5.48,5.11,5.2,2168850,HAG
2016-09-14 07:00:00,5.1,5.39,5.09,5.2,2633750,HAG
2016-09-15 07:00:00,5.2,5.56,5.17,5.3,3278870,HAG
2016-09-16 07:00:00,5.3,5.45,4.93,4.93,7940000,HAG
2016-09-19 07:00:00,5.0,5.1,4.93,5.01,3243530,HAG
2016-09-20 07:00:00,5.1,5.1,5.01,5.07,2105870,HAG
2016-09-21 07:00:00,5.07,5.2,5.0,5.13,1954430,HAG
2016-09-22 07:00:00,5.13,5.15,5.1,5.14,1829160,HAG
2016-09-23 07:00:00,5.14,5.14,5.05,5.13,1740840,HAG
2016-09-26 07:00:00,5.08,5.15,5.08,5.15,1590570,HAG
2016-09-27 07:00:00,5.2,5.31,5.19,5.28,5669550,HAG
2016-09-28 07:00:00,5.32,5.48,5.31,5.31,4257110,HAG
2016-09-29 07:00:00,5.35,5.39,5.25,5.25,2237090,HAG
2016-09-30 07:00:00,5.19,5.25,5.15,5.25,2426770,HAG
2016-10-03 07:00:00,5.25,5.25,5.17,5.21,2095220,HAG
2016-10-04 07:00:00,5.21,5.25,5.15,5.15,1005330,HAG
2016-10-05 07:00:00,5.2,5.2,5.11,5.11,1458170,HAG
2016-10-06 07:00:00,5.11,5.26,5.11,5.14,2016520,HAG
2016-10-07 07:00:00,5.14,5.16,5.12,5.13,1278320,HAG
2016-10-10 07:00:00,5.13,5.13,5.09,5.13,1645480,HAG
2016-10-11 07:00:00,5.12,5.13,5.02,5.1,2184100,HAG
2016-10-12 07:00:00,5.1,5.39,5.07,5.16,2721620,HAG
2016-10-13 07:00:00,5.28,5.29,5.16,5.27,2433650,HAG
2016-10-14 07:00:00,5.27,5.63,5.27,5.63,5596060,HAG
2016-10-17 07:00:00,5.94,5.95,5.63,5.63,5485420,HAG
2016-10-18 07:00:00,5.6,5.63,5.39,5.39,3410150,HAG
2016-10-19 07:00:00,5.39,5.49,5.3,5.35,3110280,HAG
2016-10-20 07:00:00,5.35,5.4,5.3,5.35,2622970,HAG
2016-10-21 07:00:00,5.32,5.36,5.3,5.3,1810550,HAG
2016-10-24 07:00:00,5.21,5.4,5.21,5.27,2352700,HAG
2016-10-25 07:00:00,5.25,5.3,5.21,5.3,1680600,HAG
2016-10-26 07:00:00,5.25,5.32,5.23,5.25,1397520,HAG
2016-10-27 07:00:00,5.25,5.27,5.22,5.24,1054680,HAG
2016-10-28 07:00:00,5.24,5.54,5.24,5.37,2394100,HAG
2016-10-31 07:00:00,5.3,5.35,5.2,5.2,1639610,HAG
2016-11-01 07:00:00,5.1,5.19,5.1,5.1,1988560,HAG
2016-11-02 07:00:00,5.2,5.26,5.17,5.17,3010330,HAG
2016-11-03 07:00:00,5.17,5.18,5.1,5.12,1415600,HAG
2016-11-04 07:00:00,5.12,5.16,5.1,5.12,1041810,HAG
2016-11-07 07:00:00,5.1,5.19,5.1,5.13,1075960,HAG
2016-11-08 07:00:00,5.24,5.24,5.16,5.16,852980,HAG
2016-11-09 07:00:00,5.15,5.17,4.95,5.13,2594230,HAG
2016-11-10 07:00:00,5.13,5.45,5.13,5.34,3172890,HAG
2016-11-11 07:00:00,5.34,5.59,5.34,5.5,5126090,HAG
2016-11-14 07:00:00,5.51,5.52,5.36,5.36,2735820,HAG
2016-11-15 07:00:00,5.36,5.45,5.35,5.36,2675960,HAG
2016-11-16 07:00:00,5.48,5.73,5.47,5.73,3593650,HAG
2016-11-17 07:00:00,5.9,6.07,5.8,5.8,9145390,HAG
2016-11-18 07:00:00,5.72,5.8,5.68,5.7,4744200,HAG
2016-11-21 07:00:00,5.85,6.05,5.8,6.04,6575730,HAG
2016-11-22 07:00:00,6.23,6.3,6.17,6.23,6226540,HAG
2016-11-23 07:00:00,6.2,6.24,6.11,6.2,4297110,HAG
2016-11-24 07:00:00,6.4,6.58,6.36,6.45,8228010,HAG
2016-11-25 07:00:00,6.46,6.48,6.26,6.33,4261980,HAG
2016-11-28 07:00:00,6.25,6.3,6.18,6.22,4249280,HAG
2016-11-29 07:00:00,6.22,6.3,6.21,6.21,3667750,HAG
2016-11-30 07:00:00,6.2,6.21,5.9,5.91,4697150,HAG
2016-12-01 07:00:00,6.12,6.12,5.9,5.9,1940000,HAG
2016-12-02 07:00:00,5.83,5.89,5.5,5.65,4123630,HAG
2016-12-05 07:00:00,5.74,5.77,5.62,5.65,1854570,HAG
2016-12-06 07:00:00,5.65,5.65,5.44,5.52,2434300,HAG
2016-12-07 07:00:00,5.4,5.53,5.4,5.52,1822070,HAG
2016-12-08 07:00:00,5.6,5.72,5.53,5.56,1479360,HAG
2016-12-09 07:00:00,5.6,5.63,5.51,5.53,1142420,HAG
2016-12-12 07:00:00,5.63,5.74,5.55,5.58,3270300,HAG
2016-12-13 07:00:00,5.59,5.59,5.39,5.4,3006180,HAG
2016-12-14 07:00:00,5.55,5.75,5.4,5.75,4855980,HAG
2016-12-15 07:00:00,5.8,5.86,5.69,5.73,3941630,HAG
2016-12-16 07:00:00,5.73,5.82,5.7,5.78,4125710,HAG
2016-12-19 07:00:00,5.9,5.94,5.86,5.9,4278360,HAG
2016-12-20 07:00:00,5.8,5.85,5.64,5.64,2186990,HAG
2016-12-21 07:00:00,5.64,5.7,5.6,5.61,2012370,HAG
2016-12-22 07:00:00,5.67,5.67,5.35,5.53,2684490,HAG
2016-12-23 07:00:00,5.5,5.53,5.47,5.51,1765740,HAG
2016-12-26 07:00:00,5.55,5.58,5.44,5.46,1360730,HAG
2016-12-27 07:00:00,5.41,5.45,5.35,5.35,1963380,HAG
2016-12-28 07:00:00,5.45,5.52,5.34,5.36,3250800,HAG
2016-12-29 07:00:00,5.46,5.46,5.32,5.36,1823120,HAG
2016-12-30 07:00:00,5.4,5.55,5.35,5.35,3657860,HAG
2017-01-03 07:00:00,5.38,5.42,5.34,5.35,1851690,HAG
2017-01-04 07:00:00,5.44,5.68,5.42,5.5,5368690,HAG
2017-01-05 07:00:00,5.57,5.57,5.39,5.4,3569320,HAG
2017-01-06 07:00:00,5.39,5.47,5.36,5.36,3207810,HAG
2017-01-09 07:00:00,5.36,5.38,5.23,5.23,5857400,HAG
2017-01-10 07:00:00,5.23,5.3,5.18,5.22,3990980,HAG
2017-01-11 07:00:00,5.26,5.35,5.17,5.18,5057230,HAG
2017-01-12 07:00:00,5.18,5.24,4.9,5.21,14422530,HAG
2017-01-13 07:00:00,5.1,5.19,5.08,5.08,2589830,HAG
2017-01-16 07:00:00,5.1,5.17,5.08,5.08,1658020,HAG
2017-01-17 07:00:00,5.08,5.09,5.05,5.06,1845760,HAG
2017-01-18 07:00:00,5.05,5.06,4.96,4.96,2851300,HAG
2017-01-19 07:00:00,4.96,5.01,4.95,4.97,1890620,HAG
2017-01-20 07:00:00,4.96,5.12,4.96,5.09,2373950,HAG
2017-01-23 07:00:00,5.19,5.43,5.14,5.42,5106100,HAG
2017-01-24 07:00:00,5.5,5.79,5.45,5.79,9260420,HAG
2017-01-25 07:00:00,5.9,5.9,5.57,5.6,6528410,HAG
2017-02-02 07:00:00,5.77,5.99,5.72,5.99,10502750,HAG
2017-02-03 07:00:00,6.0,6.1,5.8,5.84,4919680,HAG
2017-02-06 07:00:00,5.82,5.92,5.75,5.92,3966390,HAG
2017-02-07 07:00:00,5.91,6.19,5.91,6.09,5749110,HAG
2017-02-08 07:00:00,6.09,6.25,6.09,6.16,6480270,HAG
2017-02-09 07:00:00,6.16,6.24,5.95,5.95,8571860,HAG
2017-02-10 07:00:00,5.91,6.14,5.78,6.06,6678270,HAG
2017-02-13 07:00:00,6.1,6.37,6.06,6.24,9857340,HAG
2017-02-14 07:00:00,6.52,6.67,6.5,6.52,10838480,HAG
2017-02-15 07:00:00,6.52,6.94,6.51,6.8,10279310,HAG
2017-02-16 07:00:00,6.89,7.27,6.8,7.05,20799850,HAG
2017-02-17 07:00:00,7.0,7.24,6.95,7.24,10523050,HAG
2017-02-20 07:00:00,7.23,7.74,7.18,7.74,14359630,HAG
2017-02-21 07:00:00,7.98,8.28,7.9,8.2,11601030,HAG
2017-02-22 07:00:00,8.19,8.26,8.0,8.12,11554640,HAG
2017-02-23 07:00:00,8.12,8.49,8.08,8.14,10581640,HAG
2017-02-24 07:00:00,8.14,8.24,7.58,7.58,14276120,HAG
2017-02-27 07:00:00,7.52,8.11,7.35,8.11,13478380,HAG
2017-02-28 07:00:00,8.3,8.45,8.13,8.18,6526970,HAG
2017-03-01 07:00:00,8.0,8.25,7.93,8.15,8019810,HAG
2017-03-02 07:00:00,8.15,8.21,7.91,7.91,6005780,HAG
2017-03-03 07:00:00,7.9,8.05,7.67,8.05,4609120,HAG
2017-03-06 07:00:00,8.1,8.2,8.07,8.07,6012090,HAG
2017-03-07 07:00:00,8.07,8.08,7.99,8.01,3862500,HAG
2017-03-08 07:00:00,8.0,8.13,7.88,8.04,6173590,HAG
2017-03-09 07:00:00,8.04,8.49,8.01,8.3,11300070,HAG
2017-03-10 07:00:00,8.3,8.49,8.27,8.34,5736950,HAG
2017-03-13 07:00:00,8.34,8.34,8.17,8.21,4223710,HAG
2017-03-14 07:00:00,8.18,8.3,8.15,8.23,3218070,HAG
2017-03-15 07:00:00,8.21,8.32,8.2,8.29,5546140,HAG
2017-03-16 07:00:00,8.31,8.87,8.3,8.87,23174050,HAG
2017-03-17 07:00:00,9.15,9.29,9.0,9.1,12658110,HAG
2017-03-20 07:00:00,9.2,9.33,9.11,9.11,5867750,HAG
2017-03-21 07:00:00,9.03,9.35,9.01,9.32,7903750,HAG
2017-03-22 07:00:00,9.45,9.97,9.4,9.68,14881690,HAG
2017-03-23 07:00:00,9.7,10.25,9.68,10.1,10651430,HAG
2017-03-24 07:00:00,10.1,10.35,9.7,9.9,12781710,HAG
2017-03-27 07:00:00,9.7,10.1,9.5,9.9,13170060,HAG
2017-03-28 07:00:00,9.9,9.9,9.58,9.65,15339550,HAG
2017-03-29 07:00:00,9.6,9.65,8.98,9.2,15565760,HAG
2017-03-30 07:00:00,9.1,9.4,8.88,9.06,8209570,HAG
2017-03-31 07:00:00,9.01,9.19,9.01,9.15,4302230,HAG
2017-04-03 07:00:00,9.17,9.18,9.02,9.05,3395000,HAG
2017-04-04 07:00:00,9.05,9.65,9.05,9.6,5938100,HAG
2017-04-05 07:00:00,9.6,9.68,9.35,9.35,5088770,HAG
2017-04-07 07:00:00,9.4,9.4,9.2,9.25,2341840,HAG
2017-04-10 07:00:00,9.23,9.39,9.19,9.19,2994200,HAG
2017-04-11 07:00:00,9.3,9.42,9.14,9.14,6047770,HAG
2017-04-12 07:00:00,9.11,9.14,8.51,8.6,12339650,HAG
2017-04-13 07:00:00,8.61,8.79,8.5,8.6,5466800,HAG
2017-04-14 07:00:00,8.6,8.6,8.2,8.2,8017950,HAG
2017-04-17 07:00:00,8.2,8.44,8.12,8.12,5032820,HAG
2017-04-18 07:00:00,8.12,8.15,7.85,8.05,5662700,HAG
2017-04-19 07:00:00,8.02,8.28,8.0,8.07,4876320,HAG
2017-04-20 07:00:00,8.07,8.24,8.04,8.16,2516930,HAG
2017-04-21 07:00:00,8.16,8.35,8.1,8.29,3644360,HAG
2017-04-24 07:00:00,8.3,8.85,8.3,8.68,6795740,HAG
2017-04-25 07:00:00,8.75,8.77,8.51,8.53,3265580,HAG
2017-04-26 07:00:00,8.55,8.79,8.54,8.79,3841330,HAG
2017-04-27 07:00:00,8.81,8.9,8.7,8.71,2559530,HAG
2017-04-28 07:00:00,8.61,8.71,8.58,8.65,3879510,HAG
2017-05-03 07:00:00,8.61,9.0,8.48,9.0,4319060,HAG
2017-05-04 07:00:00,9.16,9.57,9.15,9.42,11578700,HAG
2017-05-05 07:00:00,9.5,9.54,9.1,9.1,9480990,HAG
2017-05-08 07:00:00,9.05,9.06,8.47,8.5,16512990,HAG
2017-05-09 07:00:00,8.4,8.95,8.2,8.9,7103240,HAG
2017-05-10 07:00:00,8.8,9.01,8.69,8.69,4975240,HAG
2017-05-11 07:00:00,8.6,8.64,8.5,8.52,3125050,HAG
2017-05-12 07:00:00,8.59,8.76,8.58,8.66,3034880,HAG
2017-05-15 07:00:00,8.75,8.89,8.69,8.81,4375690,HAG
2017-05-16 07:00:00,8.89,9.18,8.89,8.94,7620970,HAG
2017-05-17 07:00:00,8.95,9.07,8.8,8.96,2956620,HAG
2017-05-18 07:00:00,9.0,9.0,8.78,8.8,3721730,HAG
2017-05-19 07:00:00,8.87,9.0,8.78,9.0,3575100,HAG
2017-05-22 07:00:00,9.4,9.4,9.05,9.05,6534910,HAG
2017-05-23 07:00:00,9.0,9.1,8.8,8.9,3644730,HAG
2017-05-24 07:00:00,8.9,9.01,8.78,8.83,3341060,HAG
2017-05-25 07:00:00,8.88,8.95,8.75,8.8,3751880,HAG
2017-05-26 07:00:00,8.8,9.0,8.77,9.0,4262550,HAG
2017-05-29 07:00:00,9.03,9.29,9.03,9.08,5461420,HAG
2017-05-30 07:00:00,9.08,9.1,8.81,8.82,3981530,HAG
2017-05-31 07:00:00,8.82,8.9,8.7,8.7,2931430,HAG
2017-06-01 07:00:00,8.72,8.8,8.7,8.8,2807450,HAG
2017-06-02 07:00:00,8.8,8.95,8.75,8.92,1639610,HAG
2017-06-05 07:00:00,8.6,8.7,8.3,8.3,11312810,HAG
2017-06-06 07:00:00,8.31,8.58,8.23,8.58,3402260,HAG
2017-06-07 07:00:00,8.69,8.69,8.57,8.57,2518700,HAG
2017-06-08 07:00:00,8.5,8.55,8.2,8.22,3755850,HAG
2017-06-09 07:00:00,8.22,8.4,8.06,8.22,3959970,HAG
2017-06-12 07:00:00,8.25,8.4,8.2,8.36,1156860,HAG
2017-06-13 07:00:00,8.4,8.59,8.4,8.55,3229370,HAG
2017-06-14 07:00:00,8.75,9.14,8.71,9.14,11198780,HAG
2017-06-15 07:00:00,9.29,9.45,8.95,9.05,9161520,HAG
2017-06-16 07:00:00,9.1,9.25,9.01,9.17,14796160,HAG
2017-06-19 07:00:00,9.4,9.4,9.02,9.05,4811100,HAG
2017-06-20 07:00:00,9.05,9.07,8.99,9.06,2843240,HAG
2017-06-21 07:00:00,9.2,9.2,9.05,9.15,6513370,HAG
2017-06-22 07:00:00,9.25,9.68,9.18,9.56,7812240,HAG
2017-06-23 07:00:00,9.6,9.87,9.6,9.78,6292590,HAG
2017-06-26 07:00:00,9.8,9.85,9.65,9.7,5186510,HAG
2017-06-27 07:00:00,9.66,9.69,9.35,9.35,6767330,HAG
2017-06-28 07:00:00,9.3,9.49,9.25,9.49,2389630,HAG
2017-06-29 07:00:00,9.59,9.64,9.51,9.6,3480580,HAG
2017-06-30 07:00:00,9.6,9.76,9.4,9.48,5808310,HAG
2017-07-03 07:00:00,9.39,9.5,9.02,9.1,7034190,HAG
2017-07-04 07:00:00,9.1,9.22,9.02,9.22,3841200,HAG
2017-07-05 07:00:00,9.2,9.22,9.08,9.18,2522850,HAG
2017-07-06 07:00:00,9.18,9.18,9.09,9.1,2703780,HAG
2017-07-07 07:00:00,9.06,9.1,9.0,9.0,3426560,HAG
2017-07-10 07:00:00,8.99,8.99,8.72,8.8,3777640,HAG
2017-07-11 07:00:00,8.79,9.2,8.72,9.2,5874550,HAG
2017-07-12 07:00:00,9.3,9.43,9.21,9.25,6394260,HAG
2017-07-13 07:00:00,9.25,9.7,9.2,9.56,9281360,HAG
2017-07-14 07:00:00,9.65,9.7,9.36,9.4,5130090,HAG
2017-07-17 07:00:00,9.4,9.4,9.17,9.22,3062740,HAG
2017-07-18 07:00:00,9.01,9.18,8.9,9.07,3083050,HAG
2017-07-19 07:00:00,9.1,9.18,9.07,9.08,2200310,HAG
2017-07-20 07:00:00,9.08,9.18,9.05,9.1,2618460,HAG
2017-07-21 07:00:00,9.15,9.17,9.01,9.01,2636140,HAG
2017-07-24 07:00:00,9.01,9.03,8.85,8.99,2461200,HAG
2017-07-25 07:00:00,8.9,9.0,8.87,8.98,2070390,HAG
2017-07-26 07:00:00,8.98,9.12,8.98,9.1,2376450,HAG
2017-07-27 07:00:00,9.1,9.19,9.04,9.07,2081140,HAG
2017-07-28 07:00:00,9.07,9.39,9.07,9.2,2309910,HAG
2017-07-31 07:00:00,9.3,9.52,9.2,9.41,7126850,HAG
2017-08-01 07:00:00,9.65,9.8,9.42,9.45,7783470,HAG
2017-08-02 07:00:00,9.45,9.5,9.22,9.25,4001290,HAG
2017-08-03 07:00:00,9.2,9.34,9.15,9.22,3999360,HAG
2017-08-04 07:00:00,9.23,9.25,9.1,9.13,3037260,HAG
2017-08-07 07:00:00,9.27,9.27,9.11,9.15,2302720,HAG
2017-08-08 07:00:00,9.15,9.18,9.08,9.08,3441420,HAG
2017-08-09 07:00:00,9.1,9.1,8.9,8.99,5320020,HAG
2017-08-10 07:00:00,8.98,9.09,8.9,8.95,3000580,HAG
2017-08-11 07:00:00,8.95,8.95,8.78,8.8,3660700,HAG
2017-08-14 07:00:00,8.8,8.9,8.74,8.9,2534270,HAG
2017-08-15 07:00:00,8.94,8.94,8.81,8.9,1577250,HAG
2017-08-16 07:00:00,8.9,8.9,8.83,8.89,2408320,HAG
2017-08-17 07:00:00,8.83,8.9,8.4,8.4,5593250,HAG
2017-08-18 07:00:00,8.2,8.4,8.06,8.4,2897140,HAG
2017-08-21 07:00:00,8.7,8.78,8.6,8.6,2456970,HAG
2017-08-22 07:00:00,8.52,8.6,8.47,8.52,1412460,HAG
2017-08-23 07:00:00,8.45,8.51,8.35,8.35,1521330,HAG
2017-08-24 07:00:00,8.4,8.55,8.32,8.45,2285770,HAG
2017-08-25 07:00:00,8.5,8.55,8.4,8.48,1538150,HAG
2017-08-28 07:00:00,8.48,8.48,8.4,8.4,2618900,HAG
2017-08-29 07:00:00,8.4,8.67,8.4,8.59,3274570,HAG
2017-08-30 07:00:00,8.6,8.6,8.48,8.59,1663690,HAG
2017-08-31 07:00:00,8.5,8.58,8.49,8.49,1110980,HAG
2017-09-01 07:00:00,8.49,8.5,8.4,8.42,1264320,HAG
2017-09-05 07:00:00,8.48,8.48,8.38,8.39,1166930,HAG
2017-09-06 07:00:00,8.47,8.47,8.3,8.31,2132400,HAG
2017-09-07 07:00:00,8.31,8.42,8.3,8.42,1591900,HAG
2017-09-08 07:00:00,8.42,8.5,8.37,8.41,2193610,HAG
2017-09-11 07:00:00,8.41,8.41,8.29,8.32,1383140,HAG
2017-09-12 07:00:00,8.3,8.31,8.19,8.26,2433450,HAG
2017-09-13 07:00:00,8.26,8.43,8.16,8.31,3729560,HAG
2017-09-14 07:00:00,8.4,8.46,8.32,8.35,2135520,HAG
2017-09-15 07:00:00,8.35,8.37,8.29,8.37,1661290,HAG
2017-09-18 07:00:00,8.34,8.4,8.3,8.33,1577030,HAG
2017-09-19 07:00:00,8.31,8.34,8.28,8.28,1504680,HAG
2017-09-20 07:00:00,8.3,8.55,8.29,8.35,3224870,HAG
2017-09-21 07:00:00,8.4,8.47,8.36,8.4,1181000,HAG
2017-09-22 07:00:00,8.41,8.5,8.37,8.4,3176190,HAG
2017-09-25 07:00:00,8.47,8.47,8.36,8.36,1111850,HAG
2017-09-26 07:00:00,8.42,8.85,8.42,8.8,5913580,HAG
2017-09-27 07:00:00,8.8,8.96,8.69,8.69,3470100,HAG
2017-09-28 07:00:00,8.7,8.79,8.5,8.53,2768340,HAG
2017-09-29 07:00:00,8.49,8.53,8.4,8.4,2426080,HAG
2017-10-02 07:00:00,8.4,8.43,8.33,8.35,1812200,HAG
2017-10-03 07:00:00,8.35,8.4,8.2,8.25,1851770,HAG
2017-10-04 07:00:00,8.25,8.38,8.25,8.38,807790,HAG
2017-10-05 07:00:00,8.38,8.44,8.29,8.3,1182910,HAG
2017-10-06 07:00:00,8.33,8.36,8.28,8.29,1045360,HAG
2017-10-09 07:00:00,8.29,8.38,8.28,8.34,1468590,HAG
2017-10-10 07:00:00,8.34,8.35,8.26,8.31,1098650,HAG
2017-10-11 07:00:00,8.31,8.38,8.3,8.32,1166990,HAG
2017-10-12 07:00:00,8.31,8.32,8.27,8.27,1167660,HAG
2017-10-13 07:00:00,8.27,8.31,8.26,8.28,1000950,HAG
2017-10-16 07:00:00,8.28,8.37,8.28,8.33,1956940,HAG
2017-10-17 07:00:00,8.33,8.35,8.26,8.29,1298850,HAG
2017-10-18 07:00:00,8.29,8.29,8.18,8.18,2039270,HAG
2017-10-19 07:00:00,8.18,8.25,8.16,8.18,1807540,HAG
2017-10-20 07:00:00,8.18,8.19,8.08,8.1,1715080,HAG
2017-10-23 07:00:00,8.08,8.09,7.74,7.74,3857150,HAG
2017-10-24 07:00:00,7.7,7.8,7.67,7.77,2137480,HAG
2017-10-25 07:00:00,7.8,8.1,7.8,7.91,2136850,HAG
2017-10-26 07:00:00,7.91,7.99,7.66,7.7,2437910,HAG
2017-10-27 07:00:00,7.7,7.7,7.41,7.55,3401070,HAG
2017-10-30 07:00:00,7.54,7.75,7.52,7.75,4835410,HAG
2017-10-31 07:00:00,7.66,8.11,7.66,8.02,8138180,HAG
2017-11-01 07:00:00,8.02,8.18,7.99,8.08,8659810,HAG
2017-11-02 07:00:00,8.01,8.05,7.52,7.52,2666650,HAG
2017-11-03 07:00:00,7.47,7.47,7.0,7.04,8980440,HAG
2017-11-06 07:00:00,7.04,7.38,7.03,7.29,4390780,HAG
2017-11-07 07:00:00,7.3,7.43,7.2,7.3,2290490,HAG
2017-11-08 07:00:00,7.25,7.32,7.18,7.32,2975850,HAG
2017-11-09 07:00:00,7.27,7.32,7.26,7.3,2430150,HAG
2017-11-10 07:00:00,7.29,7.45,7.27,7.44,3075140,HAG
2017-11-13 07:00:00,7.45,7.46,7.35,7.38,3760360,HAG
2017-11-14 07:00:00,7.37,7.38,7.2,7.22,2071660,HAG
2017-11-15 07:00:00,7.21,7.27,7.19,7.22,2609190,HAG
2017-11-16 07:00:00,7.25,7.72,7.21,7.72,3761460,HAG
2017-11-17 07:00:00,7.88,7.91,7.6,7.81,3738970,HAG
2017-11-20 07:00:00,7.7,7.8,7.6,7.67,1639260,HAG
2017-11-21 07:00:00,7.55,7.65,7.45,7.51,2466350,HAG
2017-11-22 07:00:00,7.48,7.6,7.39,7.52,2974710,HAG
2017-11-23 07:00:00,7.52,7.58,7.45,7.51,2906820,HAG
2017-11-24 07:00:00,7.53,7.69,7.5,7.69,4185400,HAG
2017-11-27 07:00:00,7.7,7.75,7.62,7.75,4422230,HAG
2017-11-28 07:00:00,7.76,7.86,7.74,7.82,6478190,HAG
2017-11-29 07:00:00,7.83,7.86,7.7,7.7,5637050,HAG
2017-11-30 07:00:00,7.7,7.75,7.67,7.73,3065590,HAG
2017-12-01 07:00:00,7.73,7.74,7.62,7.62,3070090,HAG
2017-12-04 07:00:00,7.64,7.69,7.48,7.51,3448690,HAG
2017-12-05 07:00:00,7.51,7.71,7.49,7.54,3914180,HAG
2017-12-06 07:00:00,7.54,7.71,7.52,7.7,3087050,HAG
2017-12-07 07:00:00,7.8,7.96,7.79,7.83,3624120,HAG
2017-12-08 07:00:00,7.83,7.83,7.7,7.73,1702740,HAG
2017-12-11 07:00:00,7.66,7.69,7.52,7.52,1728470,HAG
2017-12-12 07:00:00,7.52,7.62,7.2,7.31,3821560,HAG
2017-12-13 07:00:00,7.4,7.42,7.3,7.32,3014180,HAG
2017-12-14 07:00:00,7.33,7.41,7.31,7.38,1451220,HAG
2017-12-15 07:00:00,7.38,7.41,7.36,7.36,2074320,HAG
2017-12-18 07:00:00,7.8,7.8,7.65,7.72,5846790,HAG
2017-12-19 07:00:00,7.73,7.74,7.5,7.5,3739470,HAG
2017-12-20 07:00:00,7.5,7.61,7.5,7.51,2288590,HAG
2017-12-21 07:00:00,7.51,7.51,7.3,7.35,4754350,HAG
2017-12-22 07:00:00,7.33,7.46,7.31,7.41,1937940,HAG
2017-12-25 07:00:00,7.37,7.4,7.3,7.3,2227860,HAG
2017-12-26 07:00:00,7.3,7.41,7.3,7.4,4743140,HAG
2017-12-27 07:00:00,7.43,7.48,7.38,7.4,5461050,HAG
2017-12-28 07:00:00,7.35,7.45,7.35,7.45,3403920,HAG
2017-12-29 07:00:00,7.45,7.46,7.33,7.35,2334550,HAG
2018-01-02 07:00:00,7.35,7.38,7.23,7.25,3772880,HAG
2018-01-03 07:00:00,7.25,7.37,7.25,7.31,2259350,HAG
2018-01-04 07:00:00,7.37,7.58,7.33,7.46,3159020,HAG
2018-01-05 07:00:00,7.5,7.86,7.47,7.7,9814550,HAG
2018-01-08 07:00:00,7.72,7.83,7.61,7.67,6126900,HAG
2018-01-09 07:00:00,7.7,7.7,7.5,7.55,4198620,HAG
2018-01-10 07:00:00,7.46,7.63,7.36,7.63,5644240,HAG
2018-01-11 07:00:00,7.57,7.63,7.5,7.5,5436920,HAG
2018-01-12 07:00:00,7.5,7.65,7.5,7.5,4230050,HAG
2018-01-15 07:00:00,7.5,7.68,7.5,7.63,6033580,HAG
2018-01-16 07:00:00,8.16,8.16,7.6,8.16,23850270,HAG
2018-01-17 07:00:00,8.16,8.55,8.13,8.16,15121430,HAG
2018-01-18 07:00:00,8.0,8.38,8.0,8.3,9961100,HAG
2018-01-19 07:00:00,8.35,8.37,8.15,8.15,11002160,HAG
2018-01-22 07:00:00,8.19,8.28,7.8,7.94,10320100,HAG
2018-01-25 07:00:00,8.02,8.49,7.76,8.49,21580290,HAG
2018-01-26 07:00:00,8.6,8.73,8.39,8.4,12938950,HAG
2018-01-29 07:00:00,8.5,8.57,8.3,8.3,10795290,HAG
2018-01-30 07:00:00,8.25,8.3,8.0,8.09,13747520,HAG
2018-01-31 07:00:00,8.05,8.6,8.03,8.2,15495650,HAG
2018-02-01 07:00:00,8.2,8.3,8.05,8.05,7922570,HAG
2018-02-02 07:00:00,8.06,8.14,8.0,8.05,4200910,HAG
2018-02-05 07:00:00,8.01,8.01,7.49,7.49,15654040,HAG
2018-02-06 07:00:00,6.97,7.19,6.97,6.97,15787610,HAG
2018-02-07 07:00:00,7.3,7.33,7.02,7.11,5008000,HAG
2018-02-08 07:00:00,6.8,6.95,6.62,6.62,21212700,HAG
2018-02-09 07:00:00,6.16,6.6,6.16,6.5,12440370,HAG
2018-02-12 07:00:00,6.4,6.6,6.05,6.15,18148290,HAG
2018-02-13 07:00:00,6.3,6.5,6.14,6.5,9810120,HAG
2018-02-21 07:00:00,6.55,6.7,6.45,6.52,6366520,HAG
2018-02-22 07:00:00,6.49,6.49,6.21,6.3,5637230,HAG
2018-02-23 07:00:00,6.35,6.4,6.28,6.35,4558720,HAG
2018-02-26 07:00:00,6.35,6.4,6.18,6.2,7995330,HAG
2018-02-27 07:00:00,6.2,6.4,6.2,6.4,4544550,HAG
2018-02-28 07:00:00,6.35,6.36,6.19,6.22,4539740,HAG
2018-03-01 07:00:00,6.22,6.36,6.2,6.25,3635910,HAG
2018-03-02 07:00:00,6.23,6.3,6.19,6.29,2364580,HAG
2018-03-05 07:00:00,6.29,6.48,6.27,6.32,8483800,HAG
2018-03-06 07:00:00,6.35,6.76,6.35,6.76,10726610,HAG
2018-03-07 07:00:00,7.1,7.2,6.88,6.99,11548820,HAG
2018-03-08 07:00:00,7.0,7.15,6.84,6.91,7738140,HAG
2018-03-09 07:00:00,6.8,7.3,6.71,7.08,9803250,HAG
2018-03-12 07:00:00,7.2,7.2,7.08,7.09,4289660,HAG
2018-03-13 07:00:00,7.09,7.18,6.99,7.15,6561530,HAG
2018-03-14 07:00:00,7.11,7.53,7.1,7.41,10299700,HAG
2018-03-15 07:00:00,7.45,7.59,7.4,7.41,8259570,HAG
2018-03-16 07:00:00,7.36,7.51,7.26,7.28,7335120,HAG
2018-03-19 07:00:00,7.28,7.28,6.78,6.9,15828850,HAG
2018-03-20 07:00:00,6.82,7.04,6.8,6.94,3727100,HAG
2018-03-21 07:00:00,7.0,7.19,6.93,7.0,3292350,HAG
2018-03-22 07:00:00,7.0,7.25,7.0,7.19,5364600,HAG
2018-03-23 07:00:00,6.9,7.16,6.9,7.0,5952530,HAG
2018-03-26 07:00:00,7.09,7.09,6.93,6.96,2811920,HAG
2018-03-27 07:00:00,7.0,7.05,6.78,6.82,4874720,HAG
2018-03-28 07:00:00,6.82,6.82,6.68,6.7,3931930,HAG
2018-03-29 07:00:00,6.69,6.81,6.69,6.7,1812350,HAG
2018-03-30 07:00:00,6.71,6.75,6.61,6.61,3018810,HAG
2018-04-02 07:00:00,6.15,6.34,6.15,6.15,22763820,HAG
2018-04-03 07:00:00,6.01,6.43,6.01,6.43,10002370,HAG
2018-04-04 07:00:00,6.3,6.43,6.27,6.3,5497020,HAG
2018-04-05 07:00:00,6.22,6.3,6.16,6.25,5152650,HAG
2018-04-06 07:00:00,6.25,6.33,6.19,6.19,7068740,HAG
2018-04-09 07:00:00,6.2,6.23,6.02,6.05,7772420,HAG
2018-04-10 07:00:00,6.06,6.14,5.75,5.75,9786860,HAG
2018-04-11 07:00:00,5.8,5.83,5.4,5.43,7701040,HAG
2018-04-12 07:00:00,5.43,5.45,5.2,5.28,8267630,HAG
2018-04-13 07:00:00,5.28,5.5,5.28,5.48,6626840,HAG
2018-04-16 07:00:00,5.48,5.82,5.38,5.7,6149530,HAG
2018-04-17 07:00:00,5.7,5.88,5.7,5.8,5110300,HAG
2018-04-18 07:00:00,5.79,5.85,5.67,5.67,4945260,HAG
2018-04-19 07:00:00,5.6,5.68,5.41,5.49,5089070,HAG
2018-04-20 07:00:00,5.48,5.65,5.41,5.51,1892260,HAG
2018-04-23 07:00:00,5.55,5.64,5.33,5.33,3433530,HAG
2018-04-24 07:00:00,5.4,5.42,5.3,5.4,2800610,HAG
2018-04-26 07:00:00,5.54,5.69,5.4,5.4,3775820,HAG
2018-04-27 07:00:00,5.4,5.45,5.09,5.3,4734660,HAG
2018-05-02 07:00:00,5.15,5.2,4.93,4.93,6793670,HAG
2018-05-03 07:00:00,4.8,4.98,4.77,4.82,3949130,HAG
2018-05-04 07:00:00,5.15,5.15,5.06,5.15,10094560,HAG
2018-05-07 07:00:00,5.32,5.33,5.0,5.2,3335000,HAG
2018-05-08 07:00:00,5.26,5.4,5.2,5.28,2750770,HAG
2018-05-09 07:00:00,5.26,5.28,5.17,5.25,2629740,HAG
2018-05-10 07:00:00,5.27,5.27,5.1,5.1,1965540,HAG
2018-05-11 07:00:00,5.1,5.2,5.05,5.2,2105050,HAG
2018-05-14 07:00:00,5.2,5.21,5.11,5.14,1684430,HAG
2018-05-15 07:00:00,5.19,5.19,5.11,5.16,1858270,HAG
2018-05-16 07:00:00,5.15,5.24,5.12,5.2,2212380,HAG
2018-05-17 07:00:00,5.22,5.3,5.2,5.25,2472810,HAG
2018-05-18 07:00:00,5.3,5.33,5.25,5.26,3172610,HAG
2018-05-21 07:00:00,5.28,5.29,5.2,5.25,1660440,HAG
2018-05-22 07:00:00,5.2,5.25,4.99,5.05,3180810,HAG
2018-05-23 07:00:00,5.05,5.05,4.93,5.0,1845090,HAG
2018-05-24 07:00:00,5.0,5.09,4.87,4.9,1772280,HAG
2018-05-25 07:00:00,4.9,4.94,4.75,4.75,1956510,HAG
2018-05-28 07:00:00,4.8,4.8,4.42,4.42,5025850,HAG
2018-05-29 07:00:00,4.4,4.67,4.27,4.49,3186630,HAG
2018-05-30 07:00:00,4.45,4.5,4.35,4.43,1165540,HAG
2018-05-31 07:00:00,4.42,4.49,4.4,4.46,2427920,HAG
2018-06-01 07:00:00,4.42,4.58,4.42,4.5,1952340,HAG
2018-06-04 07:00:00,4.48,4.67,4.42,4.62,2767540,HAG
2018-06-05 07:00:00,4.68,4.75,4.63,4.73,3107450,HAG
2018-06-06 07:00:00,4.75,4.8,4.65,4.66,2364580,HAG
2018-06-07 07:00:00,4.7,4.86,4.7,4.78,3912270,HAG
2018-06-08 07:00:00,4.8,4.8,4.72,4.79,1467790,HAG
2018-06-11 07:00:00,4.6,4.7,4.58,4.61,3287140,HAG
2018-06-12 07:00:00,4.59,4.61,4.39,4.45,3830410,HAG
2018-06-13 07:00:00,4.46,4.53,4.45,4.49,1389940,HAG
2018-06-14 07:00:00,4.5,4.79,4.46,4.65,14898000,HAG
2018-06-15 07:00:00,4.72,4.8,4.65,4.69,16533880,HAG
2018-06-18 07:00:00,4.7,5.01,4.7,5.01,12370750,HAG
2018-06-19 07:00:00,4.85,4.88,4.66,4.76,7873170,HAG
2018-06-20 07:00:00,4.82,4.82,4.6,4.77,3292660,HAG
2018-06-21 07:00:00,4.66,4.79,4.61,4.77,3302240,HAG
2018-06-22 07:00:00,4.77,4.77,4.67,4.7,2416590,HAG
2018-06-25 07:00:00,4.75,4.93,4.75,4.84,5101510,HAG
2018-06-26 07:00:00,4.84,5.17,4.79,5.07,10610770,HAG
2018-06-27 07:00:00,5.08,5.33,5.08,5.13,7087940,HAG
2018-06-28 07:00:00,5.13,5.13,4.95,5.0,5273980,HAG
2018-06-29 07:00:00,5.0,5.26,4.95,5.21,7548980,HAG
2018-07-02 07:00:00,5.28,5.28,5.05,5.2,5790960,HAG
2018-07-03 07:00:00,5.19,5.24,5.05,5.05,4539010,HAG
2018-07-04 07:00:00,5.05,5.1,4.72,4.88,3555000,HAG
2018-07-05 07:00:00,4.88,4.99,4.78,4.99,6093350,HAG
2018-07-06 07:00:00,5.0,5.2,4.95,5.19,6635350,HAG
2018-07-09 07:00:00,5.15,5.25,5.0,5.0,4422720,HAG
2018-07-10 07:00:00,5.04,5.1,4.95,4.97,3630000,HAG
2018-07-11 07:00:00,4.96,5.0,4.88,4.88,7714060,HAG
2018-07-12 07:00:00,4.89,5.01,4.88,5.0,4090240,HAG
2018-07-13 07:00:00,5.19,5.35,5.05,5.35,17139790,HAG
2018-07-16 07:00:00,5.5,5.72,5.5,5.72,8964990,HAG
2018-07-17 07:00:00,5.72,6.09,5.72,5.93,15743560,HAG
2018-07-18 07:00:00,5.9,6.34,5.72,6.33,18139320,HAG
2018-07-19 07:00:00,6.4,6.51,6.15,6.26,21446520,HAG
2018-07-20 07:00:00,6.2,6.39,6.1,6.19,16026370,HAG
2018-07-23 07:00:00,6.09,6.62,5.9,6.62,23396090,HAG
2018-07-24 07:00:00,6.75,7.08,6.7,7.08,20360820,HAG
2018-07-25 07:00:00,7.0,7.49,6.85,7.12,19471070,HAG
2018-07-26 07:00:00,7.2,7.22,6.63,6.63,19021600,HAG
2018-07-27 07:00:00,6.6,7.09,6.6,7.09,13895070,HAG
2018-07-30 07:00:00,7.58,7.58,7.42,7.58,7081450,HAG
2018-07-31 07:00:00,7.65,8.09,7.2,7.62,23739250,HAG
2018-08-01 07:00:00,7.79,7.79,7.09,7.1,12631610,HAG
2018-08-02 07:00:00,7.1,7.3,6.64,6.9,15524250,HAG
2018-08-03 07:00:00,7.06,7.31,6.9,7.15,12072510,HAG
2018-08-06 07:00:00,7.5,7.5,7.16,7.23,8731250,HAG
2018-08-07 07:00:00,7.2,7.25,6.82,6.82,7197920,HAG
2018-08-08 07:00:00,6.82,7.01,6.79,6.95,5670030,HAG
2018-08-09 07:00:00,7.43,7.43,7.43,7.43,2864590,HAG
2018-08-10 07:00:00,7.95,7.95,6.96,7.53,37972830,HAG
2018-08-13 07:00:00,7.49,7.58,7.35,7.4,5029940,HAG
2018-08-14 07:00:00,7.45,7.56,7.29,7.29,5434950,HAG
2018-08-15 07:00:00,7.06,7.2,6.97,7.0,10771700,HAG
2018-08-16 07:00:00,6.86,6.95,6.7,6.7,7875210,HAG
2018-08-17 07:00:00,6.84,6.85,6.66,6.67,4974400,HAG
2018-08-20 07:00:00,6.7,7.12,6.55,7.12,9295700,HAG
2018-08-21 07:00:00,7.05,7.21,7.04,7.13,6324580,HAG
2018-08-22 07:00:00,7.13,7.21,7.01,7.01,5783920,HAG
2018-08-23 07:00:00,7.0,7.06,6.89,7.0,5624050,HAG
2018-08-24 07:00:00,6.95,7.05,6.9,6.9,3556150,HAG
2018-08-27 07:00:00,6.91,7.0,6.8,6.8,8318820,HAG
2018-08-28 07:00:00,6.85,6.99,6.8,6.9,6571230,HAG
2018-08-29 07:00:00,6.95,7.08,6.79,6.99,7492060,HAG
2018-08-30 07:00:00,7.0,7.0,6.89,6.89,7030960,HAG
2018-08-31 07:00:00,6.86,6.9,6.72,6.79,10002760,HAG
2018-09-04 07:00:00,6.73,6.91,6.6,6.6,7995180,HAG
2018-09-05 07:00:00,6.6,6.75,6.39,6.5,7711330,HAG
2018-09-06 07:00:00,6.45,6.54,6.09,6.09,10330170,HAG
2018-09-07 07:00:00,5.93,6.01,5.76,5.89,9682970,HAG
2018-09-10 07:00:00,5.86,6.0,5.83,5.9,4653370,HAG
2018-09-11 07:00:00,5.95,6.31,5.9,6.31,7389650,HAG
2018-09-12 07:00:00,6.45,6.49,6.1,6.18,6996030,HAG
2018-09-13 07:00:00,6.12,6.2,6.05,6.15,3510600,HAG
2018-09-14 07:00:00,6.17,6.19,6.04,6.11,2887910,HAG
2018-09-17 07:00:00,6.15,6.15,5.96,5.96,4757560,HAG
2018-09-18 07:00:00,5.96,6.07,5.87,5.97,4001940,HAG
2018-09-19 07:00:00,5.97,6.06,5.97,5.98,4035750,HAG
2018-09-20 07:00:00,6.0,6.03,5.96,6.0,3092040,HAG
2018-09-21 07:00:00,6.04,6.14,6.01,6.1,5913230,HAG
2018-09-24 07:00:00,6.14,6.15,6.09,6.1,3440890,HAG
2018-09-25 07:00:00,6.12,6.12,6.02,6.06,4344660,HAG
2018-09-26 07:00:00,6.06,6.31,6.03,6.15,6890940,HAG
2018-09-27 07:00:00,6.15,6.28,6.15,6.16,2752140,HAG
2018-09-28 07:00:00,6.2,6.23,6.11,6.13,3441940,HAG
2018-10-01 07:00:00,6.17,6.19,6.04,6.06,4112790,HAG
2018-10-02 07:00:00,6.06,6.12,5.98,5.99,5229420,HAG
2018-10-03 07:00:00,6.0,6.04,5.96,5.97,2913190,HAG
2018-10-04 07:00:00,5.99,6.04,5.95,5.99,2254610,HAG
2018-10-05 07:00:00,5.99,6.0,5.9,5.9,2518700,HAG
2018-10-08 07:00:00,5.9,5.93,5.8,5.82,3607220,HAG
2018-10-09 07:00:00,5.85,5.89,5.65,5.65,2735200,HAG
2018-10-10 07:00:00,5.65,5.79,5.6,5.6,3491660,HAG
2018-10-11 07:00:00,5.5,5.6,5.21,5.21,9300530,HAG
2018-10-12 07:00:00,5.15,5.33,5.11,5.33,4512890,HAG
2018-10-15 07:00:00,5.39,5.39,5.21,5.21,1851860,HAG
2018-10-16 07:00:00,5.15,5.28,5.15,5.25,1663380,HAG
2018-10-17 07:00:00,5.3,5.32,5.05,5.17,4971490,HAG
2018-10-18 07:00:00,5.17,5.18,5.08,5.1,1551570,HAG
2018-10-19 07:00:00,5.04,5.35,5.0,5.28,5114420,HAG
2018-10-22 07:00:00,5.28,5.32,5.19,5.22,1575930,HAG
2018-10-23 07:00:00,5.18,5.22,5.02,5.05,2489510,HAG
2018-10-24 07:00:00,5.01,5.09,5.0,5.0,3624420,HAG
2018-10-25 07:00:00,4.71,4.95,4.7,4.9,4694400,HAG
2018-10-26 07:00:00,4.9,5.05,4.75,4.75,2573390,HAG
2018-10-29 07:00:00,4.75,4.8,4.72,4.76,2639890,HAG
2018-10-30 07:00:00,4.78,4.99,4.76,4.95,3172980,HAG
2018-10-31 07:00:00,5.2,5.2,5.08,5.08,3359340,HAG
2018-11-01 07:00:00,5.18,5.18,5.05,5.08,2863630,HAG
2018-11-02 07:00:00,5.09,5.34,5.09,5.19,3060550,HAG
2018-11-05 07:00:00,5.2,5.28,5.14,5.2,2491640,HAG
2018-11-06 07:00:00,5.21,5.27,5.21,5.22,2252030,HAG
2018-11-07 07:00:00,5.23,5.25,5.18,5.25,2603320,HAG
2018-11-08 07:00:00,5.28,5.46,5.28,5.46,5303150,HAG
2018-11-09 07:00:00,5.48,5.65,5.38,5.44,4992590,HAG
2018-11-12 07:00:00,5.4,5.6,5.29,5.49,2859970,HAG
2018-11-13 07:00:00,5.4,5.5,5.35,5.4,2696200,HAG
2018-11-14 07:00:00,5.4,5.5,5.34,5.4,2882690,HAG
2018-11-15 07:00:00,5.41,5.49,5.36,5.49,3652880,HAG
2018-11-16 07:00:00,5.5,5.62,5.43,5.59,4789180,HAG
2018-11-19 07:00:00,5.59,5.6,5.5,5.6,2018160,HAG
2018-11-20 07:00:00,5.51,5.64,5.51,5.55,3085180,HAG
2018-11-21 07:00:00,5.51,5.55,5.45,5.55,1954310,HAG
2018-11-22 07:00:00,5.52,5.55,5.43,5.49,1874390,HAG
2018-11-23 07:00:00,5.5,5.55,5.25,5.25,1845400,HAG
2018-11-26 07:00:00,5.3,5.31,5.25,5.25,1328270,HAG
2018-11-27 07:00:00,5.34,5.34,5.2,5.21,1322960,HAG
2018-11-28 07:00:00,5.21,5.25,5.15,5.17,1031260,HAG
2018-11-29 07:00:00,5.2,5.22,5.05,5.05,2800720,HAG
2018-11-30 07:00:00,5.01,5.15,4.95,5.15,3408190,HAG
2018-12-03 07:00:00,5.18,5.24,5.15,5.15,3156890,HAG
2018-12-04 07:00:00,5.16,5.25,5.13,5.25,4295140,HAG
2018-12-05 07:00:00,5.2,5.23,5.15,5.18,1587360,HAG
2018-12-06 07:00:00,5.18,5.21,5.15,5.17,1091900,HAG
2018-12-07 07:00:00,5.2,5.26,5.16,5.2,2190500,HAG
2018-12-10 07:00:00,5.2,5.25,5.18,5.18,1844710,HAG
2018-12-11 07:00:00,5.21,5.21,5.15,5.17,1548840,HAG
2018-12-12 07:00:00,5.18,5.21,5.15,5.19,2683980,HAG
2018-12-13 07:00:00,5.2,5.23,5.16,5.2,2248750,HAG
2018-12-14 07:00:00,5.18,5.2,5.15,5.18,2642710,HAG
2018-12-17 07:00:00,5.21,5.22,5.1,5.1,2016740,HAG
2018-12-18 07:00:00,5.05,5.2,5.0,5.2,3258080,HAG
2018-12-19 07:00:00,5.2,5.2,5.08,5.19,1148090,HAG
2018-12-20 07:00:00,5.1,5.16,5.08,5.09,1075390,HAG
2018-12-21 07:00:00,5.08,5.1,5.03,5.05,1973350,HAG
2018-12-24 07:00:00,5.1,5.1,4.9,5.05,3160320,HAG
2018-12-25 07:00:00,5.0,5.05,4.87,4.88,3258130,HAG
2018-12-26 07:00:00,4.95,4.97,4.87,4.88,1741650,HAG
2018-12-27 07:00:00,4.96,5.0,4.93,4.94,793690,HAG
2018-12-28 07:00:00,4.93,4.97,4.87,4.88,1172670,HAG
2019-01-02 07:00:00,4.89,4.91,4.78,4.78,1741470,HAG
2019-01-03 07:00:00,4.78,4.8,4.6,4.68,2617730,HAG
2019-01-04 07:00:00,4.61,4.69,4.57,4.66,1512050,HAG
2019-01-07 07:00:00,4.7,4.8,4.66,4.66,1098030,HAG
2019-01-08 07:00:00,4.66,4.75,4.65,4.75,1421580,HAG
2019-01-09 07:00:00,4.72,4.81,4.71,4.71,1488490,HAG
2019-01-10 07:00:00,4.71,4.88,4.68,4.86,3041210,HAG
2019-01-11 07:00:00,5.0,5.16,5.0,5.08,4895270,HAG
2019-01-14 07:00:00,5.14,5.25,5.07,5.07,2763840,HAG
2019-01-15 07:00:00,5.07,5.14,5.05,5.07,2004640,HAG
2019-01-16 07:00:00,5.13,5.13,5.02,5.11,2730810,HAG
2019-01-17 07:00:00,5.1,5.11,5.02,5.03,1620310,HAG
2019-01-18 07:00:00,5.03,5.08,4.99,4.99,1414810,HAG
2019-01-21 07:00:00,5.03,5.03,4.92,4.95,1519210,HAG
2019-01-22 07:00:00,4.97,5.04,4.97,4.98,2419110,HAG
2019-01-23 07:00:00,4.96,5.08,4.96,5.0,1648200,HAG
2019-01-24 07:00:00,5.01,5.03,4.98,4.99,1793650,HAG
2019-01-25 07:00:00,5.0,5.04,4.98,5.0,1871660,HAG
2019-01-28 07:00:00,5.0,5.02,4.98,5.0,1002970,HAG
2019-01-29 07:00:00,5.0,5.02,4.92,4.93,1758180,HAG
2019-01-30 07:00:00,4.97,5.01,4.93,5.0,1410060,HAG
2019-01-31 07:00:00,4.95,5.1,4.95,5.0,2181820,HAG
2019-02-01 07:00:00,5.0,5.02,4.89,5.0,1740010,HAG
2019-02-11 07:00:00,5.0,5.04,4.96,4.96,974380,HAG
2019-02-12 07:00:00,5.0,5.3,4.97,5.3,11270510,HAG
2019-02-13 07:00:00,5.4,5.43,5.3,5.32,5219350,HAG
2019-02-14 07:00:00,5.32,5.34,5.18,5.2,4073580,HAG
2019-02-15 07:00:00,5.2,5.29,5.16,5.17,3977720,HAG
2019-02-18 07:00:00,5.2,5.52,5.18,5.44,9236270,HAG
2019-02-19 07:00:00,5.49,5.66,5.4,5.44,10551790,HAG
2019-02-20 07:00:00,5.41,5.48,5.32,5.33,5260250,HAG
2019-02-21 07:00:00,5.4,5.52,5.35,5.41,5103410,HAG
2019-02-22 07:00:00,5.4,5.62,5.38,5.49,5540080,HAG
2019-02-25 07:00:00,5.59,5.59,5.49,5.5,4723320,HAG
2019-02-26 07:00:00,5.5,5.84,5.5,5.66,12856190,HAG
2019-02-27 07:00:00,5.76,5.79,5.67,5.69,3651830,HAG
2019-02-28 07:00:00,5.7,5.74,5.5,5.52,6876750,HAG
2019-03-01 07:00:00,5.52,5.65,5.52,5.65,5420770,HAG
2019-03-04 07:00:00,5.7,6.04,5.68,6.04,13532770,HAG
2019-03-05 07:00:00,6.11,6.29,6.03,6.08,11449820,HAG
2019-03-06 07:00:00,6.08,6.2,6.0,6.15,6984040,HAG
2019-03-07 07:00:00,6.15,6.16,6.06,6.07,5139970,HAG
2019-03-08 07:00:00,6.0,6.03,5.84,5.87,6644810,HAG
2019-03-11 07:00:00,5.89,5.92,5.72,5.76,4311870,HAG
2019-03-12 07:00:00,5.85,5.9,5.73,5.8,4853620,HAG
2019-03-13 07:00:00,5.84,5.92,5.8,5.8,4060990,HAG
2019-03-14 07:00:00,5.81,6.0,5.76,5.84,4409410,HAG
2019-03-15 07:00:00,5.85,5.85,5.77,5.77,3600930,HAG
2019-03-18 07:00:00,5.76,5.8,5.51,5.54,7585550,HAG
2019-03-19 07:00:00,5.55,5.64,5.54,5.55,5454450,HAG
2019-03-20 07:00:00,5.58,5.6,5.48,5.52,2511430,HAG
2019-03-21 07:00:00,5.55,5.57,5.2,5.2,5431970,HAG
2019-03-22 07:00:00,5.25,5.31,5.21,5.25,2769800,HAG
2019-03-25 07:00:00,5.44,5.61,5.37,5.61,3849470,HAG
2019-03-26 07:00:00,6.0,6.0,5.8,5.87,14566060,HAG
2019-03-27 07:00:00,5.87,5.88,5.61,5.61,4924160,HAG
2019-03-28 07:00:00,5.53,5.73,5.4,5.56,4139770,HAG
2019-03-29 07:00:00,5.53,5.6,5.48,5.56,3445680,HAG
2019-04-01 07:00:00,5.59,5.6,5.44,5.46,3446400,HAG
2019-04-02 07:00:00,5.5,5.53,5.44,5.44,2646510,HAG
2019-04-03 07:00:00,5.4,5.45,5.34,5.39,1950240,HAG
2019-04-04 07:00:00,5.4,5.49,5.39,5.42,1830370,HAG
2019-04-05 07:00:00,5.42,5.5,5.41,5.42,1228010,HAG
2019-04-08 07:00:00,5.42,5.57,5.4,5.52,4276600,HAG
2019-04-09 07:00:00,5.52,5.54,5.39,5.41,2223730,HAG
2019-04-10 07:00:00,5.36,5.4,5.24,5.24,4372280,HAG
2019-04-11 07:00:00,5.23,5.3,5.22,5.22,2205910,HAG
2019-04-12 07:00:00,5.23,5.29,5.22,5.27,2194880,HAG
2019-04-16 07:00:00,5.22,5.43,5.12,5.29,4126080,HAG
2019-04-17 07:00:00,5.45,5.6,5.36,5.38,4881710,HAG
2019-04-18 07:00:00,5.38,5.38,5.24,5.3,2384850,HAG
2019-04-19 07:00:00,5.32,5.32,5.25,5.3,1635680,HAG
2019-04-22 07:00:00,5.25,5.36,5.23,5.31,2766280,HAG
2019-04-23 07:00:00,5.31,5.38,5.3,5.3,1803230,HAG
2019-04-24 07:00:00,5.3,5.42,5.3,5.39,4282330,HAG
2019-04-25 07:00:00,5.44,5.64,5.44,5.55,10205530,HAG
2019-04-26 07:00:00,5.47,5.56,5.42,5.47,3487550,HAG
2019-05-02 07:00:00,5.48,5.49,5.34,5.37,2174890,HAG
2019-05-03 07:00:00,5.33,5.36,5.27,5.28,2780070,HAG
2019-05-06 07:00:00,5.25,5.25,5.14,5.17,3879280,HAG
2019-05-07 07:00:00,5.2,5.23,5.16,5.18,1319730,HAG
2019-05-08 07:00:00,5.16,5.18,5.11,5.11,1639660,HAG
2019-05-09 07:00:00,5.12,5.16,5.06,5.06,1400020,HAG
2019-05-10 07:00:00,5.09,5.18,5.04,5.09,1414400,HAG
2019-05-13 07:00:00,5.06,5.19,5.06,5.1,1622690,HAG
2019-05-14 07:00:00,5.09,5.15,5.09,5.09,1344530,HAG
2019-05-15 07:00:00,5.1,5.16,5.09,5.14,1411310,HAG
2019-05-16 07:00:00,5.16,5.35,5.16,5.3,3233620,HAG
2019-05-17 07:00:00,5.32,5.34,5.2,5.2,1462730,HAG
2019-05-20 07:00:00,5.2,5.2,5.13,5.16,2992010,HAG
2019-05-21 07:00:00,5.18,5.19,5.15,5.15,1786210,HAG
2019-05-22 07:00:00,5.16,5.23,5.15,5.16,3276530,HAG
2019-05-23 07:00:00,5.2,5.24,5.16,5.16,1141140,HAG
2019-05-24 07:00:00,5.17,5.19,5.15,5.16,2534630,HAG
2019-05-27 07:00:00,5.16,5.18,5.13,5.16,1533140,HAG
2019-05-28 07:00:00,5.19,5.21,5.15,5.16,1303140,HAG
2019-05-29 07:00:00,5.15,5.17,5.11,5.12,1423870,HAG
2019-05-30 07:00:00,5.13,5.16,5.1,5.1,1546340,HAG
2019-05-31 07:00:00,5.1,5.1,5.05,5.07,1782000,HAG
2019-06-03 07:00:00,5.07,5.07,5.0,5.02,2848130,HAG
2019-06-04 07:00:00,5.05,5.05,4.9,4.9,1965490,HAG
2019-06-05 07:00:00,4.95,4.98,4.9,4.94,1262100,HAG
2019-06-06 07:00:00,4.94,4.98,4.91,4.91,825670,HAG
2019-06-07 07:00:00,4.94,4.98,4.92,4.98,932880,HAG
2019-06-10 07:00:00,4.99,5.06,4.98,5.01,708290,HAG
2019-06-11 07:00:00,5.03,5.08,4.99,4.99,1116780,HAG
2019-06-12 07:00:00,5.02,5.02,4.94,4.95,1064850,HAG
2019-06-13 07:00:00,4.95,5.04,4.92,4.97,1346830,HAG
2019-06-14 07:00:00,5.0,5.01,4.95,4.97,599980,HAG
2019-06-17 07:00:00,4.97,5.0,4.93,5.0,1727650,HAG
2019-06-18 07:00:00,5.0,5.01,4.95,4.97,658680,HAG
2019-06-19 07:00:00,5.15,5.25,4.99,5.15,5740560,HAG
2019-06-20 07:00:00,5.15,5.21,5.13,5.13,1926220,HAG
2019-06-21 07:00:00,5.14,5.14,5.06,5.09,1351710,HAG
2019-06-24 07:00:00,5.07,5.21,5.07,5.11,2328450,HAG
2019-06-25 07:00:00,5.15,5.36,5.14,5.29,6856700,HAG
2019-06-26 07:00:00,5.29,5.36,5.28,5.3,5131610,HAG
2019-06-27 07:00:00,5.31,5.33,5.21,5.24,3381680,HAG
2019-06-28 07:00:00,5.24,5.39,5.16,5.35,3749090,HAG
2019-07-01 07:00:00,5.42,5.45,5.32,5.32,3585990,HAG
2019-07-02 07:00:00,5.31,5.35,5.3,5.33,1537800,HAG
2019-07-03 07:00:00,5.32,5.44,5.31,5.42,4891200,HAG
2019-07-04 07:00:00,5.45,5.6,5.44,5.47,7200830,HAG
2019-07-05 07:00:00,5.5,5.5,5.43,5.43,2082490,HAG
2019-07-08 07:00:00,5.41,5.58,5.4,5.49,6548890,HAG
2019-07-09 07:00:00,5.55,5.68,5.5,5.61,7953600,HAG
2019-07-10 07:00:00,5.6,5.67,5.53,5.62,3303790,HAG
2019-07-11 07:00:00,5.57,5.75,5.57,5.7,5098720,HAG
2019-07-12 07:00:00,5.7,5.72,5.6,5.6,3469570,HAG
2019-07-15 07:00:00,5.7,5.61,5.4,5.4,6157000,HAG
2019-07-16 07:00:00,5.41,5.49,5.3,5.31,5758480,HAG
2019-07-17 07:00:00,5.31,5.38,5.31,5.35,1630460,HAG
2019-07-18 07:00:00,5.34,5.42,5.33,5.38,1713600,HAG
2019-07-19 07:00:00,5.38,5.4,5.22,5.28,3007800,HAG
2019-07-22 07:00:00,5.26,5.34,5.17,5.3,3061780,HAG
2019-07-23 07:00:00,5.3,5.35,5.26,5.26,1619930,HAG
2019-07-24 07:00:00,5.27,5.31,5.19,5.24,1885710,HAG
2019-07-25 07:00:00,5.24,5.26,5.15,5.21,2383910,HAG
2019-07-26 07:00:00,5.23,5.23,5.12,5.14,2015800,HAG
2019-07-29 07:00:00,5.12,5.15,5.08,5.08,1792480,HAG
2019-07-30 07:00:00,5.08,5.28,5.04,5.23,5656120,HAG
2019-07-31 07:00:00,5.06,5.17,5.06,5.08,3574410,HAG
2019-08-01 07:00:00,5.11,5.11,4.95,4.95,4212260,HAG
2019-08-02 07:00:00,4.9,4.91,4.8,4.82,4556640,HAG
2019-08-05 07:00:00,4.77,5.07,4.66,5.05,5303490,HAG
2019-08-06 07:00:00,4.9,5.15,4.85,5.02,2917240,HAG
2019-08-07 07:00:00,4.9,5.07,4.98,5.0,1343330,HAG
2019-08-08 07:00:00,4.96,5.05,4.96,5.01,1484750,HAG
2019-08-09 07:00:00,5.05,5.06,5.01,5.05,1860300,HAG
2019-08-12 07:00:00,5.09,5.13,5.04,5.05,1544270,HAG
2019-08-13 07:00:00,5.03,5.05,4.98,4.98,2208780,HAG
2019-08-14 07:00:00,5.0,5.09,5.0,5.0,1886220,HAG
2019-08-15 07:00:00,4.95,4.96,4.9,4.92,2308710,HAG
2019-08-16 07:00:00,4.9,4.94,4.9,4.9,1770550,HAG
2019-08-19 07:00:00,4.91,4.95,4.7,4.79,3570430,HAG
2019-08-20 07:00:00,4.84,4.88,4.8,4.88,1753180,HAG
2019-08-21 07:00:00,4.89,4.94,4.87,4.88,816140,HAG
2019-08-22 07:00:00,4.87,4.92,4.87,4.88,1166100,HAG
2019-08-23 07:00:00,4.89,4.9,4.78,4.9,2022390,HAG
2019-08-26 07:00:00,4.85,4.85,4.78,4.81,1428130,HAG
2019-08-27 07:00:00,4.81,4.86,4.8,4.81,1306470,HAG
2019-08-28 07:00:00,4.8,4.84,4.8,4.8,1085560,HAG
2019-08-29 07:00:00,4.81,4.85,4.81,4.82,1085840,HAG
2019-08-30 07:00:00,4.82,4.91,4.82,4.86,1344990,HAG
2019-09-03 07:00:00,4.86,4.86,4.81,4.81,1429900,HAG
2019-09-04 07:00:00,4.86,4.83,4.79,4.83,1401970,HAG
2019-09-05 07:00:00,4.82,4.85,4.81,4.81,921550,HAG
2019-09-06 07:00:00,4.81,4.85,4.77,4.77,1424380,HAG
2019-09-09 07:00:00,4.78,4.84,4.78,4.79,962570,HAG
2019-09-10 07:00:00,4.8,4.87,4.77,4.77,1702760,HAG
2019-09-11 07:00:00,4.79,4.85,4.76,4.76,760730,HAG
2019-09-12 07:00:00,4.8,4.8,4.71,4.79,1215650,HAG
2019-09-13 07:00:00,4.78,4.79,4.7,4.7,1124360,HAG
2019-09-16 07:00:00,4.7,4.7,4.59,4.6,2718170,HAG
2019-09-17 07:00:00,4.6,4.6,4.49,4.49,3488990,HAG
2019-09-18 07:00:00,4.51,4.6,4.5,4.54,1311400,HAG
2019-09-19 07:00:00,4.55,4.57,4.5,4.52,866410,HAG
2019-09-20 07:00:00,4.53,4.53,4.46,4.46,2007120,HAG
2019-09-23 07:00:00,4.46,4.53,4.46,4.47,884700,HAG
2019-09-24 07:00:00,4.47,4.69,4.47,4.56,2214960,HAG
2019-09-25 07:00:00,4.58,4.6,4.5,4.5,929130,HAG
2019-09-26 07:00:00,4.54,4.56,4.48,4.53,620620,HAG
2019-09-27 07:00:00,4.5,4.55,4.5,4.5,947320,HAG
2019-09-30 07:00:00,4.51,4.53,4.48,4.49,1436930,HAG
2019-10-01 07:00:00,4.5,4.55,4.48,4.55,1122170,HAG
2019-10-02 07:00:00,4.61,4.76,4.61,4.62,3437160,HAG
2019-10-03 07:00:00,4.62,4.7,4.58,4.64,1001850,HAG
2019-10-04 07:00:00,4.64,4.64,4.55,4.57,987530,HAG
2019-10-07 07:00:00,4.52,4.55,4.49,4.5,1123670,HAG
2019-10-08 07:00:00,4.5,4.51,4.47,4.48,1058920,HAG
2019-10-09 07:00:00,4.48,4.49,4.45,4.48,1289540,HAG
2019-10-10 07:00:00,4.48,4.49,4.45,4.46,1163330,HAG
2019-10-11 07:00:00,4.48,4.48,4.45,4.46,735080,HAG
2019-10-14 07:00:00,4.46,4.46,4.39,4.39,2791530,HAG
2019-10-15 07:00:00,4.4,4.43,4.3,4.3,2794610,HAG
2019-10-16 07:00:00,4.3,4.3,4.16,4.16,3376000,HAG
2019-10-17 07:00:00,4.14,4.35,4.14,4.29,1903080,HAG
2019-10-18 07:00:00,4.29,4.41,4.29,4.34,1698600,HAG
2019-10-21 07:00:00,4.34,4.34,4.28,4.28,948960,HAG
2019-10-22 07:00:00,4.28,4.54,4.28,4.46,2157920,HAG
2019-10-23 07:00:00,4.5,4.5,4.37,4.37,870290,HAG
2019-10-24 07:00:00,4.44,4.44,4.38,4.43,761670,HAG
2019-10-25 07:00:00,4.43,4.43,4.36,4.36,1348870,HAG
2019-10-28 07:00:00,4.37,4.43,4.33,4.36,1488230,HAG
2019-10-29 07:00:00,4.34,4.4,4.29,4.3,1909100,HAG
2019-10-30 07:00:00,4.3,4.32,4.26,4.29,1027710,HAG
2019-10-31 07:00:00,4.28,4.29,4.22,4.22,1241440,HAG
2019-11-01 07:00:00,4.24,4.28,4.22,4.23,885330,HAG
2019-11-04 07:00:00,4.23,4.33,4.22,4.29,1534530,HAG
2019-11-05 07:00:00,4.3,4.31,4.24,4.24,824790,HAG
2019-11-06 07:00:00,4.1,4.19,4.1,4.15,2995670,HAG
2019-11-07 07:00:00,4.16,4.21,4.14,4.15,1006440,HAG
2019-11-08 07:00:00,4.15,4.19,4.13,4.18,838670,HAG
2019-11-11 07:00:00,4.18,4.18,4.14,4.17,688690,HAG
2019-11-12 07:00:00,4.15,4.18,4.14,4.14,938610,HAG
2019-11-13 07:00:00,4.14,4.16,4.05,4.07,1621460,HAG
2019-11-14 07:00:00,4.07,4.1,4.06,4.08,1404790,HAG
2019-11-15 07:00:00,4.1,4.12,4.01,4.01,1492730,HAG
2019-11-18 07:00:00,4.04,4.05,3.98,3.98,1307420,HAG
2019-11-19 07:00:00,3.99,4.16,3.99,4.1,1905920,HAG
2019-11-20 07:00:00,4.11,4.12,4.03,4.05,808980,HAG
2019-11-21 07:00:00,4.05,4.05,4.01,4.05,538880,HAG
2019-11-22 07:00:00,4.01,4.04,3.98,4.0,1545340,HAG
2019-11-25 07:00:00,3.99,4.0,3.9,3.9,2051520,HAG
2019-11-26 07:00:00,3.9,3.99,3.88,3.91,821330,HAG
2019-11-27 07:00:00,3.91,3.96,3.91,3.96,520160,HAG
2019-11-28 07:00:00,3.96,3.98,3.94,3.94,618980,HAG
2019-11-29 07:00:00,3.94,3.97,3.85,3.85,1545010,HAG
2019-12-02 07:00:00,3.89,3.89,3.62,3.63,3852370,HAG
2019-12-03 07:00:00,3.65,3.66,3.61,3.61,1481270,HAG
2019-12-04 07:00:00,3.63,3.64,3.59,3.63,965620,HAG
2019-12-05 07:00:00,3.65,3.7,3.65,3.7,596090,HAG
2019-12-06 07:00:00,3.7,3.75,3.7,3.72,720930,HAG
2019-12-09 07:00:00,3.76,3.91,3.72,3.86,1546460,HAG
2019-12-10 07:00:00,3.86,3.96,3.86,3.9,1573110,HAG
2019-12-11 07:00:00,3.91,4.04,3.91,4.04,2693690,HAG
2019-12-12 07:00:00,4.06,4.06,3.95,3.97,1065680,HAG
2019-12-13 07:00:00,3.97,4.04,3.9,3.95,1615880,HAG
2019-12-16 07:00:00,3.99,4.0,3.88,3.96,2119520,HAG
2019-12-17 07:00:00,3.96,4.1,3.95,4.03,2837480,HAG
2019-12-18 07:00:00,4.08,4.1,3.99,4.04,1106450,HAG
2019-12-19 07:00:00,3.91,4.02,3.91,3.95,649460,HAG
2019-12-20 07:00:00,3.93,3.97,3.9,3.96,1218120,HAG
2019-12-23 07:00:00,3.96,4.03,3.93,4.0,1684080,HAG
2019-12-24 07:00:00,4.0,4.01,3.95,4.01,1314270,HAG
2019-12-25 07:00:00,4.01,4.01,3.96,3.96,938470,HAG
2019-12-26 07:00:00,3.95,4.18,3.95,4.08,3835310,HAG
2019-12-27 07:00:00,4.08,4.17,4.01,4.05,1162190,HAG
2019-12-30 07:00:00,4.08,4.08,3.98,4.02,1301090,HAG
2019-12-31 07:00:00,4.01,4.01,3.9,3.98,1628300,HAG
2020-01-02 07:00:00,3.96,4.05,3.96,4.05,1101390,HAG
2020-01-03 07:00:00,4.07,4.19,4.05,4.15,3756690,HAG
2020-01-06 07:00:00,4.15,4.15,4.03,4.09,1454140,HAG
2020-01-07 07:00:00,4.02,4.11,4.02,4.11,1432510,HAG
2020-01-08 07:00:00,4.06,4.08,3.91,3.91,2566730,HAG
2020-01-09 07:00:00,3.99,4.1,3.96,4.1,1322450,HAG
2020-01-10 07:00:00,4.1,4.11,4.03,4.08,1009540,HAG
2020-01-13 07:00:00,4.1,4.1,3.98,4.0,1173520,HAG
2020-01-14 07:00:00,4.01,4.03,3.93,3.94,1222410,HAG
2020-01-15 07:00:00,3.94,3.99,3.9,3.9,1207280,HAG
2020-01-16 07:00:00,3.93,3.95,3.78,3.84,1950740,HAG
2020-01-17 07:00:00,3.85,3.91,3.84,3.88,852640,HAG
2020-01-20 07:00:00,3.84,3.88,3.84,3.86,470690,HAG
2020-01-21 07:00:00,3.86,3.99,3.86,3.92,800990,HAG
2020-01-22 07:00:00,4.02,4.02,3.95,3.98,1111180,HAG
2020-01-30 07:00:00,3.99,3.99,3.87,3.9,2008040,HAG
2020-01-31 07:00:00,3.86,3.86,3.64,3.64,3002000,HAG
2020-02-03 07:00:00,3.39,3.56,3.39,3.39,4432890,HAG
2020-02-04 07:00:00,3.4,3.41,3.2,3.27,2530200,HAG
2020-02-05 07:00:00,3.17,3.4,3.17,3.3,1285410,HAG
2020-02-06 07:00:00,3.3,3.53,3.3,3.53,3102020,HAG
2020-02-07 07:00:00,3.59,3.65,3.53,3.55,1286950,HAG
2020-02-10 07:00:00,3.5,3.55,3.43,3.44,791000,HAG
2020-02-11 07:00:00,3.43,3.47,3.43,3.45,781430,HAG
2020-02-12 07:00:00,3.5,3.61,3.46,3.58,1518950,HAG
2020-02-13 07:00:00,3.57,3.58,3.49,3.5,1299930,HAG
2020-02-14 07:00:00,3.5,3.54,3.47,3.49,915700,HAG
2020-02-17 07:00:00,3.5,3.51,3.47,3.48,853280,HAG
2020-02-18 07:00:00,3.49,3.5,3.47,3.5,979480,HAG
2020-02-19 07:00:00,3.5,3.55,3.5,3.51,1022830,HAG
2020-02-20 07:00:00,3.52,3.55,3.49,3.49,1080760,HAG
2020-02-21 07:00:00,3.49,3.5,3.42,3.44,1359550,HAG
2020-02-24 07:00:00,3.4,3.4,3.2,3.2,4276830,HAG
2020-02-25 07:00:00,3.15,3.35,3.12,3.35,2673010,HAG
2020-02-26 07:00:00,3.3,3.3,3.25,3.26,1070130,HAG
2020-02-27 07:00:00,3.23,3.4,3.23,3.33,1519970,HAG
2020-02-28 07:00:00,3.27,3.31,3.23,3.27,1885160,HAG
2020-03-02 07:00:00,3.26,3.3,3.26,3.27,1185440,HAG
2020-03-03 07:00:00,3.3,3.35,3.3,3.31,1644240,HAG
2020-03-04 07:00:00,3.33,3.54,3.29,3.52,6200000,HAG
2020-03-05 07:00:00,3.54,3.6,3.47,3.48,2057860,HAG
2020-03-06 07:00:00,3.42,3.5,3.42,3.49,1275010,HAG
2020-03-09 07:00:00,3.25,3.45,3.25,3.25,3462110,HAG
2020-03-10 07:00:00,3.1,3.35,3.1,3.26,2074180,HAG
2020-03-11 07:00:00,3.37,3.37,3.15,3.18,3343620,HAG
2020-03-12 07:00:00,3.11,3.13,2.97,3.1,6904540,HAG
2020-03-13 07:00:00,3.01,3.1,2.98,3.09,6240590,HAG
2020-03-16 07:00:00,3.09,3.1,3.0,3.03,1558100,HAG
2020-03-17 07:00:00,3.0,3.03,2.98,3.02,2535800,HAG
2020-03-18 07:00:00,3.08,3.12,3.03,3.03,2425580,HAG
2020-03-19 07:00:00,3.03,3.03,2.91,2.98,2820690,HAG
2020-03-20 07:00:00,2.93,2.99,2.93,2.94,883780,HAG
2020-03-23 07:00:00,2.88,2.9,2.74,2.74,5117500,HAG
2020-03-24 07:00:00,2.74,2.74,2.6,2.72,2849490,HAG
2020-03-25 07:00:00,2.75,2.78,2.69,2.71,2012740,HAG
2020-03-26 07:00:00,2.73,2.78,2.66,2.68,2127350,HAG
2020-03-27 07:00:00,2.68,2.7,2.6,2.66,4166160,HAG
2020-03-30 07:00:00,2.55,2.65,2.48,2.55,3622610,HAG
2020-03-31 07:00:00,2.55,2.63,2.4,2.55,2582740,HAG
2020-04-01 07:00:00,2.45,2.7,2.45,2.69,2050100,HAG
2020-04-03 07:00:00,2.71,2.83,2.71,2.81,2116160,HAG
2020-04-06 07:00:00,2.9,3.0,2.82,3.0,4506840,HAG
2020-04-07 07:00:00,3.12,3.13,2.98,3.1,4339060,HAG
2020-04-08 07:00:00,3.15,3.2,2.98,3.2,3668370,HAG
2020-04-09 07:00:00,3.22,3.25,3.15,3.2,3068640,HAG
2020-04-10 07:00:00,3.19,3.2,3.12,3.14,4432550,HAG
2020-04-13 07:00:00,3.14,3.15,3.03,3.13,2976440,HAG
2020-04-14 07:00:00,3.1,3.14,3.04,3.07,2090410,HAG
2020-04-15 07:00:00,3.07,3.19,3.06,3.11,3224410,HAG
2020-04-16 07:00:00,3.1,3.19,3.1,3.17,1895280,HAG
2020-04-17 07:00:00,3.16,3.2,3.16,3.17,2246120,HAG
2020-04-20 07:00:00,3.2,3.25,3.17,3.17,4678320,HAG
2020-04-21 07:00:00,3.11,3.17,3.07,3.12,4872060,HAG
2020-04-22 07:00:00,3.09,3.17,3.09,3.12,1387350,HAG
2020-04-23 07:00:00,3.12,3.19,3.12,3.16,1456560,HAG
2020-04-24 07:00:00,3.16,3.38,3.13,3.38,11271290,HAG
2020-04-27 07:00:00,3.59,3.6,3.46,3.5,4283020,HAG
2020-04-28 07:00:00,3.47,3.69,3.42,3.64,2885270,HAG
2020-04-29 07:00:00,3.6,3.68,3.54,3.6,4366310,HAG
2020-05-04 07:00:00,3.57,3.6,3.4,3.4,5100170,HAG
2020-05-05 07:00:00,3.4,3.49,3.39,3.46,1735800,HAG
2020-05-06 07:00:00,3.5,3.57,3.45,3.54,1711130,HAG
2020-05-07 07:00:00,3.54,3.61,3.5,3.55,1944360,HAG
2020-05-08 07:00:00,3.6,3.6,3.5,3.52,5525600,HAG
2020-05-11 07:00:00,3.76,3.76,3.51,3.76,4426970,HAG
2020-05-12 07:00:00,3.91,3.96,3.72,3.85,5671790,HAG
2020-05-13 07:00:00,3.83,3.93,3.78,3.86,3320990,HAG
2020-05-14 07:00:00,3.8,3.88,3.77,3.8,4191140,HAG
2020-05-15 07:00:00,3.9,3.94,3.81,3.88,3910060,HAG
2020-05-18 07:00:00,3.88,3.91,3.85,3.86,1673830,HAG
2020-05-19 07:00:00,3.91,3.92,3.85,3.89,4019220,HAG
2020-05-20 07:00:00,3.9,4.16,3.87,4.16,7287380,HAG
2020-05-21 07:00:00,4.2,4.35,4.13,4.14,3774280,HAG
2020-05-22 07:00:00,4.13,4.24,4.07,4.15,3159530,HAG
2020-05-25 07:00:00,4.15,4.19,4.1,4.16,2018710,HAG
2020-05-26 07:00:00,4.17,4.31,4.16,4.23,3518040,HAG
2020-05-27 07:00:00,4.23,4.3,4.14,4.17,4777660,HAG
2020-05-28 07:00:00,4.17,4.27,4.17,4.27,4346920,HAG
2020-05-29 07:00:00,4.26,4.56,4.23,4.56,8186470,HAG
2020-06-01 07:00:00,4.79,4.87,4.66,4.87,3520900,HAG
2020-06-02 07:00:00,5.21,5.21,4.8,4.8,18993150,HAG
2020-06-03 07:00:00,4.8,5.0,4.65,4.75,7849210,HAG
2020-06-04 07:00:00,4.75,5.08,4.73,5.08,11393350,HAG
2020-06-05 07:00:00,5.1,5.42,4.98,5.42,9676400,HAG
2020-06-08 07:00:00,5.5,5.76,5.48,5.75,11774510,HAG
2020-06-09 07:00:00,5.73,5.82,5.5,5.65,12715070,HAG
2020-06-10 07:00:00,5.54,6.0,5.46,5.8,12233960,HAG
2020-06-11 07:00:00,5.85,5.85,5.4,5.4,11594420,HAG
2020-06-12 07:00:00,5.03,5.36,5.03,5.2,11657830,HAG
2020-06-15 07:00:00,5.3,5.31,4.85,4.9,9362250,HAG
2020-06-16 07:00:00,5.0,5.2,4.99,5.19,5399240,HAG
2020-06-17 07:00:00,5.23,5.23,4.99,5.09,3570780,HAG
2020-06-18 07:00:00,5.0,5.06,4.94,4.97,3830320,HAG
2020-06-19 07:00:00,4.93,5.31,4.93,5.23,7301580,HAG
2020-06-22 07:00:00,5.26,5.38,5.19,5.19,3852740,HAG
2020-06-23 07:00:00,5.2,5.35,5.19,5.3,5890640,HAG
2020-06-24 07:00:00,5.28,5.35,5.17,5.22,6303690,HAG
2020-06-25 07:00:00,5.15,5.2,5.08,5.2,2794120,HAG
2020-06-26 07:00:00,5.25,5.32,5.1,5.11,4018230,HAG
2020-06-29 07:00:00,5.11,5.38,5.05,5.2,6805580,HAG
2020-06-30 07:00:00,5.2,5.3,5.04,5.2,3991840,HAG
2020-07-01 07:00:00,5.23,5.27,5.16,5.23,2452040,HAG
2020-07-02 07:00:00,5.23,5.26,5.17,5.23,2706180,HAG
2020-07-03 07:00:00,5.25,5.25,5.2,5.2,2200190,HAG
2020-07-06 07:00:00,5.2,5.21,5.1,5.15,3350470,HAG
2020-07-07 07:00:00,5.11,5.17,4.9,5.02,6386340,HAG
2020-07-08 07:00:00,4.99,5.06,4.95,5.0,3471690,HAG
2020-07-09 07:00:00,5.0,5.1,4.99,5.0,4259110,HAG
2020-07-10 07:00:00,5.02,5.18,5.01,5.05,5894570,HAG
2020-07-13 07:00:00,5.1,5.13,5.01,5.08,2080870,HAG
2020-07-14 07:00:00,5.06,5.06,4.84,4.89,9509420,HAG
2020-07-15 07:00:00,4.9,4.95,4.65,4.65,12488230,HAG
2020-07-16 07:00:00,4.68,4.75,4.65,4.68,2707920,HAG
2020-07-17 07:00:00,4.68,4.68,4.36,4.58,12551460,HAG
2020-07-20 07:00:00,4.55,4.55,4.35,4.37,3206860,HAG
2020-07-21 07:00:00,4.4,4.52,4.37,4.47,3010820,HAG
2020-07-22 07:00:00,4.47,4.5,4.26,4.3,6398070,HAG
2020-07-23 07:00:00,4.3,4.33,4.11,4.33,4224410,HAG
2020-07-24 07:00:00,4.21,4.33,4.03,4.03,8589770,HAG
2020-07-27 07:00:00,3.75,3.85,3.75,3.75,7987120,HAG
2020-07-28 07:00:00,3.6,3.96,3.6,3.86,8791240,HAG
2020-07-29 07:00:00,3.73,3.78,3.59,3.74,7941990,HAG
2020-07-30 07:00:00,3.74,3.76,3.69,3.73,2249220,HAG
2020-07-31 07:00:00,3.6,3.83,3.58,3.8,4820380,HAG
2020-08-03 07:00:00,3.86,3.96,3.79,3.87,6501040,HAG
2020-08-04 07:00:00,3.9,3.94,3.84,3.87,6105280,HAG
2020-08-05 07:00:00,3.89,3.94,3.84,3.93,4045360,HAG
2020-08-06 07:00:00,3.93,4.15,3.87,4.11,7519390,HAG
2020-08-07 07:00:00,4.11,4.18,4.03,4.06,4486170,HAG
2020-08-10 07:00:00,4.01,4.12,3.99,4.05,5835720,HAG
2020-08-11 07:00:00,4.05,4.09,3.96,4.05,4662630,HAG
2020-08-12 07:00:00,4.04,4.05,3.98,4.02,2371180,HAG
2020-08-13 07:00:00,4.03,4.16,4.01,4.12,4089350,HAG
2020-08-14 07:00:00,4.12,4.14,4.02,4.05,3211710,HAG
2020-08-17 07:00:00,4.04,4.05,3.97,4.01,2535300,HAG
2020-08-18 07:00:00,4.0,4.06,3.97,4.01,2626750,HAG
2020-08-19 07:00:00,4.01,4.29,3.99,4.29,10234870,HAG
2020-08-20 07:00:00,4.3,4.45,4.23,4.26,7536870,HAG
2020-08-21 07:00:00,4.28,4.32,4.24,4.28,2078220,HAG
2020-08-24 07:00:00,4.28,4.3,4.17,4.28,7254780,HAG
2020-08-25 07:00:00,4.28,4.3,4.21,4.21,6147410,HAG
2020-08-26 07:00:00,4.21,4.29,4.17,4.2,5814110,HAG
2020-08-27 07:00:00,4.19,4.41,4.16,4.34,7980220,HAG
2020-08-28 07:00:00,4.37,4.41,4.25,4.25,3615000,HAG
2020-08-31 07:00:00,4.38,4.38,4.25,4.26,5841860,HAG
2020-09-01 07:00:00,4.26,4.37,4.23,4.33,6999140,HAG
2020-09-03 07:00:00,4.35,4.39,4.28,4.31,3294380,HAG
2020-09-04 07:00:00,4.2,4.39,4.2,4.35,7949550,HAG
2020-09-07 07:00:00,4.37,4.65,4.37,4.6,24336780,HAG
2020-09-08 07:00:00,4.66,4.7,4.5,4.61,7470830,HAG
2020-09-09 07:00:00,4.52,4.9,4.52,4.83,10190870,HAG
2020-09-10 07:00:00,4.85,4.89,4.75,4.79,8369740,HAG
2020-09-11 07:00:00,4.76,4.93,4.74,4.9,8522890,HAG
2020-09-14 07:00:00,4.91,4.93,4.85,4.87,5768170,HAG
2020-09-15 07:00:00,4.93,4.93,4.67,4.67,8610810,HAG
2020-09-16 07:00:00,4.68,4.75,4.61,4.63,5513180,HAG
2020-09-17 07:00:00,4.63,4.78,4.62,4.72,6459110,HAG
2020-09-18 07:00:00,4.72,4.75,4.62,4.64,6114910,HAG
2020-09-21 07:00:00,4.65,4.68,4.56,4.59,6459480,HAG
2020-09-22 07:00:00,4.56,4.58,4.47,4.55,10541580,HAG
2020-09-23 07:00:00,4.55,4.67,4.55,4.6,3047820,HAG
2020-09-24 07:00:00,4.6,4.66,4.57,4.6,3857030,HAG
2020-09-25 07:00:00,4.61,4.61,4.54,4.57,3472520,HAG
2020-09-28 07:00:00,4.57,4.6,4.52,4.57,4203390,HAG
2020-09-29 07:00:00,4.61,4.62,4.4,4.56,8274800,HAG
2020-09-30 07:00:00,4.56,4.6,4.5,4.56,2097030,HAG
2020-10-01 07:00:00,4.58,4.58,4.51,4.55,2098660,HAG
2020-10-02 07:00:00,4.51,4.58,4.44,4.54,4819580,HAG
2020-10-05 07:00:00,4.54,4.75,4.51,4.71,9345570,HAG
2020-10-06 07:00:00,4.75,4.75,4.57,4.69,5195620,HAG
2020-10-07 07:00:00,4.68,4.93,4.62,4.85,12586830,HAG
2020-10-08 07:00:00,4.85,4.93,4.75,4.8,8815320,HAG
2020-10-09 07:00:00,4.79,4.8,4.6,4.68,4807460,HAG
2020-10-12 07:00:00,4.7,4.72,4.5,4.5,8229570,HAG
2020-10-13 07:00:00,4.52,4.67,4.49,4.64,8362670,HAG
2020-10-14 07:00:00,4.96,4.96,4.96,4.96,5650810,HAG
2020-10-15 07:00:00,5.3,5.3,4.99,5.03,32371800,HAG
2020-10-16 07:00:00,5.01,5.05,4.9,4.9,7871120,HAG
2020-10-19 07:00:00,4.91,5.01,4.84,4.91,9808080,HAG
2020-10-20 07:00:00,4.87,4.95,4.8,4.85,6861810,HAG
2020-10-21 07:00:00,4.85,4.9,4.75,4.75,5354680,HAG
2020-10-22 07:00:00,4.75,4.77,4.67,4.72,6067690,HAG
2020-10-23 07:00:00,4.73,4.97,4.73,4.87,7036750,HAG
2020-10-26 07:00:00,4.94,4.94,4.78,4.78,5651330,HAG
2020-10-27 07:00:00,4.71,4.77,4.65,4.65,5175710,HAG
2020-10-28 07:00:00,4.63,4.68,4.5,4.5,7891790,HAG
2020-10-29 07:00:00,4.47,4.5,4.44,4.45,5549170,HAG
2020-10-30 07:00:00,4.7,4.7,4.45,4.54,5751830,HAG
2020-11-02 07:00:00,4.54,4.65,4.46,4.65,5194820,HAG
2020-11-03 07:00:00,4.65,4.66,4.57,4.6,3040730,HAG
2020-11-04 07:00:00,4.56,4.63,4.56,4.62,2766340,HAG
2020-11-05 07:00:00,4.6,4.61,4.55,4.6,2956260,HAG
2020-11-06 07:00:00,4.59,4.61,4.54,4.57,1698430,HAG
2020-11-09 07:00:00,4.57,4.6,4.53,4.56,6586140,HAG
2020-11-10 07:00:00,4.61,4.61,4.5,4.52,4566050,HAG
2020-11-11 07:00:00,4.49,4.58,4.47,4.47,5224140,HAG
2020-11-12 07:00:00,4.47,4.49,4.29,4.46,8238730,HAG
2020-11-13 07:00:00,4.45,4.55,4.4,4.53,3060350,HAG
2020-11-16 07:00:00,4.54,4.57,4.45,4.53,4067680,HAG
2020-11-17 07:00:00,4.5,4.57,4.48,4.54,3239760,HAG
2020-11-18 07:00:00,4.53,4.54,4.47,4.48,4610700,HAG
2020-11-19 07:00:00,4.5,4.5,4.41,4.42,4658560,HAG
2020-11-20 07:00:00,4.42,4.55,4.42,4.55,8506950,HAG
2020-11-23 07:00:00,4.7,4.7,4.5,4.5,10759930,HAG
2020-11-24 07:00:00,4.5,4.53,4.4,4.45,7243290,HAG
2020-11-25 07:00:00,4.45,4.68,4.43,4.58,12097240,HAG
2020-11-26 07:00:00,4.6,4.79,4.55,4.77,18021000,HAG
2020-11-27 07:00:00,4.74,4.78,4.65,4.65,7053510,HAG
2020-11-30 07:00:00,4.7,4.7,4.52,4.52,10417420,HAG
2020-12-01 07:00:00,4.46,4.66,4.45,4.59,16270430,HAG
2020-12-02 07:00:00,4.59,4.64,4.53,4.53,6406140,HAG
2020-12-03 07:00:00,4.54,4.6,4.5,4.54,7261060,HAG
2020-12-04 07:00:00,4.59,4.79,4.55,4.69,16828160,HAG
2020-12-07 07:00:00,4.69,4.85,4.67,4.76,12205440,HAG
2020-12-08 07:00:00,4.76,4.77,4.65,4.69,7450580,HAG
2020-12-09 07:00:00,4.7,4.73,4.65,4.68,8490020,HAG
2020-12-10 07:00:00,4.82,4.95,4.74,4.74,19053680,HAG
2020-12-11 07:00:00,4.76,4.79,4.68,4.73,3993570,HAG
2020-12-14 07:00:00,4.74,4.83,4.7,4.81,9965120,HAG
2020-12-15 07:00:00,4.82,5.1,4.76,4.95,30066630,HAG
2020-12-16 07:00:00,5.05,5.2,5.0,5.2,20456650,HAG
2020-12-17 07:00:00,5.1,5.39,5.1,5.15,15616470,HAG
2020-12-18 07:00:00,5.15,5.27,5.1,5.19,12691250,HAG
2020-12-21 07:00:00,5.25,5.4,5.1,5.33,20723610,HAG
2020-12-22 07:00:00,5.32,5.39,5.25,5.37,10895410,HAG
2020-12-23 07:00:00,5.5,5.5,5.2,5.2,14605930,HAG
2020-12-24 07:00:00,5.2,5.25,4.9,5.13,17899020,HAG
2020-12-25 07:00:00,5.13,5.24,5.06,5.2,10311450,HAG
2020-12-28 07:00:00,5.24,5.55,5.18,5.41,23363290,HAG
2020-12-29 07:00:00,5.4,5.55,5.32,5.46,14546600,HAG
2020-12-30 07:00:00,5.49,5.5,5.28,5.28,10740400,HAG
2020-12-31 07:00:00,5.3,5.34,5.2,5.25,10764840,HAG
2021-01-04 07:00:00,5.28,5.4,5.23,5.29,10403500,HAG
2021-01-05 07:00:00,5.29,5.4,5.25,5.36,10129300,HAG
2021-01-06 07:00:00,5.37,5.4,5.26,5.28,11937800,HAG
2021-01-07 07:00:00,5.49,5.64,5.4,5.64,16564100,HAG
2021-01-08 07:00:00,6.03,6.03,5.93,6.03,40593900,HAG
2021-01-11 07:00:00,6.03,6.4,6.03,6.36,30196600,HAG
2021-01-12 07:00:00,6.36,6.36,6.1,6.27,15004100,HAG
2021-01-13 07:00:00,6.2,6.26,5.98,6.0,29419900,HAG
2021-01-14 07:00:00,6.0,6.12,5.97,6.07,21102300,HAG
2021-01-15 07:00:00,6.11,6.45,6.1,6.39,20927400,HAG
2021-01-18 07:00:00,6.4,6.41,6.26,6.3,17333400,HAG
2021-01-19 07:00:00,6.29,6.29,5.86,5.86,17961600,HAG
2021-01-20 07:00:00,5.73,5.8,5.45,5.7,21965300,HAG
2021-01-21 07:00:00,5.8,6.03,5.68,6.0,10887700,HAG
2021-01-22 07:00:00,6.0,6.07,5.78,5.8,12360200,HAG
2021-01-25 07:00:00,5.78,6.01,5.7,5.83,9533700,HAG
2021-01-26 07:00:00,5.82,5.83,5.43,5.53,16228800,HAG
2021-01-27 07:00:00,5.41,5.52,5.15,5.15,16168400,HAG
2021-01-28 07:00:00,4.79,4.96,4.79,4.79,12245600,HAG
2021-01-29 07:00:00,4.48,5.02,4.48,4.83,11360900,HAG
2021-02-01 07:00:00,4.62,4.8,4.5,4.5,14218000,HAG
2021-02-02 07:00:00,4.4,4.4,4.19,4.26,9407600,HAG
2021-02-03 07:00:00,4.35,4.47,4.29,4.45,7839200,HAG
2021-02-04 07:00:00,4.55,4.58,4.44,4.46,6447700,HAG
2021-02-05 07:00:00,4.49,4.56,4.46,4.56,5949400,HAG
2021-02-08 07:00:00,4.56,4.59,4.25,4.33,8486100,HAG
2021-02-09 07:00:00,4.33,4.6,4.27,4.56,6052700,HAG
2021-02-17 07:00:00,4.63,4.83,4.56,4.83,6834800,HAG
2021-02-18 07:00:00,4.85,4.94,4.7,4.85,7626900,HAG
2021-02-19 07:00:00,4.8,4.88,4.75,4.81,4895400,HAG
2021-02-22 07:00:00,4.81,4.86,4.76,4.79,6204600,HAG
2021-02-23 07:00:00,4.78,4.78,4.64,4.68,9812600,HAG
2021-02-24 07:00:00,4.64,4.73,4.54,4.62,6099000,HAG
2021-02-25 07:00:00,4.64,4.65,4.51,4.6,5758100,HAG
2021-02-26 07:00:00,4.55,4.79,4.5,4.7,5009800,HAG
2021-03-01 07:00:00,4.67,4.71,4.61,4.7,4047200,HAG
2021-03-02 07:00:00,4.72,4.74,4.68,4.71,4822900,HAG
2021-03-03 07:00:00,4.71,4.85,4.68,4.83,5159000,HAG
2021-03-04 07:00:00,4.86,5.0,4.7,4.8,10400000,HAG
2021-03-05 07:00:00,4.8,4.86,4.7,4.84,4032800,HAG
2021-03-08 07:00:00,4.9,4.9,4.8,4.85,6169400,HAG
2021-03-09 07:00:00,4.85,5.1,4.8,5.0,11844800,HAG
2021-03-10 07:00:00,5.0,5.16,5.0,5.14,10230600,HAG
2021-03-11 07:00:00,5.15,5.19,5.1,5.11,7436800,HAG
2021-03-12 07:00:00,5.1,5.11,5.03,5.06,9474600,HAG
2021-03-15 07:00:00,5.1,5.35,5.06,5.24,11483000,HAG
2021-03-16 07:00:00,5.28,5.28,5.15,5.23,7626200,HAG
2021-03-17 07:00:00,5.23,5.4,5.18,5.22,7740400,HAG
2021-03-18 07:00:00,5.25,5.26,5.2,5.22,5832800,HAG
2021-03-19 07:00:00,5.2,5.22,5.11,5.19,6035100,HAG
2021-03-22 07:00:00,5.2,5.32,5.17,5.26,7187100,HAG
2021-03-23 07:00:00,5.22,5.27,5.21,5.23,6369000,HAG
2021-03-24 07:00:00,5.2,5.23,5.1,5.19,6594300,HAG
2021-03-25 07:00:00,5.19,5.22,5.1,5.15,5748900,HAG
2021-03-26 07:00:00,5.1,5.15,4.9,5.13,7356600,HAG
2021-03-29 07:00:00,5.15,5.48,5.0,5.48,14077800,HAG
2021-03-30 07:00:00,5.63,5.8,5.51,5.59,9722700,HAG
2021-03-31 07:00:00,5.58,5.65,5.5,5.55,6958600,HAG
2021-04-01 07:00:00,5.5,5.66,5.5,5.58,6140900,HAG
2021-04-02 07:00:00,5.6,5.75,5.58,5.66,7963000,HAG
2021-04-05 07:00:00,5.75,5.75,5.63,5.66,7701400,HAG
2021-04-06 07:00:00,5.66,5.7,5.61,5.66,7438700,HAG
2021-04-07 07:00:00,5.66,5.83,5.63,5.72,9222000,HAG
2021-04-08 07:00:00,5.8,5.8,5.69,5.74,7675800,HAG
2021-04-09 07:00:00,5.75,5.9,5.72,5.83,9043400,HAG
2021-04-12 07:00:00,5.83,6.23,5.83,6.23,27451200,HAG
2021-04-13 07:00:00,6.3,6.3,6.01,6.09,18308600,HAG
2021-04-14 07:00:00,6.0,6.32,5.96,6.05,18952100,HAG
2021-04-15 07:00:00,6.12,6.23,6.05,6.09,16065500,HAG
2021-04-16 07:00:00,6.08,6.14,5.78,5.99,15604600,HAG
2021-04-19 07:00:00,6.0,6.0,5.7,5.92,12101300,HAG
2021-04-20 07:00:00,5.81,5.92,5.8,5.81,10234900,HAG
2021-04-22 07:00:00,5.41,5.41,5.41,5.41,19219200,HAG
2021-04-23 07:00:00,5.04,5.04,5.04,5.04,12462200,HAG
2021-04-26 07:00:00,5.2,5.36,5.06,5.33,23731600,HAG
2021-04-27 07:00:00,5.3,5.43,5.23,5.3,5584800,HAG
2021-04-28 07:00:00,5.24,5.4,5.19,5.4,5140000,HAG
2021-04-29 07:00:00,5.4,5.6,5.3,5.44,5458600,HAG
2021-05-04 07:00:00,5.2,5.35,5.06,5.28,8044500,HAG
2021-05-05 07:00:00,5.2,5.36,5.19,5.36,6526400,HAG
2021-05-06 07:00:00,5.36,5.38,5.25,5.36,5110700,HAG
2021-05-07 07:00:00,5.36,5.36,5.22,5.3,7670800,HAG
2021-05-10 07:00:00,5.2,5.29,5.2,5.25,8711800,HAG
2021-05-11 07:00:00,5.21,5.31,5.19,5.24,4426500,HAG
2021-05-12 07:00:00,5.24,5.6,5.2,5.6,9452500,HAG
2021-05-13 07:00:00,5.65,5.75,5.56,5.58,7839600,HAG
2021-05-14 07:00:00,5.57,5.65,5.51,5.57,4012100,HAG
2021-05-17 07:00:00,5.5,5.6,5.4,5.41,5258800,HAG
2021-05-18 07:00:00,5.32,5.35,5.27,5.29,2422100,HAG
2021-05-19 07:00:00,5.29,5.37,5.25,5.25,3027400,HAG
2021-05-20 07:00:00,5.25,5.25,5.18,5.18,2861600,HAG
2021-05-21 07:00:00,5.13,5.36,5.13,5.24,1958800,HAG
2021-05-24 07:00:00,5.24,5.34,5.22,5.22,1959000,HAG
2021-05-25 07:00:00,5.28,5.3,5.2,5.25,3205100,HAG
2021-05-26 07:00:00,5.25,5.53,5.18,5.35,4893800,HAG
2021-05-27 07:00:00,5.35,5.37,5.18,5.2,2263900,HAG
2021-05-28 07:00:00,5.15,5.25,5.15,5.22,3367500,HAG
2021-05-31 07:00:00,5.18,5.2,5.13,5.13,3396200,HAG
2021-06-01 07:00:00,5.12,5.16,5.1,5.11,2763600,HAG
2021-06-02 07:00:00,5.06,5.25,5.06,5.21,3123300,HAG
2021-06-03 07:00:00,5.21,5.31,5.21,5.26,4554400,HAG
2021-06-04 07:00:00,5.4,5.45,5.26,5.28,6069800,HAG
2021-06-07 07:00:00,5.2,5.39,5.18,5.38,4262200,HAG
2021-06-08 07:00:00,5.45,5.6,5.3,5.46,9836100,HAG
2021-06-09 07:00:00,5.41,5.49,5.35,5.49,4542500,HAG
2021-06-10 07:00:00,5.49,5.65,5.43,5.5,5722700,HAG
2021-06-11 07:00:00,5.49,5.58,5.46,5.49,3010100,HAG
2021-06-14 07:00:00,5.6,5.8,5.56,5.72,8094800,HAG
2021-06-15 07:00:00,5.79,6.09,5.71,6.01,11079000,HAG
2021-06-16 07:00:00,6.0,6.05,5.8,6.02,8705400,HAG
2021-06-17 07:00:00,5.95,6.03,5.91,6.0,4896500,HAG
2021-06-18 07:00:00,6.1,6.15,5.95,6.05,6906600,HAG
2021-06-21 07:00:00,6.05,6.34,5.98,6.2,12329900,HAG
2021-06-22 07:00:00,6.2,6.3,6.14,6.16,8541100,HAG
2021-06-23 07:00:00,6.14,6.2,6.06,6.11,7816400,HAG
2021-06-24 07:00:00,6.1,6.11,5.99,6.01,5685500,HAG
2021-06-25 07:00:00,5.95,6.09,5.95,6.0,3208700,HAG
2021-06-28 07:00:00,6.0,6.1,6.0,6.01,2961000,HAG
2021-06-29 07:00:00,6.01,6.04,5.96,6.04,4968200,HAG
2021-06-30 07:00:00,5.92,6.02,5.9,5.9,2467400,HAG
2021-07-01 07:00:00,5.9,5.91,5.78,5.8,5294800,HAG
2021-07-02 07:00:00,5.82,5.84,5.72,5.75,3777800,HAG
2021-07-05 07:00:00,5.7,5.75,5.51,5.55,4238900,HAG
2021-07-06 07:00:00,5.49,5.67,5.33,5.33,1868900,HAG
2021-07-07 07:00:00,5.34,5.4,5.2,5.2,3965300,HAG
2021-07-08 07:00:00,5.2,5.42,5.2,5.34,2930900,HAG
2021-07-09 07:00:00,5.35,5.4,5.2,5.22,1741100,HAG
2021-07-12 07:00:00,5.2,5.2,4.86,4.86,5319600,HAG
2021-07-13 07:00:00,4.9,5.1,4.8,5.1,2133700,HAG
2021-07-14 07:00:00,5.18,5.18,4.98,5.1,1665000,HAG
2021-07-15 07:00:00,5.05,5.16,5.0,5.11,928700,HAG
2021-07-16 07:00:00,5.11,5.15,5.06,5.09,1749600,HAG
2021-07-19 07:00:00,4.95,5.0,4.78,4.91,2623900,HAG
2021-07-20 07:00:00,4.85,4.96,4.79,4.96,1233800,HAG
2021-07-21 07:00:00,4.96,4.99,4.88,4.95,1065400,HAG
2021-07-22 07:00:00,4.94,5.1,4.87,5.05,1950900,HAG
2021-07-23 07:00:00,5.05,5.05,4.9,4.9,1153300,HAG
2021-07-26 07:00:00,4.56,4.9,4.56,4.78,9897800,HAG
2021-07-27 07:00:00,5.0,5.08,4.85,5.0,3466700,HAG
2021-07-28 07:00:00,5.07,5.14,4.98,5.0,2519900,HAG
2021-07-29 07:00:00,4.99,5.07,4.97,5.04,2708800,HAG
2021-07-30 07:00:00,5.04,5.05,5.0,5.01,1955000,HAG
2021-08-02 07:00:00,5.01,5.15,4.99,5.04,3183800,HAG
2021-08-03 07:00:00,5.05,5.12,5.04,5.09,2494700,HAG
2021-08-04 07:00:00,5.11,5.3,5.09,5.15,4015500,HAG
2021-08-05 07:00:00,5.29,5.48,5.2,5.46,4535400,HAG
2021-08-06 07:00:00,5.5,5.6,5.37,5.45,4262200,HAG
2021-08-09 07:00:00,5.39,5.45,5.31,5.4,3367000,HAG
2021-08-10 07:00:00,5.4,5.41,5.35,5.39,4435300,HAG
2021-08-11 07:00:00,5.35,5.4,5.35,5.36,3117700,HAG
2021-08-12 07:00:00,5.32,5.36,5.25,5.25,3065700,HAG
2021-08-13 07:00:00,5.25,5.32,5.1,5.2,2470400,HAG
2021-08-16 07:00:00,5.2,5.25,5.12,5.16,4073000,HAG
2021-08-17 07:00:00,5.16,5.3,5.16,5.27,4437900,HAG
2021-08-18 07:00:00,5.25,5.35,5.23,5.25,2034900,HAG
2021-08-19 07:00:00,5.23,5.25,5.11,5.11,3895000,HAG
2021-08-20 07:00:00,5.11,5.15,4.95,5.11,5324300,HAG
2021-08-23 07:00:00,5.05,5.11,4.95,5.0,2383000,HAG
2021-08-24 07:00:00,5.0,5.11,4.97,5.0,1963400,HAG
2021-08-25 07:00:00,5.0,5.03,4.97,5.0,1585900,HAG
2021-08-26 07:00:00,5.02,5.09,4.98,5.02,1782600,HAG
2021-08-27 07:00:00,5.03,5.05,4.99,5.05,2399200,HAG
2021-08-30 07:00:00,5.05,5.08,5.02,5.05,2366500,HAG
2021-08-31 07:00:00,5.05,5.18,5.03,5.1,2460700,HAG
2021-09-01 07:00:00,5.1,5.2,5.07,5.13,2245000,HAG
2021-09-06 07:00:00,5.13,5.26,5.08,5.18,3919000,HAG
2021-09-07 07:00:00,5.2,5.21,5.05,5.1,2362400,HAG
2021-09-08 07:00:00,5.07,5.09,4.96,5.04,2633300,HAG
2021-09-09 07:00:00,5.02,5.07,4.95,5.07,3154900,HAG
2021-09-10 07:00:00,4.95,5.05,4.94,4.98,3304400,HAG
2021-09-13 07:00:00,4.99,5.1,4.95,5.1,6175000,HAG
2021-09-14 07:00:00,5.08,5.09,5.0,5.01,2158600,HAG
2021-09-15 07:00:00,5.02,5.04,4.99,5.01,2720000,HAG
2021-09-16 07:00:00,5.0,5.02,4.97,5.0,3228800,HAG
2021-09-17 07:00:00,5.0,5.29,5.0,5.15,7017700,HAG
2021-09-20 07:00:00,5.2,5.33,5.13,5.2,7549500,HAG
2021-09-21 07:00:00,5.1,5.18,5.07,5.13,4167200,HAG
2021-09-22 07:00:00,5.2,5.48,5.2,5.48,20849000,HAG
2021-09-23 07:00:00,5.6,5.64,5.2,5.24,10404900,HAG
2021-09-24 07:00:00,5.31,5.34,5.22,5.24,3776400,HAG
2021-09-27 07:00:00,5.21,5.22,5.01,5.01,7771300,HAG
2021-09-28 07:00:00,4.97,5.09,4.97,5.06,4070400,HAG
2021-09-29 07:00:00,5.09,5.16,5.02,5.07,4797900,HAG
2021-09-30 07:00:00,5.08,5.13,5.05,5.06,3290900,HAG
2021-10-01 07:00:00,5.02,5.09,5.0,5.0,3523100,HAG
2021-10-04 07:00:00,5.01,5.06,4.98,5.0,3232100,HAG
2021-10-05 07:00:00,5.03,5.04,4.99,5.01,2704100,HAG
2021-10-06 07:00:00,5.0,5.1,5.0,5.03,5928900,HAG
2021-10-07 07:00:00,5.04,5.08,5.03,5.04,3991600,HAG
2021-10-08 07:00:00,5.05,5.2,5.04,5.09,4815200,HAG
2021-10-11 07:00:00,5.12,5.13,5.04,5.04,6593900,HAG
2021-10-12 07:00:00,5.04,5.08,5.0,5.02,5796300,HAG
2021-10-13 07:00:00,5.01,5.07,5.01,5.04,4711100,HAG
2021-10-14 07:00:00,5.03,5.28,5.03,5.2,13603100,HAG
2021-10-15 07:00:00,5.2,5.24,5.08,5.1,3933300,HAG
2021-10-18 07:00:00,5.16,5.16,5.07,5.07,2855200,HAG
2021-10-19 07:00:00,5.07,5.1,5.04,5.04,4810200,HAG
2021-10-20 07:00:00,5.04,5.08,5.02,5.04,6181700,HAG
2021-10-21 07:00:00,5.06,5.15,5.04,5.08,7123500,HAG
2021-10-22 07:00:00,5.08,5.12,5.04,5.05,6204300,HAG
2021-10-25 07:00:00,5.06,5.08,5.04,5.05,12021600,HAG
2021-10-26 07:00:00,5.06,5.08,5.02,5.03,7724500,HAG
2021-10-27 07:00:00,5.05,5.06,5.02,5.04,9479500,HAG
2021-10-28 07:00:00,5.05,5.27,5.05,5.16,20260000,HAG
2021-10-29 07:00:00,5.24,5.24,5.14,5.15,9104300,HAG
2021-11-01 07:00:00,5.4,5.51,5.33,5.51,29931400,HAG
2021-11-02 07:00:00,5.7,5.75,5.55,5.56,25670600,HAG
2021-11-03 07:00:00,5.64,5.65,5.35,5.36,20016000,HAG
2021-11-04 07:00:00,5.35,5.45,5.25,5.37,12477400,HAG
2021-11-05 07:00:00,5.5,5.74,5.48,5.74,33020700,HAG
2021-11-08 07:00:00,6.14,6.14,6.0,6.14,23883300,HAG
2021-11-09 07:00:00,6.53,6.56,6.22,6.56,45006400,HAG
2021-11-10 07:00:00,6.56,6.89,6.45,6.7,26083300,HAG
2021-11-11 07:00:00,6.69,7.16,6.56,7.13,38787400,HAG
2021-11-12 07:00:00,7.01,7.62,7.01,7.62,42283700,HAG
2021-11-15 07:00:00,7.98,8.15,7.7,8.15,34541700,HAG
2021-11-16 07:00:00,8.0,8.62,7.7,8.28,36387300,HAG
2021-11-17 07:00:00,8.14,8.5,7.99,8.2,30650000,HAG
2021-11-18 07:00:00,8.2,8.69,8.11,8.61,26427200,HAG
2021-11-19 07:00:00,8.7,8.85,8.01,8.01,36244000,HAG
2021-11-22 07:00:00,7.8,7.98,7.45,7.45,39898700,HAG
2021-11-23 07:00:00,6.93,7.32,6.93,7.15,35565000,HAG
2021-11-24 07:00:00,7.34,7.59,7.0,7.06,17658100,HAG
2021-11-25 07:00:00,7.0,7.5,6.7,7.5,24158600,HAG
2021-11-26 07:00:00,7.78,7.78,7.19,7.2,19827900,HAG
2021-11-29 07:00:00,6.9,7.7,6.9,7.7,18009500,HAG
2021-11-30 07:00:00,8.23,8.23,8.0,8.23,39204800,HAG
2021-12-01 07:00:00,8.3,8.75,8.25,8.7,31901600,HAG
2021-12-02 07:00:00,8.78,9.15,8.71,8.8,24739300,HAG
2021-12-03 07:00:00,8.6,9.2,8.28,8.8,38149900,HAG
2021-12-06 07:00:00,9.0,9.05,8.5,8.63,27811200,HAG
2021-12-07 07:00:00,8.78,9.23,8.66,9.23,36507500,HAG
2021-12-08 07:00:00,9.8,9.87,9.6,9.87,38298600,HAG
2021-12-09 07:00:00,9.7,10.55,9.65,10.2,48775500,HAG
2021-12-10 07:00:00,10.0,10.8,9.88,10.55,30816400,HAG
2021-12-13 07:00:00,10.9,11.25,10.55,11.25,16543600,HAG
2021-12-14 07:00:00,11.8,12.0,11.35,12.0,57953800,HAG
2021-12-15 07:00:00,12.0,12.75,11.55,12.2,38318000,HAG
2021-12-16 07:00:00,12.1,13.05,11.8,13.05,26516600,HAG
2021-12-17 07:00:00,13.1,13.8,12.15,12.15,34726800,HAG
2021-12-20 07:00:00,11.5,12.75,11.45,12.75,48861900,HAG
2021-12-21 07:00:00,13.0,13.6,12.75,13.6,30251400,HAG
2021-12-22 07:00:00,14.0,14.55,13.8,14.5,27611500,HAG
2021-12-23 07:00:00,14.45,15.35,13.9,14.9,45357300,HAG
2021-12-24 07:00:00,15.0,15.35,14.0,14.2,29463400,HAG
2021-12-27 07:00:00,14.2,14.7,13.8,14.5,24042600,HAG
2021-12-28 07:00:00,14.45,14.8,13.55,13.55,49657000,HAG
2021-12-29 07:00:00,13.75,14.45,13.55,14.45,30448700,HAG
2021-12-30 07:00:00,14.55,15.1,14.0,14.25,16190700,HAG
2021-12-31 07:00:00,14.05,14.25,13.3,13.3,43159100,HAG
2022-01-04 07:00:00,13.45,13.75,12.8,13.0,33642800,HAG
2022-01-05 07:00:00,13.05,13.9,12.8,13.9,32897500,HAG
2022-01-06 07:00:00,14.2,14.6,14.0,14.2,23986300,HAG
2022-01-07 07:00:00,14.0,14.6,14.0,14.3,31557000,HAG
2022-01-10 07:00:00,14.6,15.3,14.25,15.3,62236100,HAG
2022-01-11 07:00:00,15.7,16.2,15.0,15.25,26730300,HAG
2022-01-12 07:00:00,15.25,15.75,14.2,14.85,41422400,HAG
2022-01-13 07:00:00,14.6,15.1,13.85,14.0,51223000,HAG
2022-01-14 07:00:00,13.2,14.95,13.2,14.95,21655100,HAG
2022-01-17 07:00:00,15.95,15.95,14.8,15.65,44239900,HAG
2022-01-18 07:00:00,15.3,15.75,14.6,14.9,21903300,HAG
2022-01-19 07:00:00,15.2,15.3,13.9,13.9,24798700,HAG
2022-01-20 07:00:00,13.5,14.25,12.95,13.4,31633300,HAG
2022-01-21 07:00:00,13.55,14.2,13.3,13.65,15436500,HAG
2022-01-24 07:00:00,13.6,13.6,12.7,12.7,31142300,HAG
2022-01-25 07:00:00,12.0,12.5,11.85,11.85,37251100,HAG
2022-01-26 07:00:00,11.65,12.65,11.1,12.65,31958300,HAG
2022-01-27 07:00:00,12.9,13.3,12.65,12.65,8091400,HAG
2022-01-28 07:00:00,11.8,12.25,11.8,11.8,38886900,HAG
2022-02-07 07:00:00,12.55,12.55,11.8,11.8,14258300,HAG
2022-02-08 07:00:00,11.8,12.3,11.6,12.2,9469800,HAG
2022-02-09 07:00:00,12.2,12.6,11.9,12.45,11636300,HAG
2022-02-10 07:00:00,12.45,12.95,12.3,12.65,15518200,HAG
2022-02-11 07:00:00,12.5,13.0,12.35,12.4,12232900,HAG
2022-02-14 07:00:00,11.55,11.8,11.55,11.55,11254700,HAG
2022-02-15 07:00:00,10.75,12.3,10.75,11.65,38586200,HAG
2022-02-16 07:00:00,11.9,12.0,11.05,11.1,14089500,HAG
2022-02-17 07:00:00,11.05,11.3,10.65,11.15,13441400,HAG
2022-02-18 07:00:00,10.8,11.7,10.8,11.0,17305700,HAG
2022-02-21 07:00:00,11.0,11.4,10.85,11.3,12208700,HAG
2022-02-22 07:00:00,11.0,11.7,11.0,11.5,16867500,HAG
2022-02-23 07:00:00,11.5,11.8,11.2,11.25,11979700,HAG
2022-02-24 07:00:00,11.15,11.25,10.5,10.5,37187200,HAG
2022-02-25 07:00:00,10.55,10.75,10.1,10.2,21351900,HAG
2022-02-28 07:00:00,10.5,10.7,10.15,10.25,17110300,HAG
2022-03-01 07:00:00,10.3,10.95,10.25,10.95,16658500,HAG
2022-03-02 07:00:00,11.7,11.7,11.2,11.25,23846200,HAG
2022-03-03 07:00:00,11.35,11.5,11.0,11.15,15820500,HAG
2022-03-04 07:00:00,11.0,11.9,11.0,11.9,35337000,HAG
2022-03-07 07:00:00,12.1,12.65,11.8,12.5,21109000,HAG
2022-03-08 07:00:00,12.3,12.5,11.7,11.7,21822800,HAG
2022-03-09 07:00:00,11.75,12.25,11.0,11.95,33982200,HAG
2022-03-10 07:00:00,12.15,12.45,11.95,12.15,18378100,HAG
2022-03-11 07:00:00,12.15,12.75,12.1,12.4,28385500,HAG
2022-03-14 07:00:00,12.1,12.5,11.7,11.7,20617500,HAG
2022-03-15 07:00:00,11.75,12.05,11.55,11.75,14960300,HAG
2022-03-16 07:00:00,11.8,12.0,11.5,11.5,20757100,HAG
2022-03-17 07:00:00,11.5,12.3,11.45,12.1,27219300,HAG
2022-03-18 07:00:00,12.15,12.4,11.9,11.95,11236900,HAG
2022-03-21 07:00:00,12.3,12.45,12.05,12.3,23112900,HAG
2022-03-22 07:00:00,12.3,13.15,12.15,13.15,45151100,HAG
2022-03-23 07:00:00,13.45,13.5,13.05,13.15,20583800,HAG
2022-03-24 07:00:00,13.0,13.8,13.0,13.35,26820100,HAG
2022-03-25 07:00:00,13.3,13.6,13.1,13.15,22591100,HAG
2022-03-28 07:00:00,12.8,13.5,12.3,13.3,41270500,HAG
2022-03-29 07:00:00,13.3,13.5,13.0,13.4,15910200,HAG
2022-03-30 07:00:00,13.2,14.15,13.2,13.65,36486800,HAG
2022-03-31 07:00:00,13.85,13.85,13.1,13.1,21003300,HAG
2022-04-01 07:00:00,12.9,13.3,12.75,13.15,19108700,HAG
2022-04-04 07:00:00,13.4,13.65,13.2,13.35,12858200,HAG
2022-04-05 07:00:00,13.35,13.45,13.1,13.2,10262800,HAG
2022-04-06 07:00:00,13.1,13.55,13.05,13.25,15540500,HAG
2022-04-07 07:00:00,13.3,13.45,13.1,13.3,11936200,HAG
2022-04-08 07:00:00,13.35,13.45,12.4,12.4,41768000,HAG
2022-04-12 07:00:00,12.5,12.65,11.55,11.55,23098600,HAG
2022-04-13 07:00:00,11.55,12.15,11.1,12.15,16036000,HAG
2022-04-14 07:00:00,12.15,12.15,11.3,11.3,21221200,HAG
2022-04-15 07:00:00,11.6,12.05,11.55,12.05,25167300,HAG
2022-04-18 07:00:00,12.0,12.15,11.35,11.6,14370900,HAG
2022-04-19 07:00:00,11.5,11.8,10.85,10.85,15605700,HAG
2022-04-20 07:00:00,10.65,10.95,10.1,10.1,22456400,HAG
2022-04-21 07:00:00,9.55,10.5,9.4,10.1,23914100,HAG
2022-04-22 07:00:00,10.15,10.45,9.63,9.8,13754400,HAG
2022-04-25 07:00:00,9.9,10.15,9.12,9.12,18286200,HAG
2022-04-26 07:00:00,8.9,9.74,8.6,9.74,16597500,HAG
2022-04-27 07:00:00,9.8,10.2,9.5,10.2,14344600,HAG
2022-04-28 07:00:00,10.2,10.45,10.0,10.05,8720800,HAG
2022-04-29 07:00:00,10.0,10.3,9.9,10.2,13825900,HAG
2022-05-04 07:00:00,10.3,10.3,9.9,9.92,10510800,HAG
2022-05-05 07:00:00,10.05,10.1,9.53,9.99,11014500,HAG
2022-05-06 07:00:00,9.6,9.8,9.4,9.4,9996600,HAG
2022-05-09 07:00:00,9.3,9.39,8.75,8.75,16583400,HAG
2022-05-10 07:00:00,8.25,9.19,8.25,9.06,12087100,HAG
2022-05-11 07:00:00,9.1,9.14,8.78,8.96,8522100,HAG
2022-05-12 07:00:00,8.8,8.9,8.34,8.34,10899400,HAG
2022-05-13 07:00:00,8.31,8.5,7.76,7.76,21904700,HAG
2022-05-16 07:00:00,8.2,8.29,7.95,8.05,10651300,HAG
2022-05-17 07:00:00,8.05,8.61,7.97,8.61,10501900,HAG
2022-05-18 07:00:00,9.0,9.2,8.9,9.0,13183700,HAG
2022-05-19 07:00:00,8.74,9.19,8.73,9.03,9474000,HAG
2022-05-20 07:00:00,8.64,9.11,8.6,8.99,20467100,HAG
2022-05-23 07:00:00,9.15,9.35,8.6,8.81,14917700,HAG
2022-05-24 07:00:00,8.84,8.84,8.3,8.72,10733100,HAG
2022-05-25 07:00:00,8.75,9.3,8.75,9.3,12362900,HAG
2022-05-26 07:00:00,9.26,9.45,9.05,9.08,9818000,HAG
2022-05-27 07:00:00,9.28,9.57,9.16,9.41,13695700,HAG
2022-05-30 07:00:00,9.5,9.5,9.31,9.36,6729500,HAG
2022-05-31 07:00:00,9.34,9.54,9.16,9.22,9359200,HAG
2022-06-01 07:00:00,9.22,9.32,9.07,9.25,6874900,HAG
2022-06-02 07:00:00,9.28,9.31,8.9,8.9,11650700,HAG
2022-06-03 07:00:00,8.9,8.97,8.56,8.72,11266500,HAG
2022-06-06 07:00:00,8.68,8.86,8.5,8.5,8740800,HAG
2022-06-07 07:00:00,8.48,8.5,8.0,8.45,11622100,HAG
2022-06-08 07:00:00,8.5,8.87,8.5,8.75,7396000,HAG
2022-06-09 07:00:00,8.8,8.8,8.55,8.56,5312700,HAG
2022-06-10 07:00:00,8.46,8.5,8.18,8.19,10920600,HAG
2022-06-13 07:00:00,7.7,7.88,7.62,7.62,17580000,HAG
2022-06-14 07:00:00,7.55,8.1,7.55,7.83,9480400,HAG
2022-06-15 07:00:00,7.87,7.9,7.3,7.55,8468300,HAG
2022-06-16 07:00:00,7.8,7.8,7.5,7.5,6900900,HAG
2022-06-17 07:00:00,7.1,7.3,6.98,6.98,13112500,HAG
2022-06-20 07:00:00,7.02,7.43,6.7,7.2,14642500,HAG
2022-06-21 07:00:00,7.45,7.7,7.4,7.7,9613500,HAG
2022-06-22 07:00:00,8.19,8.19,7.91,8.0,11791600,HAG
2022-06-23 07:00:00,7.85,8.25,7.7,8.24,11834400,HAG
2022-06-24 07:00:00,8.14,8.4,8.03,8.08,8603300,HAG
2022-06-27 07:00:00,8.15,8.64,8.01,8.64,18979000,HAG
2022-06-28 07:00:00,8.7,9.15,8.54,8.64,15023900,HAG
2022-06-29 07:00:00,8.5,8.82,8.48,8.6,9671200,HAG
2022-06-30 07:00:00,8.65,8.85,8.27,8.32,15511400,HAG
2022-07-01 07:00:00,8.3,8.9,8.22,8.9,23575500,HAG
2022-07-04 07:00:00,9.21,9.52,9.21,9.52,23607600,HAG
2022-07-05 07:00:00,9.7,9.96,9.33,9.42,20345200,HAG
2022-07-06 07:00:00,9.3,10.05,9.3,9.65,29138500,HAG
2022-07-07 07:00:00,9.8,9.89,9.32,9.7,15361300,HAG
2022-07-08 07:00:00,9.8,9.91,9.52,9.62,10756100,HAG
2022-07-11 07:00:00,9.72,10.25,9.65,10.25,25379200,HAG
2022-07-12 07:00:00,10.55,10.75,10.2,10.5,19820600,HAG
2022-07-13 07:00:00,10.6,11.2,10.6,11.0,22353200,HAG
2022-07-14 07:00:00,10.85,11.4,10.45,10.9,23597200,HAG
2022-07-15 07:00:00,10.8,11.3,10.8,11.05,13260500,HAG
2022-07-18 07:00:00,11.4,11.8,11.3,11.7,19942400,HAG
2022-07-19 07:00:00,11.75,12.15,11.5,11.65,23725900,HAG
2022-07-20 07:00:00,11.9,11.9,10.85,10.85,47050700,HAG
2022-07-21 07:00:00,10.8,11.15,10.35,11.1,29657100,HAG
2022-07-22 07:00:00,11.0,11.3,10.7,10.85,9516800,HAG
2022-07-25 07:00:00,10.8,11.4,10.6,11.4,17753000,HAG
2022-07-26 07:00:00,11.4,11.45,10.95,11.0,15321000,HAG
2022-07-27 07:00:00,10.9,11.4,10.7,11.3,13171500,HAG
2022-07-28 07:00:00,11.4,11.7,11.0,11.0,24089900,HAG
2022-07-29 07:00:00,11.0,11.55,11.0,11.15,17267300,HAG
2022-08-01 07:00:00,11.45,11.55,11.1,11.35,16743700,HAG
2022-08-02 07:00:00,11.4,12.1,11.25,12.1,43315500,HAG
2022-08-03 07:00:00,12.25,12.8,12.2,12.3,23943700,HAG
2022-08-04 07:00:00,12.3,12.6,12.15,12.35,16262600,HAG
2022-08-05 07:00:00,12.2,12.7,12.15,12.45,17806000,HAG
2022-08-08 07:00:00,12.35,12.45,11.8,11.85,38129400,HAG
2022-08-09 07:00:00,11.7,12.15,11.7,12.05,15502900,HAG
2022-08-10 07:00:00,11.95,12.2,11.7,11.7,22021700,HAG
2022-08-11 07:00:00,11.8,12.35,11.5,12.2,33082900,HAG
2022-08-12 07:00:00,12.25,12.35,11.95,11.95,11227700,HAG
2022-08-15 07:00:00,12.2,12.6,12.1,12.35,26721500,HAG
2022-08-16 07:00:00,12.35,12.65,12.15,12.3,17740900,HAG
2022-08-17 07:00:00,12.3,12.5,11.65,11.9,27712100,HAG
2022-08-18 07:00:00,11.8,11.95,11.55,11.65,21608300,HAG
2022-08-19 07:00:00,11.65,11.9,11.55,11.65,12374000,HAG
2022-08-22 07:00:00,11.8,12.45,11.75,12.4,31266100,HAG
2022-08-23 07:00:00,12.3,12.6,12.25,12.35,17270000,HAG
2022-08-24 07:00:00,12.6,12.95,12.45,12.65,26786900,HAG
2022-08-25 07:00:00,12.8,12.85,12.55,12.6,10566300,HAG
2022-08-26 07:00:00,12.85,13.1,12.55,12.75,19534100,HAG
2022-08-29 07:00:00,12.5,13.05,12.35,13.05,32047500,HAG
2022-08-30 07:00:00,13.05,13.25,12.85,12.95,11898800,HAG
2022-08-31 07:00:00,12.95,13.3,12.85,12.95,19526300,HAG
2022-09-05 07:00:00,12.95,13.15,12.9,12.95,12128700,HAG
2022-09-06 07:00:00,13.15,13.15,12.45,12.45,30804500,HAG
2022-09-07 07:00:00,12.35,12.7,12.3,12.35,18461900,HAG
2022-09-08 07:00:00,12.5,12.55,11.9,11.9,25852800,HAG
2022-09-09 07:00:00,11.95,12.4,11.7,12.4,17679300,HAG
2022-09-12 07:00:00,12.6,12.9,12.6,12.8,13973700,HAG
2022-09-13 07:00:00,12.8,12.9,12.65,12.85,10506300,HAG
2022-09-14 07:00:00,12.7,13.7,12.5,13.7,40713500,HAG
2022-09-15 07:00:00,13.75,13.9,13.5,13.6,14624100,HAG
2022-09-16 07:00:00,13.5,14.15,13.5,13.6,32672100,HAG
2022-09-19 07:00:00,13.8,14.3,13.3,13.85,36665800,HAG
2022-09-20 07:00:00,14.0,14.1,13.65,13.85,11995700,HAG
2022-09-21 07:00:00,13.7,13.9,13.65,13.65,10396300,HAG
2022-09-22 07:00:00,13.5,13.9,13.35,13.85,23038100,HAG
2022-09-23 07:00:00,14.0,14.6,13.9,13.9,38855700,HAG
2022-09-26 07:00:00,13.5,13.7,13.05,13.7,40963200,HAG
2022-09-27 07:00:00,13.75,14.1,13.45,13.45,22115800,HAG
2022-09-28 07:00:00,13.4,13.5,12.55,12.55,45676500,HAG
2022-09-29 07:00:00,12.75,12.85,12.35,12.4,21694500,HAG
2022-09-30 07:00:00,12.55,13.25,12.25,13.25,31444800,HAG
2022-10-03 07:00:00,13.35,13.45,12.35,12.35,33134200,HAG
2022-10-04 07:00:00,12.45,12.45,11.55,11.8,33603100,HAG
2022-10-05 07:00:00,12.2,12.6,12.05,12.4,15189100,HAG
2022-10-06 07:00:00,12.25,12.3,11.55,11.55,34386100,HAG
2022-10-07 07:00:00,10.75,10.95,10.75,10.75,10664100,HAG
2022-10-10 07:00:00,10.15,11.4,10.15,11.1,29612300,HAG
2022-10-11 07:00:00,11.0,11.1,10.35,10.35,15928700,HAG
2022-10-12 07:00:00,10.3,10.7,9.63,9.63,30895800,HAG
2022-10-13 07:00:00,9.98,10.05,9.61,9.9,16252800,HAG
2022-10-14 07:00:00,10.1,10.3,9.97,10.05,13265800,HAG
2022-10-17 07:00:00,9.98,9.98,9.35,9.46,24976400,HAG
2022-10-18 07:00:00,9.7,9.94,9.47,9.78,11037900,HAG
2022-10-19 07:00:00,9.74,9.94,9.34,9.54,10023200,HAG
2022-10-20 07:00:00,9.5,9.5,8.92,9.05,15249800,HAG
2022-10-21 07:00:00,9.06,9.39,8.45,8.5,20204600,HAG
2022-10-24 07:00:00,8.65,8.95,8.4,8.83,20726000,HAG
2022-10-25 07:00:00,8.85,9.25,8.51,9.03,13651000,HAG
2022-10-26 07:00:00,9.04,9.13,8.64,8.7,8413200,HAG
2022-10-27 07:00:00,8.87,9.3,8.81,9.3,13131600,HAG
2022-10-28 07:00:00,9.3,9.5,9.06,9.1,12447900,HAG
2022-10-31 07:00:00,9.1,9.23,8.47,8.66,15335500,HAG
2022-11-01 07:00:00,8.83,8.94,8.62,8.76,7154300,HAG
2022-11-02 07:00:00,8.8,9.2,8.73,8.99,9848900,HAG
2022-11-03 07:00:00,8.88,9.08,8.8,8.8,7255000,HAG
2022-11-04 07:00:00,8.8,8.8,8.28,8.29,16161500,HAG
2022-11-07 07:00:00,8.18,8.28,7.71,7.71,16642400,HAG
2022-11-08 07:00:00,7.45,7.87,7.41,7.8,9593600,HAG
2022-11-09 07:00:00,8.0,8.2,7.86,7.9,7489600,HAG
2022-11-10 07:00:00,7.7,7.9,7.35,7.35,8920600,HAG
2022-11-11 07:00:00,7.52,7.52,6.84,6.84,16749600,HAG
2022-11-14 07:00:00,6.65,6.8,6.37,6.37,15010500,HAG
2022-11-15 07:00:00,6.2,6.38,5.93,5.93,16001000,HAG
2022-11-16 07:00:00,5.93,6.34,5.64,6.34,10988900,HAG
2022-11-17 07:00:00,6.78,6.78,6.78,6.78,1649800,HAG
2022-11-18 07:00:00,7.25,7.25,7.03,7.25,23756200,HAG
2022-11-21 07:00:00,7.75,7.75,7.54,7.75,16524200,HAG
2022-11-22 07:00:00,7.85,8.29,7.76,7.8,21847600,HAG
2022-11-23 07:00:00,7.68,7.98,7.35,7.35,13129100,HAG
2022-11-24 07:00:00,7.3,7.86,7.15,7.86,10883700,HAG
2022-11-25 07:00:00,8.4,8.41,8.3,8.41,20449700,HAG
2022-11-28 07:00:00,8.94,8.99,8.66,8.96,18237300,HAG
2022-11-29 07:00:00,8.71,9.15,8.51,8.92,23398900,HAG
2022-11-30 07:00:00,8.99,9.4,8.65,9.05,17978800,HAG
2022-12-01 07:00:00,9.25,9.5,8.57,8.81,22614500,HAG
2022-12-02 07:00:00,8.71,9.11,8.41,9.11,21027100,HAG
2022-12-05 07:00:00,9.38,9.4,8.85,8.9,21029500,HAG
2022-12-06 07:00:00,8.7,9.52,8.6,9.52,37700900,HAG
2022-12-07 07:00:00,9.8,10.15,9.1,9.18,27942600,HAG
2022-12-08 07:00:00,9.5,9.7,9.06,9.2,20263300,HAG
2022-12-09 07:00:00,9.4,9.75,9.25,9.41,13752300,HAG
2022-12-12 07:00:00,9.6,9.93,9.01,9.01,19988300,HAG
2022-12-13 07:00:00,9.02,9.4,8.63,9.4,22099900,HAG
2022-12-14 07:00:00,9.55,9.59,9.25,9.25,11879400,HAG
2022-12-15 07:00:00,9.22,9.4,9.05,9.13,9408400,HAG
2022-12-16 07:00:00,9.0,9.29,8.93,9.25,14233700,HAG
2022-12-19 07:00:00,9.2,9.44,8.95,8.95,17075700,HAG
2022-12-20 07:00:00,8.85,9.05,8.33,8.33,32070700,HAG
2022-12-21 07:00:00,8.47,8.91,7.9,8.91,27030900,HAG
2022-12-22 07:00:00,9.19,9.29,8.75,8.9,15240000,HAG
2022-12-23 07:00:00,8.9,8.95,8.62,8.62,9617300,HAG
2022-12-26 07:00:00,8.64,8.68,8.03,8.03,17145100,HAG
2022-12-27 07:00:00,8.08,8.59,8.0,8.59,17934400,HAG
2022-12-28 07:00:00,8.74,8.98,8.58,8.6,13910000,HAG
2022-12-29 07:00:00,8.55,8.95,8.52,8.9,13035200,HAG
2022-12-30 07:00:00,9.0,9.25,8.8,9.16,14436900,HAG
2023-01-03 07:00:00,9.11,9.7,9.01,9.49,23826800,HAG
2023-01-04 07:00:00,9.5,9.58,9.02,9.02,24038800,HAG
2023-01-05 07:00:00,9.1,9.39,9.08,9.35,14414900,HAG
2023-01-06 07:00:00,9.4,9.52,9.11,9.35,15850600,HAG
2023-01-09 07:00:00,9.41,9.45,9.1,9.1,12257600,HAG
2023-01-10 07:00:00,9.02,9.27,8.9,9.11,12828100,HAG
2023-01-11 07:00:00,9.18,9.55,9.11,9.4,17760000,HAG
2023-01-12 07:00:00,9.48,9.57,9.25,9.3,13091400,HAG
2023-01-13 07:00:00,9.4,9.45,9.14,9.14,12124600,HAG
2023-01-16 07:00:00,9.2,9.21,8.92,8.95,15451900,HAG
2023-01-17 07:00:00,9.0,9.1,8.96,9.07,9382900,HAG
2023-01-18 07:00:00,9.12,9.6,9.12,9.43,22986900,HAG
2023-01-19 07:00:00,9.7,9.8,9.56,9.63,16210100,HAG
2023-01-27 07:00:00,9.8,9.83,9.6,9.61,12206600,HAG
2023-01-30 07:00:00,9.58,9.65,9.41,9.41,14313600,HAG
2023-01-31 07:00:00,9.41,9.52,9.22,9.52,16469100,HAG
2023-02-01 07:00:00,9.6,9.64,8.9,8.91,19482800,HAG
2023-02-02 07:00:00,9.0,9.0,8.53,8.55,21851700,HAG
2023-02-03 07:00:00,8.56,8.7,8.5,8.61,9406000,HAG
2023-02-06 07:00:00,8.62,8.85,8.51,8.73,10302800,HAG
2023-02-07 07:00:00,8.84,8.92,8.6,8.6,12110600,HAG
2023-02-08 07:00:00,8.61,8.77,8.33,8.55,10570200,HAG
2023-02-09 07:00:00,8.5,8.66,8.5,8.53,4968300,HAG
2023-02-10 07:00:00,8.53,8.59,8.25,8.25,9192800,HAG
2023-02-13 07:00:00,8.0,8.1,7.68,7.68,24580400,HAG
2023-02-14 07:00:00,7.72,7.79,7.6,7.65,7327300,HAG
2023-02-15 07:00:00,7.75,8.15,7.72,7.98,10443000,HAG
2023-02-16 07:00:00,8.06,8.08,7.9,8.0,6195100,HAG
2023-02-17 07:00:00,8.05,8.14,7.95,7.96,6674800,HAG
2023-02-20 07:00:00,7.96,8.3,7.95,8.3,10769900,HAG
2023-02-21 07:00:00,8.4,8.41,8.2,8.2,9411500,HAG
2023-02-22 07:00:00,8.01,8.14,7.85,7.85,12977200,HAG
2023-02-23 07:00:00,7.85,7.92,7.6,7.92,11341400,HAG
2023-02-24 07:00:00,7.8,7.93,7.76,7.79,5417100,HAG
2023-02-27 07:00:00,7.65,7.68,7.4,7.4,8305800,HAG
2023-02-28 07:00:00,7.5,7.64,7.43,7.45,4637700,HAG
2023-03-01 07:00:00,7.5,7.7,7.36,7.7,6555700,HAG
2023-03-02 07:00:00,7.75,7.76,7.62,7.62,4126800,HAG
2023-03-03 07:00:00,7.63,7.68,7.45,7.45,5079700,HAG
2023-03-06 07:00:00,7.59,7.69,7.44,7.46,4939000,HAG
2023-03-07 07:00:00,7.5,7.54,7.43,7.47,5592300,HAG
2023-03-08 07:00:00,7.45,7.57,7.36,7.55,6579800,HAG
2023-03-09 07:00:00,7.63,7.99,7.61,7.81,12593500,HAG
2023-03-10 07:00:00,7.71,7.81,7.63,7.64,6253800,HAG
2023-03-13 07:00:00,7.5,7.59,7.48,7.49,8079900,HAG
2023-03-14 07:00:00,7.52,7.58,7.35,7.38,8118700,HAG
2023-03-15 07:00:00,7.57,7.6,7.48,7.55,6321400,HAG
2023-03-16 07:00:00,7.37,7.45,7.33,7.39,8783100,HAG
2023-03-17 07:00:00,7.48,7.6,7.38,7.6,8128800,HAG
2023-03-20 07:00:00,7.5,7.54,7.33,7.33,7717800,HAG
2023-03-21 07:00:00,7.4,7.41,7.3,7.34,4256800,HAG
2023-03-22 07:00:00,7.4,7.42,7.34,7.34,3073200,HAG
2023-03-23 07:00:00,7.3,7.32,7.25,7.26,5343500,HAG
2023-03-24 07:00:00,7.35,7.37,7.29,7.3,4659700,HAG
2023-03-27 07:00:00,7.31,7.4,7.27,7.36,5272300,HAG
2023-03-28 07:00:00,7.37,7.54,7.37,7.44,7087900,HAG
2023-03-29 07:00:00,7.44,7.5,7.38,7.39,3626000,HAG
2023-03-30 07:00:00,7.42,7.48,7.36,7.36,4843000,HAG
2023-03-31 07:00:00,7.36,7.39,7.31,7.33,5625700,HAG
2023-04-03 07:00:00,7.39,7.44,7.36,7.39,6172300,HAG
2023-04-04 07:00:00,7.4,7.7,7.4,7.65,15513000,HAG
2023-04-05 07:00:00,7.71,7.71,7.54,7.56,8737100,HAG
2023-04-06 07:00:00,7.57,7.9,7.57,7.6,13362000,HAG
2023-04-07 07:00:00,7.6,7.65,7.45,7.45,8447500,HAG
2023-04-10 07:00:00,7.54,7.75,7.45,7.6,11682700,HAG
2023-04-11 07:00:00,7.59,7.88,7.59,7.82,17114700,HAG
2023-04-12 07:00:00,7.9,7.9,7.68,7.7,10984100,HAG
2023-04-13 07:00:00,7.8,7.87,7.7,7.7,9811700,HAG
2023-04-14 07:00:00,7.76,7.99,7.7,7.7,12085700,HAG
2023-04-17 07:00:00,7.72,8.16,7.72,8.15,22893400,HAG
2023-04-18 07:00:00,8.2,8.24,7.92,7.97,10234500,HAG
2023-04-19 07:00:00,8.0,8.19,7.91,8.15,16247800,HAG
2023-04-20 07:00:00,8.2,8.26,8.03,8.07,8671800,HAG
2023-04-21 07:00:00,8.1,8.14,7.81,7.89,11792800,HAG
2023-04-24 07:00:00,7.91,7.96,7.56,7.6,14936800,HAG
2023-04-25 07:00:00,7.63,7.8,7.39,7.69,16659500,HAG
2023-04-26 07:00:00,7.69,7.7,7.45,7.59,8971500,HAG
2023-04-27 07:00:00,7.59,7.64,7.49,7.5,5975100,HAG
2023-04-28 07:00:00,7.5,7.65,7.31,7.62,17832800,HAG
2023-05-04 07:00:00,7.65,7.75,7.41,7.54,5270300,HAG
2023-05-05 07:00:00,7.54,7.7,7.48,7.51,9055300,HAG
2023-05-08 07:00:00,7.58,8.0,7.52,7.83,17549400,HAG
2023-05-09 07:00:00,7.85,7.9,7.72,7.78,4985000,HAG
2023-05-10 07:00:00,7.78,8.15,7.78,8.05,19192800,HAG
2023-05-11 07:00:00,8.1,8.1,7.85,7.95,8395600,HAG
2023-05-12 07:00:00,7.98,8.05,7.88,8.05,11135000,HAG
2023-05-15 07:00:00,8.06,8.13,7.65,7.65,24596500,HAG
2023-05-16 07:00:00,7.7,7.95,7.63,7.8,11273700,HAG
2023-05-17 07:00:00,7.86,8.02,7.69,7.7,10946600,HAG
2023-05-18 07:00:00,7.75,7.76,7.6,7.64,9787300,HAG
2023-05-19 07:00:00,7.64,7.71,7.6,7.7,6693700,HAG
2023-05-22 07:00:00,7.8,7.9,7.77,7.78,7637100,HAG
2023-05-23 07:00:00,7.86,7.93,7.77,7.83,10264500,HAG
2023-05-24 07:00:00,7.91,7.92,7.72,7.73,7810300,HAG
2023-05-25 07:00:00,7.73,7.75,7.65,7.67,6743500,HAG
2023-05-26 07:00:00,7.78,7.87,7.7,7.77,7810900,HAG
2023-05-29 07:00:00,7.86,8.14,7.83,8.05,24233300,HAG
2023-05-30 07:00:00,8.09,8.12,7.92,7.99,13548600,HAG
2023-05-31 07:00:00,8.0,8.28,7.98,8.18,24059100,HAG
2023-06-01 07:00:00,8.18,8.25,8.07,8.12,12522400,HAG
2023-06-02 07:00:00,8.19,8.19,8.01,8.03,17041300,HAG
2023-06-05 07:00:00,8.11,8.3,8.06,8.11,16393500,HAG
2023-06-06 07:00:00,8.12,8.21,8.12,8.19,9429500,HAG
2023-06-07 07:00:00,8.25,8.28,8.14,8.21,13750300,HAG
2023-06-08 07:00:00,8.25,8.49,8.18,8.18,24024800,HAG
2023-06-09 07:00:00,8.2,8.24,8.0,8.1,15770900,HAG
2023-06-12 07:00:00,8.11,8.22,8.02,8.06,11066600,HAG
2023-06-13 07:00:00,8.12,8.2,8.06,8.11,10474800,HAG
2023-06-14 07:00:00,8.13,8.18,8.01,8.02,10683000,HAG
2023-06-15 07:00:00,8.05,8.29,8.04,8.19,19937900,HAG
2023-06-16 07:00:00,8.25,8.26,8.03,8.03,13458800,HAG
2023-06-19 07:00:00,8.1,8.14,7.86,7.9,15464300,HAG
2023-06-20 07:00:00,7.98,8.01,7.88,7.96,8009100,HAG
2023-06-21 07:00:00,7.98,8.03,7.94,7.97,7182300,HAG
2023-06-22 07:00:00,8.0,8.09,7.97,8.08,10178200,HAG
2023-06-23 07:00:00,8.13,8.13,8.0,8.04,10953900,HAG
2023-06-26 07:00:00,8.05,8.08,7.86,7.95,11822700,HAG
2023-06-27 07:00:00,7.96,8.04,7.9,7.97,6668600,HAG
2023-06-28 07:00:00,8.05,8.05,7.93,7.95,8588100,HAG
2023-06-29 07:00:00,7.98,8.45,7.98,8.3,38426600,HAG
2023-06-30 07:00:00,8.33,8.37,8.15,8.15,11913200,HAG
2023-07-03 07:00:00,8.2,8.24,8.1,8.17,11388600,HAG
2023-07-04 07:00:00,8.2,8.5,8.2,8.39,25319000,HAG
2023-07-05 07:00:00,8.48,8.48,8.25,8.27,13820800,HAG
2023-07-06 07:00:00,8.27,8.35,8.01,8.15,16617400,HAG
2023-07-07 07:00:00,8.15,8.22,8.05,8.19,8473600,HAG
2023-07-10 07:00:00,8.25,8.3,8.18,8.2,11471700,HAG
2023-07-11 07:00:00,8.3,8.77,8.26,8.76,43645100,HAG
2023-07-12 07:00:00,8.76,8.89,8.6,8.71,14235600,HAG
2023-07-13 07:00:00,8.73,8.85,8.67,8.81,17737700,HAG
2023-07-14 07:00:00,8.86,8.87,8.6,8.72,18785400,HAG
2023-07-17 07:00:00,8.81,8.82,8.63,8.68,12765100,HAG
2023-07-18 07:00:00,8.7,8.99,8.68,8.72,20268400,HAG
2023-07-19 07:00:00,8.76,8.78,8.5,8.5,18869000,HAG
2023-07-20 07:00:00,8.51,8.58,8.4,8.49,9679000,HAG
2023-07-21 07:00:00,8.53,8.7,8.52,8.65,12012500,HAG
2023-07-24 07:00:00,8.74,8.85,8.66,8.79,15804200,HAG
2023-07-25 07:00:00,8.82,8.87,8.6,8.67,12692700,HAG
2023-07-26 07:00:00,8.66,8.7,8.56,8.64,11126300,HAG
2023-07-27 07:00:00,8.65,8.73,8.46,8.54,15238600,HAG
2023-07-28 07:00:00,8.54,8.8,8.54,8.8,14059100,HAG
2023-07-31 07:00:00,8.84,9.15,8.83,8.88,34063200,HAG
2023-08-01 07:00:00,8.88,8.96,8.77,8.9,26042600,HAG
2023-08-02 07:00:00,8.9,9.2,8.79,9.1,24297800,HAG
2023-08-03 07:00:00,9.17,9.17,8.9,8.9,15962300,HAG
2023-08-04 07:00:00,8.9,9.15,8.87,9.15,23099600,HAG
2023-08-07 07:00:00,9.25,9.45,9.01,9.18,15868300,HAG
2023-08-08 07:00:00,9.24,9.82,9.17,9.81,47113700,HAG
2023-08-09 07:00:00,9.72,9.91,9.48,9.55,25251600,HAG
2023-08-10 07:00:00,9.55,9.59,9.21,9.21,22518000,HAG
2023-08-11 07:00:00,9.35,9.35,9.0,9.27,19516700,HAG
2023-08-14 07:00:00,9.3,9.33,9.18,9.2,20269500,HAG
2023-08-15 07:00:00,9.35,9.43,9.17,9.2,15127600,HAG
2023-08-16 07:00:00,9.25,9.3,9.16,9.2,10476200,HAG
2023-08-17 07:00:00,9.25,9.29,9.1,9.1,14760600,HAG
2023-08-18 07:00:00,9.04,9.06,8.47,8.47,40015900,HAG
2023-08-21 07:00:00,8.79,8.79,8.43,8.57,12830700,HAG
2023-08-22 07:00:00,8.67,8.99,8.21,8.99,19217100,HAG
2023-08-23 07:00:00,9.05,9.08,8.75,8.8,11134800,HAG
2023-08-24 07:00:00,8.8,9.35,8.7,9.29,24859800,HAG
2023-08-25 07:00:00,9.2,9.24,8.9,8.92,16709100,HAG
2023-08-28 07:00:00,8.96,9.04,8.87,9.04,9793800,HAG
2023-08-29 07:00:00,9.05,9.18,8.9,8.9,17385000,HAG
2023-08-30 07:00:00,8.95,9.02,8.81,8.9,9820300,HAG
2023-08-31 07:00:00,8.91,9.38,8.89,9.18,35859200,HAG
2023-09-05 07:00:00,9.2,9.26,9.15,9.2,14686400,HAG
2023-09-06 07:00:00,9.25,9.25,9.09,9.14,22901300,HAG
2023-09-07 07:00:00,9.2,9.39,9.18,9.23,23667700,HAG
2023-09-08 07:00:00,9.3,9.42,9.18,9.19,26071200,HAG
2023-09-11 07:00:00,9.18,9.29,8.9,8.9,23734600,HAG
2023-09-12 07:00:00,8.9,8.97,8.73,8.97,14310700,HAG
2023-09-13 07:00:00,9.01,9.01,8.72,8.77,16244900,HAG
2023-09-14 07:00:00,8.75,8.77,8.48,8.5,20141900,HAG
2023-09-15 07:00:00,8.52,8.61,8.48,8.51,7910400,HAG
2023-09-18 07:00:00,8.51,8.55,8.41,8.44,6946500,HAG
2023-09-19 07:00:00,8.45,8.52,8.29,8.3,10152400,HAG
2023-09-20 07:00:00,8.4,8.5,8.35,8.5,6136700,HAG
2023-09-21 07:00:00,8.55,8.59,8.46,8.46,6247000,HAG
2023-09-22 07:00:00,8.35,8.4,8.03,8.07,15680600,HAG
2023-09-25 07:00:00,8.07,8.18,7.51,7.51,11975400,HAG
2023-09-26 07:00:00,7.5,7.76,7.44,7.51,10948300,HAG
2023-09-27 07:00:00,7.64,7.85,7.52,7.85,6281500,HAG
2023-09-28 07:00:00,7.85,7.87,7.63,7.8,5421400,HAG
2023-09-29 07:00:00,7.83,7.87,7.7,7.72,6619100,HAG
2023-10-02 07:00:00,7.84,7.92,7.73,7.9,6089700,HAG
2023-10-03 07:00:00,7.79,7.8,7.51,7.65,9388400,HAG
2023-10-04 07:00:00,7.5,7.76,7.48,7.72,6528300,HAG
2023-10-05 07:00:00,7.74,8.21,7.59,8.1,17614900,HAG
2023-10-06 07:00:00,8.11,8.35,8.11,8.2,9804500,HAG
2023-10-09 07:00:00,8.18,8.5,8.09,8.45,11439500,HAG
2023-10-10 07:00:00,8.45,8.58,8.33,8.43,11612000,HAG
2023-10-11 07:00:00,8.44,8.46,8.32,8.4,5572600,HAG
2023-10-12 07:00:00,8.48,8.5,8.15,8.22,8759000,HAG
2023-10-13 07:00:00,8.19,8.42,8.09,8.32,9088000,HAG
2023-10-16 07:00:00,8.32,8.41,8.3,8.33,5384500,HAG
2023-10-17 07:00:00,8.34,8.42,8.03,8.03,5553500,HAG
2023-10-18 07:00:00,8.11,8.13,7.6,7.7,10250200,HAG
2023-10-19 07:00:00,7.7,8.06,7.64,7.98,7540300,HAG
2023-10-20 07:00:00,7.99,8.15,7.8,8.15,5014400,HAG
2023-10-23 07:00:00,8.15,8.72,8.11,8.71,32713900,HAG
2023-10-24 07:00:00,8.71,8.88,8.64,8.72,7567700,HAG
2023-10-25 07:00:00,8.81,8.95,8.72,8.79,12235100,HAG
2023-10-26 07:00:00,8.57,8.69,8.26,8.69,18083600,HAG
2023-10-27 07:00:00,8.8,8.89,8.58,8.75,12055000,HAG
2023-10-30 07:00:00,8.88,8.95,8.33,8.33,8905300,HAG
2023-10-31 07:00:00,8.4,8.43,8.02,8.03,8492800,HAG
2023-11-01 07:00:00,8.1,8.19,7.95,8.16,5880800,HAG
2023-11-02 07:00:00,8.35,8.44,8.2,8.32,7906500,HAG
2023-11-03 07:00:00,8.58,8.59,8.15,8.2,8031300,HAG
2023-11-06 07:00:00,8.22,8.35,8.19,8.3,7040000,HAG
2023-11-07 07:00:00,8.3,8.56,8.24,8.38,7391500,HAG
2023-11-08 07:00:00,8.38,8.63,8.25,8.63,13647400,HAG
2023-11-09 07:00:00,8.68,8.78,8.5,8.5,10873800,HAG
2023-11-10 07:00:00,8.46,9.09,8.39,8.7,46222000,HAG
2023-11-13 07:00:00,8.79,9.2,8.77,9.0,20658200,HAG
2023-11-14 07:00:00,9.01,9.15,8.8,8.9,14958800,HAG
2023-11-15 07:00:00,9.1,9.2,8.96,8.98,23336100,HAG
2023-11-16 07:00:00,8.98,9.0,8.85,9.0,8440200,HAG
2023-11-17 07:00:00,9.1,9.35,9.0,9.12,34632600,HAG
2023-11-20 07:00:00,9.0,9.4,8.9,9.4,29063600,HAG
2023-11-21 07:00:00,9.53,9.53,9.25,9.26,10095900,HAG
2023-11-22 07:00:00,9.35,9.48,9.29,9.36,15150500,HAG
2023-11-23 07:00:00,9.4,10.0,9.36,9.8,52949300,HAG
2023-11-24 07:00:00,9.81,10.45,9.68,10.4,34280700,HAG
2023-11-27 07:00:00,10.4,10.9,10.3,10.6,36444700,HAG
2023-11-28 07:00:00,10.6,10.75,10.4,10.7,20229300,HAG
2023-11-29 07:00:00,10.95,11.35,10.85,11.25,38113500,HAG
2023-11-30 07:00:00,11.35,11.35,10.9,11.15,26064600,HAG
2023-12-01 07:00:00,11.15,11.8,11.0,11.8,27282100,HAG
2023-12-04 07:00:00,12.0,12.2,11.7,12.2,29766100,HAG
2023-12-05 07:00:00,12.2,12.25,11.85,11.9,12548100,HAG
2023-12-06 07:00:00,11.9,12.7,11.9,12.6,34473700,HAG
2023-12-07 07:00:00,12.75,12.8,11.75,12.4,38359000,HAG
2023-12-08 07:00:00,12.3,12.4,11.95,12.15,9953700,HAG
2023-12-11 07:00:00,12.0,13.0,12.0,13.0,26118800,HAG
2023-12-12 07:00:00,13.0,13.5,12.9,13.1,21403200,HAG
2023-12-13 07:00:00,13.5,13.8,13.2,13.55,27661300,HAG
2023-12-14 07:00:00,13.55,13.85,13.25,13.45,13948100,HAG
2023-12-15 07:00:00,13.7,13.7,12.8,13.05,33878700,HAG
2023-12-18 07:00:00,13.35,13.7,12.95,13.3,24018200,HAG
2023-12-19 07:00:00,13.15,13.2,12.4,12.4,22273900,HAG
2023-12-20 07:00:00,11.8,12.6,11.8,12.5,27775300,HAG
2023-12-21 07:00:00,12.3,13.35,12.2,13.35,25704800,HAG
2023-12-22 07:00:00,13.25,13.7,13.25,13.5,21601000,HAG
2023-12-25 07:00:00,13.85,14.05,13.55,13.75,22415200,HAG
2023-12-26 07:00:00,13.8,13.9,13.3,13.65,17492100,HAG
2023-12-27 07:00:00,13.8,14.05,13.65,13.85,19866800,HAG
2023-12-28 07:00:00,13.85,13.85,12.9,13.7,47102200,HAG
2023-12-29 07:00:00,13.7,13.75,13.2,13.2,17768800,HAG
2024-01-02 07:00:00,13.5,13.6,13.1,13.6,21259100,HAG
2024-01-03 07:00:00,13.55,13.75,13.45,13.7,10084400,HAG
2024-01-04 07:00:00,13.6,13.7,13.15,13.3,15857000,HAG
2024-01-05 07:00:00,13.35,13.45,12.6,13.1,34248000,HAG
2024-01-08 07:00:00,13.2,13.3,12.85,12.85,15766100,HAG
2024-01-09 07:00:00,12.85,13.4,12.8,13.35,15999700,HAG
2024-01-10 07:00:00,13.35,13.45,13.1,13.25,6544300,HAG
2024-01-11 07:00:00,13.2,14.15,13.2,14.1,35733300,HAG
2024-01-12 07:00:00,14.0,14.0,13.6,13.8,12405200,HAG
2024-01-15 07:00:00,13.9,13.9,13.3,13.3,9739000,HAG
2024-01-16 07:00:00,13.4,13.5,13.1,13.5,7354600,HAG
2024-01-17 07:00:00,13.45,13.55,13.35,13.5,4915100,HAG
2024-01-18 07:00:00,13.55,13.55,13.3,13.4,3917200,HAG
2024-01-19 07:00:00,13.5,13.9,13.5,13.7,7535100,HAG
2024-01-22 07:00:00,13.7,14.3,13.5,14.0,11383400,HAG
2024-01-23 07:00:00,14.15,14.8,14.05,14.65,22162800,HAG
2024-01-24 07:00:00,14.75,14.95,14.3,14.3,9319800,HAG
2024-01-25 07:00:00,14.3,14.75,14.25,14.75,11253800,HAG
2024-01-26 07:00:00,14.9,15.05,14.6,14.7,9215600,HAG
2024-01-29 07:00:00,14.85,14.85,14.55,14.7,5772900,HAG
2024-01-30 07:00:00,14.65,15.0,14.65,14.95,7491400,HAG
2024-01-31 07:00:00,15.0,15.0,14.2,14.2,18363700,HAG
2024-02-01 07:00:00,14.1,14.5,14.0,14.35,6757100,HAG
2024-02-02 07:00:00,14.4,14.4,14.0,14.0,10630300,HAG
2024-02-05 07:00:00,13.95,14.0,13.3,13.35,19880400,HAG
2024-02-06 07:00:00,13.4,13.65,13.25,13.3,10295100,HAG
2024-02-07 07:00:00,13.3,13.6,13.05,13.15,15343500,HAG
2024-02-15 07:00:00,13.55,13.75,13.15,13.45,13827300,HAG
2024-02-16 07:00:00,13.5,13.55,12.6,12.75,30633500,HAG
2024-02-19 07:00:00,12.75,13.2,12.3,13.0,19608300,HAG
2024-02-20 07:00:00,13.0,13.1,12.55,12.6,11190800,HAG
2024-02-21 07:00:00,12.6,12.95,12.55,12.8,9160700,HAG
2024-02-22 07:00:00,12.7,13.1,12.6,12.6,12957100,HAG
2024-02-23 07:00:00,12.65,12.8,12.2,12.2,13332000,HAG
2024-02-26 07:00:00,12.25,12.65,12.1,12.6,11996900,HAG
2024-02-27 07:00:00,12.7,12.95,12.5,12.65,8434400,HAG
2024-02-28 07:00:00,12.8,12.85,12.5,12.55,8031400,HAG
2024-02-29 07:00:00,12.6,12.8,12.25,12.8,16398600,HAG
2024-03-01 07:00:00,12.85,12.9,12.65,12.7,6677400,HAG
2024-03-04 07:00:00,12.75,13.05,12.6,12.8,16451900,HAG
2024-03-05 07:00:00,12.9,13.2,12.6,13.2,25910900,HAG
2024-03-06 07:00:00,13.3,13.3,12.85,12.9,10759000,HAG
2024-03-07 07:00:00,12.9,13.15,12.8,12.95,12926800,HAG
2024-03-08 07:00:00,12.95,13.05,12.45,12.55,21627800,HAG
2024-03-11 07:00:00,12.6,12.6,12.2,12.2,17672600,HAG
2024-03-12 07:00:00,12.15,12.6,12.1,12.4,14819500,HAG
2024-03-13 07:00:00,12.5,12.55,12.3,12.45,8590200,HAG
2024-03-14 07:00:00,12.55,12.8,12.3,12.5,16439700,HAG
2024-03-15 07:00:00,12.5,12.55,12.3,12.3,9090100,HAG
2024-03-18 07:00:00,12.3,12.4,11.45,11.75,27890500,HAG
2024-03-19 07:00:00,11.75,12.0,11.65,11.85,6457700,HAG
2024-03-20 07:00:00,11.95,12.65,11.75,12.65,27179100,HAG
2024-03-21 07:00:00,12.85,12.85,12.6,12.7,10424200,HAG
2024-03-22 07:00:00,12.75,12.8,12.35,12.45,12497100,HAG
2024-03-25 07:00:00,12.5,12.6,12.35,12.45,8914300,HAG
2024-03-26 07:00:00,12.4,12.8,12.3,12.6,7379600,HAG
2024-03-27 07:00:00,12.65,12.65,12.45,12.55,4119900,HAG
2024-03-28 07:00:00,12.55,13.05,12.55,12.95,22871900,HAG
2024-03-29 07:00:00,12.85,13.2,12.75,13.05,14467200,HAG
2024-04-01 07:00:00,13.05,13.1,12.65,12.65,13128500,HAG
2024-04-02 07:00:00,12.6,12.7,12.35,12.7,12711700,HAG
2024-04-03 07:00:00,12.7,13.0,12.6,12.8,14179400,HAG
2024-04-04 07:00:00,12.65,12.8,12.6,12.65,6912400,HAG
2024-04-05 07:00:00,12.6,13.1,12.45,12.9,17103200,HAG
2024-04-08 07:00:00,13.0,13.4,12.85,13.0,25674500,HAG
2024-04-09 07:00:00,13.05,13.15,12.9,13.15,6613600,HAG
2024-04-10 07:00:00,13.25,13.8,13.1,13.4,22132200,HAG
2024-04-11 07:00:00,13.25,13.5,13.2,13.3,8184200,HAG
2024-04-12 07:00:00,13.45,13.65,13.25,13.4,11054400,HAG
2024-04-15 07:00:00,13.4,13.55,12.5,12.5,36145400,HAG
2024-04-16 07:00:00,12.4,12.6,11.95,12.6,18005800,HAG
2024-04-17 07:00:00,12.6,12.65,11.85,11.85,20545600,HAG
2024-04-19 07:00:00,11.4,11.8,11.05,11.8,22678300,HAG
2024-04-22 07:00:00,12.2,12.2,12.0,12.05,8281200,HAG
2024-04-23 07:00:00,12.0,12.2,12.0,12.15,9491100,HAG
2024-04-24 07:00:00,12.2,12.45,12.15,12.3,6366300,HAG
2024-04-25 07:00:00,12.4,12.65,12.3,12.5,5152300,HAG
2024-04-26 07:00:00,12.4,12.55,12.35,12.4,4253500,HAG
2024-05-02 07:00:00,12.3,12.4,12.25,12.25,3599200,HAG
2024-05-03 07:00:00,12.3,12.6,12.3,12.45,5125200,HAG
2024-05-06 07:00:00,12.5,13.3,12.45,13.0,15432200,HAG
2024-05-07 07:00:00,13.05,13.3,12.9,13.2,6535900,HAG
2024-05-08 07:00:00,13.15,13.5,12.9,13.5,19367600,HAG
2024-05-09 07:00:00,13.65,13.65,13.2,13.45,9686100,HAG
2024-05-10 07:00:00,13.5,13.7,13.2,13.2,8559100,HAG
2024-05-13 07:00:00,13.25,13.85,13.05,13.7,21284600,HAG
2024-05-14 07:00:00,13.8,13.95,13.5,13.55,6892800,HAG
2024-05-15 07:00:00,13.5,13.75,13.45,13.55,10109800,HAG
2024-05-16 07:00:00,13.65,13.7,13.4,13.65,15565200,HAG
2024-05-17 07:00:00,13.85,14.6,13.8,14.6,38251900,HAG
2024-05-20 07:00:00,15.0,15.3,14.6,14.75,26425600,HAG
2024-05-21 07:00:00,14.45,15.1,14.4,14.9,19930100,HAG
2024-05-22 07:00:00,15.0,15.0,14.05,14.2,36523100,HAG
2024-05-23 07:00:00,14.2,14.7,13.9,14.6,21908500,HAG
2024-05-24 07:00:00,14.6,14.8,13.9,14.45,23192300,HAG
2024-05-27 07:00:00,14.4,14.6,14.0,14.6,9646900,HAG
2024-05-28 07:00:00,14.7,15.1,14.6,14.95,19151100,HAG
2024-05-29 07:00:00,15.1,15.2,14.5,14.6,19824300,HAG
2024-05-30 07:00:00,14.45,14.65,14.05,14.65,19294400,HAG
2024-05-31 07:00:00,14.45,14.55,14.3,14.5,7710000,HAG
2024-06-03 07:00:00,14.65,15.15,14.5,15.0,25766100,HAG
2024-06-04 07:00:00,15.05,15.1,14.4,14.4,21604000,HAG
2024-06-05 07:00:00,14.5,14.5,14.2,14.25,10037700,HAG
2024-06-06 07:00:00,14.4,14.5,14.1,14.3,7415300,HAG
2024-06-07 07:00:00,14.4,14.6,14.3,14.4,6778500,HAG
2024-06-10 07:00:00,14.5,14.6,13.95,14.0,17101200,HAG
2024-06-11 07:00:00,14.1,14.2,13.7,14.2,15706500,HAG
2024-06-12 07:00:00,14.2,14.4,14.0,14.2,5726100,HAG
2024-06-13 07:00:00,14.2,14.25,13.85,13.95,11627000,HAG
2024-06-14 07:00:00,13.9,14.0,13.3,13.3,33576600,HAG
2024-06-17 07:00:00,13.35,13.45,13.15,13.4,6765100,HAG
2024-06-18 07:00:00,13.45,13.65,13.4,13.6,4543600,HAG
2024-06-19 07:00:00,13.55,13.6,12.75,12.8,27674400,HAG
2024-06-20 07:00:00,12.85,13.0,12.45,12.55,16203000,HAG
2024-06-21 07:00:00,12.55,12.7,12.4,12.4,7354800,HAG
2024-06-24 07:00:00,12.4,12.9,12.2,12.6,15058400,HAG
2024-06-25 07:00:00,12.7,12.7,12.45,12.5,3918100,HAG
2024-06-26 07:00:00,12.6,12.7,12.45,12.7,4451500,HAG
2024-06-27 07:00:00,12.7,12.7,12.4,12.45,3765900,HAG
2024-06-28 07:00:00,12.5,12.55,12.0,12.1,9755100,HAG
2024-07-01 07:00:00,12.2,12.35,12.05,12.2,4915400,HAG
2024-07-02 07:00:00,12.4,12.45,12.25,12.3,3588700,HAG
2024-07-03 07:00:00,12.4,12.4,12.2,12.25,3426000,HAG
2024-07-04 07:00:00,12.3,12.4,12.2,12.35,6524100,HAG
2024-07-05 07:00:00,12.35,12.45,11.85,11.95,14800900,HAG
2024-07-08 07:00:00,12.0,12.05,11.8,11.8,5450800,HAG
2024-07-09 07:00:00,11.75,12.1,11.7,11.95,10769000,HAG
2024-07-10 07:00:00,12.0,12.15,11.95,12.0,3865600,HAG
2024-07-11 07:00:00,12.05,12.15,11.85,12.05,4637900,HAG
2024-07-12 07:00:00,12.1,12.45,12.0,12.2,11474100,HAG
2024-07-15 07:00:00,12.3,12.35,12.05,12.05,2520600,HAG
2024-07-16 07:00:00,12.05,12.15,11.95,12.05,4466100,HAG
2024-07-17 07:00:00,12.05,12.2,11.8,11.85,10222200,HAG
2024-07-18 07:00:00,11.85,12.35,11.8,12.35,11017900,HAG
2024-07-19 07:00:00,12.35,12.4,11.95,11.95,6528700,HAG
2024-07-22 07:00:00,11.8,12.05,11.6,11.95,11324500,HAG
2024-07-23 07:00:00,11.95,12.0,11.6,11.6,4964200,HAG
2024-07-24 07:00:00,11.6,11.85,11.4,11.85,8779500,HAG
2024-07-25 07:00:00,11.7,11.85,11.6,11.75,2677800,HAG
2024-07-26 07:00:00,11.75,12.15,11.75,12.05,9029700,HAG
2024-07-29 07:00:00,11.95,12.5,11.85,12.4,12836400,HAG
2024-07-30 07:00:00,12.4,12.4,12.1,12.15,4421400,HAG
2024-07-31 07:00:00,12.4,12.5,12.1,12.15,9188800,HAG
2024-08-01 07:00:00,12.15,12.2,11.8,11.8,7333200,HAG
2024-08-02 07:00:00,11.75,12.15,11.7,12.1,6196800,HAG
2024-08-05 07:00:00,11.75,12.0,11.5,11.6,9815300,HAG
2024-08-06 07:00:00,11.7,11.85,11.6,11.85,4435200,HAG
2024-08-07 07:00:00,11.85,11.9,11.55,11.55,5992700,HAG
2024-08-08 07:00:00,11.6,11.6,10.75,10.75,34775500,HAG
2024-08-09 07:00:00,10.8,10.8,10.3,10.45,12243300,HAG
2024-08-12 07:00:00,10.5,10.75,10.45,10.5,3553100,HAG
2024-08-13 07:00:00,10.6,10.6,10.45,10.45,3190600,HAG
2024-08-14 07:00:00,10.45,10.55,9.95,10.05,14587500,HAG
2024-08-15 07:00:00,10.05,10.3,10.0,10.05,5039500,HAG
2024-08-16 07:00:00,10.25,10.5,10.15,10.4,6484100,HAG
2024-08-19 07:00:00,10.55,10.65,10.4,10.5,4150900,HAG
2024-08-20 07:00:00,10.65,10.85,10.55,10.6,6993900,HAG
2024-08-21 07:00:00,10.6,10.7,10.5,10.7,4596500,HAG
2024-08-22 07:00:00,10.7,10.7,10.5,10.5,2786400,HAG
2024-08-23 07:00:00,10.45,10.55,10.35,10.4,6078800,HAG
2024-08-26 07:00:00,10.5,10.7,10.4,10.45,5014100,HAG
2024-08-27 07:00:00,10.5,10.55,10.4,10.5,3703200,HAG
2024-08-28 07:00:00,10.55,11.2,10.5,11.0,27355900,HAG
2024-08-29 07:00:00,11.05,11.05,10.75,10.85,5793300,HAG
2024-08-30 07:00:00,10.8,10.85,10.65,10.65,5985800,HAG
2024-09-04 07:00:00,10.5,10.5,10.1,10.25,10391600,HAG
2024-09-05 07:00:00,10.4,10.4,10.1,10.2,4305800,HAG
2024-09-06 07:00:00,10.25,10.35,10.1,10.25,3617900,HAG
2024-09-09 07:00:00,10.3,10.4,10.15,10.4,2800800,HAG
2024-09-10 07:00:00,10.45,10.9,10.4,10.65,9858900,HAG
2024-09-11 07:00:00,10.7,10.7,10.4,10.6,3895900,HAG
2024-09-12 07:00:00,10.65,10.7,10.45,10.45,2295500,HAG
2024-09-13 07:00:00,10.45,10.5,10.3,10.45,3451300,HAG
2024-09-16 07:00:00,10.5,10.6,10.35,10.35,2563800,HAG
2024-09-17 07:00:00,10.4,10.45,10.25,10.45,2842100,HAG
2024-09-18 07:00:00,10.5,10.75,10.45,10.55,4179000,HAG
2024-09-19 07:00:00,10.6,10.75,10.55,10.55,2507800,HAG
2024-09-20 07:00:00,10.6,10.75,10.6,10.7,4993400,HAG
2024-09-23 07:00:00,10.5,10.6,10.4,10.4,4318900,HAG
2024-09-24 07:00:00,10.5,10.6,10.4,10.5,2143400,HAG
2024-09-25 07:00:00,10.6,10.75,10.55,10.65,6068600,HAG
2024-09-26 07:00:00,10.65,11.0,10.65,10.65,6559100,HAG
2024-09-27 07:00:00,10.75,10.75,10.6,10.65,5319800,HAG
2024-09-30 07:00:00,10.65,10.85,10.6,10.85,5613800,HAG
2024-10-01 07:00:00,10.85,11.15,10.75,11.15,11912400,HAG
2024-10-02 07:00:00,11.0,11.1,10.85,10.9,4701400,HAG
2024-10-03 07:00:00,10.9,11.05,10.55,10.55,7803200,HAG
2024-10-04 07:00:00,10.55,11.25,10.55,11.2,17235800,HAG
2024-10-07 07:00:00,11.25,11.25,10.85,10.9,4969500,HAG
2024-10-08 07:00:00,11.0,11.05,10.9,10.9,3394400,HAG
2024-10-09 07:00:00,11.0,11.15,11.0,11.05,4254400,HAG
2024-10-10 07:00:00,11.15,11.35,11.0,11.0,7196100,HAG
2024-10-11 07:00:00,11.1,11.1,10.9,11.0,2257900,HAG
2024-10-14 07:00:00,11.05,11.1,10.95,11.0,3982600,HAG
2024-10-15 07:00:00,11.0,11.25,10.85,11.0,8557000,HAG
2024-10-16 07:00:00,11.0,11.0,10.75,10.8,3596300,HAG
2024-10-17 07:00:00,10.8,10.9,10.55,10.8,6511000,HAG
2024-10-18 07:00:00,10.9,10.9,10.6,10.6,3507100,HAG
2024-10-21 07:00:00,10.6,10.75,10.6,10.6,2417700,HAG
2024-10-22 07:00:00,10.6,10.65,10.45,10.5,3715000,HAG
2024-10-23 07:00:00,10.6,10.75,10.45,10.7,4258600,HAG
2024-10-24 07:00:00,10.75,10.85,10.55,10.55,5553000,HAG
2024-10-25 07:00:00,10.6,10.6,10.15,10.15,12734100,HAG
2024-10-28 07:00:00,10.3,10.3,10.05,10.15,4326700,HAG
2024-10-29 07:00:00,10.3,10.35,10.2,10.2,1735400,HAG
2024-10-30 07:00:00,10.3,10.5,10.25,10.35,4787900,HAG
2024-10-31 07:00:00,10.3,10.45,10.3,10.35,1926600,HAG
2024-11-01 07:00:00,10.35,10.4,10.25,10.25,2116000,HAG
2024-11-04 07:00:00,10.35,10.5,10.3,10.3,3395400,HAG
2024-11-05 07:00:00,10.4,10.4,10.25,10.35,1460000,HAG
2024-11-06 07:00:00,10.4,10.45,10.3,10.45,3478300,HAG
2024-11-07 07:00:00,10.55,10.55,10.4,10.4,2804300,HAG
2024-11-08 07:00:00,10.45,10.45,10.35,10.35,3651000,HAG
2024-11-11 07:00:00,10.35,10.5,10.3,10.5,5119700,HAG
2024-11-12 07:00:00,10.5,11.2,10.5,11.2,26376800,HAG
2024-11-13 07:00:00,11.2,11.6,11.1,11.3,10121700,HAG
2024-11-14 07:00:00,11.4,12.05,11.25,11.75,17860500,HAG
2024-11-15 07:00:00,11.75,11.95,11.65,11.8,6331300,HAG
2024-11-18 07:00:00,11.9,11.9,11.3,11.4,7684500,HAG
2024-11-19 07:00:00,11.3,11.75,11.3,11.4,5795600,HAG
2024-11-20 07:00:00,11.35,11.85,11.35,11.65,5966600,HAG
2024-11-21 07:00:00,11.65,11.75,11.5,11.65,2550700,HAG
2024-11-22 07:00:00,11.65,12.3,11.55,11.7,11087100,HAG
2024-11-25 07:00:00,11.7,12.1,11.6,12.1,5322600,HAG
2024-11-26 07:00:00,12.15,12.15,11.9,12.15,5440400,HAG
2024-11-27 07:00:00,12.15,12.15,11.75,11.75,7253600,HAG
2024-11-28 07:00:00,11.8,12.1,11.75,11.95,5818200,HAG
2024-11-29 07:00:00,12.0,12.05,11.8,11.95,6785900,HAG
2024-12-02 07:00:00,11.95,12.1,11.6,11.65,5835600,HAG
2024-12-03 07:00:00,11.8,11.8,11.6,11.8,2697200,HAG
2024-12-04 07:00:00,11.8,11.8,11.4,11.4,5747500,HAG
2024-12-05 07:00:00,11.5,11.8,11.4,11.7,4989800,HAG
2024-12-06 07:00:00,11.75,12.2,11.7,11.9,10685300,HAG
2024-12-09 07:00:00,12.0,12.7,11.9,12.6,29879700,HAG
2024-12-10 07:00:00,12.65,12.7,12.35,12.45,7015600,HAG
2024-12-11 07:00:00,12.5,12.65,12.3,12.5,5801200,HAG
2024-12-12 07:00:00,12.55,12.6,12.35,12.4,3481500,HAG
2024-12-13 07:00:00,12.35,12.6,12.3,12.4,4504900,HAG
2024-12-16 07:00:00,12.55,12.7,12.4,12.5,3810600,HAG
2024-12-17 07:00:00,12.45,12.5,12.35,12.45,3632700,HAG
2024-12-18 07:00:00,12.4,12.7,12.4,12.4,9638300,HAG
2024-12-19 07:00:00,12.35,12.4,12.1,12.35,7619200,HAG
2024-12-20 07:00:00,12.4,12.6,12.25,12.25,6816600,HAG
2024-12-23 07:00:00,12.4,12.95,12.35,12.85,7112500,HAG
2024-12-24 07:00:00,12.85,13.05,12.65,12.75,6145700,HAG
2024-12-25 07:00:00,12.75,12.85,12.5,12.5,5669900,HAG
2024-12-26 07:00:00,12.55,12.65,12.5,12.5,4398900,HAG
2024-12-27 07:00:00,12.5,12.6,11.95,12.0,15719300,HAG
2024-12-30 07:00:00,12.0,12.15,11.75,12.0,5960300,HAG
2024-12-31 07:00:00,12.25,12.3,11.9,12.05,7389100,HAG
2025-01-02 07:00:00,12.15,12.5,12.1,12.3,6425300,HAG
2025-01-03 07:00:00,12.3,12.3,11.85,11.85,8335500,HAG
2025-01-06 07:00:00,11.9,11.95,11.55,11.6,4446100,HAG
2025-01-07 07:00:00,11.65,11.85,11.65,11.65,6466100,HAG
2025-01-08 07:00:00,11.7,12.1,11.7,11.85,5137700,HAG
2025-01-09 07:00:00,11.95,12.0,11.85,11.95,2199800,HAG
2025-01-10 07:00:00,11.95,12.0,11.65,11.65,4611000,HAG
2025-01-13 07:00:00,11.65,11.9,11.6,11.8,6814000,HAG
2025-01-14 07:00:00,11.8,11.9,11.5,11.55,2976300,HAG
2025-01-15 07:00:00,11.6,11.7,11.5,11.65,2489800,HAG
2025-01-16 07:00:00,11.75,11.95,11.7,11.75,4974600,HAG
2025-01-17 07:00:00,11.85,11.95,11.75,11.8,2238500,HAG
2025-01-20 07:00:00,11.8,11.9,11.75,11.8,3497400,HAG
2025-01-21 07:00:00,11.9,11.95,11.8,11.95,3188800,HAG
2025-01-22 07:00:00,12.0,12.3,12.0,12.1,5369900,HAG
2025-01-23 07:00:00,12.15,12.25,12.05,12.2,3435300,HAG
2025-01-24 07:00:00,12.25,12.3,12.1,12.2,3639200,HAG
2025-02-03 07:00:00,11.8,11.9,11.6,11.85,7787600,HAG
2025-02-04 07:00:00,11.8,12.05,11.75,11.9,3721200,HAG
2025-02-05 07:00:00,11.95,12.15,11.9,12.0,5142600,HAG
2025-02-06 07:00:00,12.0,12.3,12.0,12.0,7387000,HAG
2025-02-07 07:00:00,12.1,12.35,12.0,12.3,7410400,HAG
2025-02-10 07:00:00,12.3,12.55,12.2,12.45,8509500,HAG
2025-02-11 07:00:00,12.45,12.6,12.35,12.55,5001100,HAG
2025-02-12 07:00:00,12.55,12.55,12.3,12.3,2607000,HAG
2025-02-13 07:00:00,12.3,12.45,12.25,12.4,3568300,HAG
2025-02-14 07:00:00,12.45,12.55,12.3,12.4,2942300,HAG
2025-02-17 07:00:00,12.45,12.75,12.4,12.45,4958100,HAG
2025-02-18 07:00:00,12.5,12.85,12.45,12.6,6826700,HAG
2025-02-19 07:00:00,12.6,12.8,12.6,12.75,5404400,HAG
2025-02-20 07:00:00,12.75,12.85,12.6,12.75,5808200,HAG
2025-02-21 07:00:00,12.7,12.95,12.55,12.95,8030500,HAG
2025-02-24 07:00:00,13.0,13.2,12.8,13.0,8859100,HAG
2025-02-25 07:00:00,13.15,13.2,12.85,13.0,6235000,HAG
2025-02-26 07:00:00,13.0,13.15,12.65,12.7,9174400,HAG
2025-02-27 07:00:00,12.8,13.3,12.65,13.25,14305400,HAG
2025-02-28 07:00:00,13.25,13.25,12.85,13.0,5140400,HAG
2025-03-03 07:00:00,13.0,13.1,12.65,12.7,8965900,HAG
2025-03-04 07:00:00,12.65,12.8,12.5,12.65,10577000,HAG
2025-03-05 07:00:00,12.7,12.75,12.4,12.5,3725200,HAG
2025-03-06 07:00:00,12.5,12.6,12.35,12.55,4907400,HAG
2025-03-07 07:00:00,12.6,12.7,12.45,12.55,4677300,HAG
2025-03-10 07:00:00,12.55,12.6,12.4,12.55,3943200,HAG
2025-03-11 07:00:00,12.45,12.55,12.3,12.5,2964900,HAG
2025-03-12 07:00:00,12.5,12.95,12.5,12.7,7913700,HAG
2025-03-13 07:00:00,12.7,12.7,12.35,12.35,4202100,HAG
2025-03-14 07:00:00,12.35,12.55,12.3,12.45,3135200,HAG
2025-03-17 07:00:00,12.5,12.55,12.3,12.45,3046900,HAG
2025-03-18 07:00:00,12.45,12.6,12.4,12.5,3732700,HAG
2025-03-19 07:00:00,12.45,12.45,12.2,12.4,5066200,HAG
2025-03-20 07:00:00,12.45,12.55,12.2,12.4,4435700,HAG
2025-03-21 07:00:00,12.35,12.5,12.3,12.35,3417500,HAG
2025-03-24 07:00:00,12.35,12.7,12.3,12.35,6018600,HAG
2025-03-25 07:00:00,12.5,12.85,12.45,12.7,8658200,HAG
2025-03-26 07:00:00,12.8,13.1,12.65,12.7,8035800,HAG
2025-03-27 07:00:00,12.7,12.8,12.6,12.6,1988900,HAG
2025-03-28 07:00:00,12.75,12.75,12.4,12.4,2941600,HAG
2025-03-31 07:00:00,12.25,12.4,12.15,12.2,6287900,HAG
2025-04-01 07:00:00,12.25,12.35,12.2,12.3,2473900,HAG
2025-04-02 07:00:00,12.35,12.4,12.25,12.4,2052900,HAG
2025-04-03 07:00:00,11.85,12.0,11.55,11.55,14686100,HAG
2025-04-04 07:00:00,10.75,11.2,10.75,11.0,17736500,HAG
2025-04-08 07:00:00,10.3,10.7,10.25,10.25,4804300,HAG
2025-04-09 07:00:00,9.54,10.4,9.54,9.81,13231800,HAG
2025-04-10 07:00:00,10.45,10.45,10.45,10.45,244300,HAG
2025-04-11 07:00:00,11.15,11.15,10.85,11.15,10407200,HAG
2025-04-14 07:00:00,11.35,11.45,11.15,11.4,5118600,HAG
2025-04-15 07:00:00,11.6,12.15,11.5,12.15,10987700,HAG
2025-04-16 07:00:00,12.5,12.8,12.35,12.5,10367100,HAG
2025-04-17 07:00:00,12.2,12.5,12.2,12.4,5110000,HAG
2025-04-18 07:00:00,12.55,12.55,12.3,12.4,6010300,HAG
2025-04-21 07:00:00,12.3,12.35,11.85,12.0,9676500,HAG
2025-04-22 07:00:00,11.8,12.25,11.2,11.85,15375700,HAG
2025-04-23 07:00:00,12.15,12.15,11.95,12.0,3748800,HAG
2025-04-24 07:00:00,12.0,12.6,11.95,12.25,6758900,HAG
2025-04-25 07:00:00,12.3,12.6,12.2,12.45,8448500,HAG
2025-04-28 07:00:00,12.4,13.3,12.3,13.3,28110600,HAG
2025-04-29 07:00:00,13.4,13.65,13.1,13.1,7890200,HAG
2025-05-05 07:00:00,13.2,13.7,13.1,13.4,7315100,HAG
2025-05-06 07:00:00,13.45,13.5,12.75,12.8,15134300,HAG
2025-05-07 07:00:00,12.8,13.15,12.75,13.15,8420800,HAG
2025-05-08 07:00:00,13.25,13.25,12.8,13.0,6307100,HAG
2025-05-09 07:00:00,13.0,13.25,13.0,13.0,8820200,HAG
2025-05-12 07:00:00,13.3,13.35,13.0,13.15,4917400,HAG
2025-05-13 07:00:00,13.25,13.8,13.15,13.5,13551700,HAG
2025-05-14 07:00:00,13.65,13.75,13.45,13.6,7633000,HAG
2025-05-15 07:00:00,13.6,13.7,13.1,13.2,8860100,HAG
2025-05-16 07:00:00,13.2,13.4,13.1,13.3,7320700,HAG
2025-05-19 07:00:00,13.2,13.2,12.75,12.8,12402400,HAG
2025-05-20 07:00:00,12.85,13.15,12.8,13.1,8741400,HAG
2025-05-21 07:00:00,13.1,13.3,12.85,13.3,6438800,HAG
2025-05-22 07:00:00,13.35,13.6,13.1,13.15,10435500,HAG
2025-05-23 07:00:00,13.15,13.9,13.1,13.8,16991700,HAG
2025-05-26 07:00:00,13.8,13.8,13.3,13.65,5811300,HAG
2025-05-27 07:00:00,13.7,14.05,13.6,13.75,12324700,HAG
2025-05-28 07:00:00,13.8,14.25,13.8,14.1,11635100,HAG
2025-05-29 07:00:00,14.3,14.3,13.85,13.9,6370700,HAG
2025-05-30 07:00:00,13.95,14.05,13.75,14.0,8927700,HAG
2025-06-02 07:00:00,13.8,13.8,13.45,13.7,9703100,HAG
2025-06-03 07:00:00,13.7,13.9,13.05,13.05,19345100,HAG
2025-06-04 07:00:00,13.05,13.4,12.9,13.2,16558600,HAG
2025-06-05 07:00:00,13.2,13.2,12.9,13.0,4725000,HAG
2025-06-06 07:00:00,13.2,13.75,13.1,13.15,13108800,HAG
2025-06-09 07:00:00,13.15,13.3,12.75,12.75,8014300,HAG
2025-06-10 07:00:00,12.8,13.15,12.8,12.95,4881900,HAG
2025-06-11 07:00:00,12.9,13.15,12.9,13.0,3171700,HAG
2025-06-12 07:00:00,13.25,13.35,13.05,13.25,6747400,HAG
2025-06-13 07:00:00,13.05,13.1,12.7,12.8,15562300,HAG
2025-06-16 07:00:00,12.75,13.0,12.75,12.95,3259000,HAG
2025-06-17 07:00:00,12.95,13.15,12.85,12.9,3854700,HAG
2025-06-18 07:00:00,12.9,13.3,12.8,13.15,8037200,HAG
2025-06-19 07:00:00,13.25,13.4,12.95,12.95,4532000,HAG
2025-06-20 07:00:00,13.25,13.25,12.9,13.0,5976800,HAG
2025-06-23 07:00:00,12.9,13.0,12.85,12.9,3251500,HAG
2025-06-24 07:00:00,13.05,13.05,12.9,12.9,3271900,HAG
2025-06-25 07:00:00,13.0,13.2,12.95,13.1,4522400,HAG
2025-06-26 07:00:00,13.1,13.15,12.95,12.95,2611000,HAG
2025-06-27 07:00:00,13.0,13.05,12.9,12.9,3809700,HAG
2025-06-30 07:00:00,12.9,13.1,12.9,12.95,3490200,HAG
2025-07-01 07:00:00,13.05,13.3,13.0,13.2,13661100,HAG
2025-07-02 07:00:00,13.4,13.45,13.2,13.2,8195300,HAG
2025-07-03 07:00:00,13.4,13.45,13.1,13.2,10431800,HAG
2025-07-04 07:00:00,13.35,13.5,13.2,13.35,8733000,HAG
2025-07-07 07:00:00,13.6,13.8,13.35,13.55,8671800,HAG
2025-07-08 07:00:00,13.6,13.75,13.4,13.6,10570100,HAG
2025-07-09 07:00:00,13.7,14.05,13.6,13.6,14882300,HAG
2025-07-10 07:00:00,13.65,13.75,13.45,13.55,8040400,HAG
2025-07-11 07:00:00,13.5,13.6,13.15,13.4,11729400,HAG
2025-07-14 07:00:00,13.45,14.3,13.1,14.1,18737600,HAG
2025-07-15 07:00:00,14.1,14.25,13.65,13.65,11309600,HAG
2025-07-16 07:00:00,13.7,13.8,13.45,13.6,10726300,HAG
2025-07-17 07:00:00,13.7,14.1,13.55,13.9,15976000,HAG
2025-07-18 07:00:00,14.1,14.85,13.95,14.85,37130400,HAG
2025-07-21 07:00:00,14.95,15.1,14.5,14.6,14010800,HAG
2025-07-22 07:00:00,14.7,15.15,14.45,15.0,22003400,HAG
2025-07-23 07:00:00,15.2,15.2,14.35,14.5,23707100,HAG
2025-07-24 07:00:00,14.6,14.6,13.95,14.0,23902600,HAG
2025-07-25 07:00:00,14.0,14.25,13.95,14.05,16002600,HAG
2025-07-28 07:00:00,14.05,14.45,14.05,14.2,14120700,HAG
2025-07-29 07:00:00,14.2,14.25,13.3,13.3,24380600,HAG
2025-07-30 07:00:00,13.4,13.7,13.25,13.65,11153300,HAG
2025-07-31 07:00:00,14.2,14.25,13.7,13.95,13891500,HAG
2025-08-01 07:00:00,14.1,14.15,13.8,13.9,7879400,HAG
2025-08-04 07:00:00,13.8,14.15,13.75,13.95,7951500,HAG
2025-08-05 07:00:00,14.05,14.9,13.95,14.9,48656000,HAG
2025-08-06 07:00:00,15.35,15.6,15.05,15.2,14548400,HAG
2025-08-07 07:00:00,15.2,15.25,14.9,15.1,14435400,HAG
2025-08-08 07:00:00,15.3,16.15,15.2,16.15,40806500,HAG
2025-08-11 07:00:00,16.5,16.55,15.75,16.0,20169000,HAG
2025-08-12 07:00:00,16.0,16.45,15.75,16.2,18667000,HAG
2025-08-13 07:00:00,16.6,16.8,15.7,16.2,27896900,HAG
2025-08-14 07:00:00,16.1,16.2,15.75,15.9,15954700,HAG
2025-08-15 07:00:00,15.75,16.35,15.6,15.9,19200200,HAG
2025-08-18 07:00:00,16.05,16.7,15.85,16.65,18657200,HAG
2025-08-19 07:00:00,16.85,17.3,16.6,16.65,26227800,HAG
2025-08-20 07:00:00,16.65,16.65,15.55,16.3,37125600,HAG
2025-08-21 07:00:00,16.6,17.05,16.2,16.85,24576000,HAG
2025-08-22 07:00:00,16.55,16.8,15.7,16.1,25870300,HAG
2025-08-25 07:00:00,16.25,17.2,16.25,17.2,43313800,HAG
2025-08-26 07:00:00,17.35,17.4,16.7,17.35,23986100,HAG
2025-08-27 07:00:00,17.4,17.5,16.6,16.7,32215300,HAG
2025-08-28 07:00:00,16.75,16.9,16.2,16.35,17812000,HAG
2025-08-29 07:00:00,16.5,16.75,16.3,16.5,12059000,HAG
2025-09-03 07:00:00,16.2,16.65,16.2,16.4,10170600,HAG
2025-09-04 07:00:00,16.4,16.85,16.4,16.45,9678300,HAG
2025-09-05 07:00:00,16.65,16.95,16.45,16.5,13652600,HAG
2025-09-08 07:00:00,16.35,16.4,15.35,15.35,28350300,HAG
2025-09-09 07:00:00,15.4,15.55,14.95,15.4,9681200,HAG
2025-09-10 07:00:00,15.4,15.45,15.15,15.2,6003700,HAG
2025-09-11 07:00:00,15.2,15.6,15.0,15.55,10523600,HAG
2025-09-12 07:00:00,15.7,15.7,15.45,15.6,5330000,HAG
2025-09-15 07:00:00,15.65,15.85,15.55,15.8,5845100,HAG
2025-09-16 07:00:00,16.2,16.5,15.9,15.95,11975700,HAG
2025-09-17 07:00:00,16.0,16.0,15.6,15.6,4255700,HAG
2025-09-18 07:00:00,15.65,15.8,15.45,15.6,3923300,HAG
2025-09-19 07:00:00,15.65,15.7,15.4,15.4,4834200,HAG
2025-09-22 07:00:00,15.6,15.7,14.95,15.3,9206200,HAG
2025-09-23 07:00:00,15.35,15.45,15.2,15.25,3205100,HAG
2025-09-24 07:00:00,15.15,15.65,15.05,15.65,4363000,HAG
2025-09-25 07:00:00,15.65,16.2,15.55,15.75,8967200,HAG
2025-09-26 07:00:00,15.8,16.35,15.75,15.9,17259700,HAG
2025-09-29 07:00:00,15.9,16.65,15.9,16.4,16255200,HAG
2025-09-30 07:00:00,16.55,16.7,15.8,16.3,12129200,HAG
2025-10-01 07:00:00,16.2,17.2,16.05,16.9,19492500,HAG
2025-10-02 07:00:00,16.95,16.95,16.4,16.75,11890300,HAG
2025-10-03 07:00:00,17.25,17.35,16.5,16.5,15672300,HAG
2025-10-06 07:00:00,16.5,16.7,16.4,16.7,19690900,HAG
2025-10-07 07:00:00,16.75,17.2,16.5,16.7,13154200,HAG
2025-10-08 07:00:00,16.8,17.0,16.5,16.75,9411500,HAG
2025-10-09 07:00:00,16.85,17.2,16.65,17.1,22552300,HAG
2025-10-10 07:00:00,17.2,17.25,17.05,17.15,7140000,HAG
2025-10-13 07:00:00,16.85,17.25,16.7,17.15,15338200,HAG
2025-10-14 07:00:00,17.2,17.2,16.2,16.3,24599000,HAG
2025-10-15 07:00:00,16.35,16.55,16.3,16.3,8290400,HAG
2025-10-16 07:00:00,16.3,16.45,16.0,16.3,12077800,HAG
2025-10-17 07:00:00,16.4,16.55,16.2,16.2,7699100,HAG
2025-10-20 07:00:00,16.2,16.4,15.1,15.3,14144400,HAG
2025-10-21 07:00:00,15.4,15.7,15.05,15.3,10201100,HAG
2025-10-22 07:00:00,15.55,16.2,15.15,15.85,10343300,HAG
2025-10-23 07:00:00,15.8,16.0,15.65,15.65,3576300,HAG
2025-10-24 07:00:00,15.65,15.7,15.3,15.35,6457800,HAG
2025-10-27 07:00:00,15.6,16.2,15.25,15.6,10929400,HAG
2025-10-28 07:00:00,15.6,15.85,15.25,15.85,9441400,HAG
2025-10-29 07:00:00,15.8,16.95,15.8,16.95,24979400,HAG
2025-10-30 07:00:00,16.95,17.25,16.7,17.1,12974800,HAG
2025-10-31 07:00:00,17.15,17.55,16.8,17.1,16352400,HAG
2025-11-03 07:00:00,17.15,17.15,16.4,16.45,12055100,HAG
2025-11-04 07:00:00,16.3,16.9,16.0,16.9,18782000,HAG
2025-11-05 07:00:00,16.85,17.65,16.8,17.25,19341800,HAG
2025-11-06 07:00:00,17.4,17.4,16.7,16.7,6000900,HAG
2025-11-07 07:00:00,16.6,16.95,15.9,15.9,20703900,HAG
2025-11-10 07:00:00,15.7,16.2,15.7,15.8,6212000,HAG
2025-11-11 07:00:00,16.0,16.3,15.85,16.25,5502000,HAG
2025-11-12 07:00:00,16.35,16.5,16.05,16.5,8338500,HAG
2025-11-13 07:00:00,16.65,17.0,16.3,16.5,8192100,HAG
2025-11-14 07:00:00,16.5,17.65,16.5,17.65,38260900,HAG
2025-11-17 07:00:00,17.8,18.85,17.55,18.85,25228100,HAG
2025-11-18 07:00:00,18.85,19.0,18.35,18.85,16208900,HAG
2025-11-19 07:00:00,18.75,18.75,17.55,17.65,48094500,HAG
2025-11-20 07:00:00,17.7,18.1,17.6,17.7,10971300,HAG
2025-11-21 07:00:00,17.5,17.9,17.35,17.8,9651500,HAG
2025-11-24 07:00:00,17.8,18.4,17.65,18.0,10970500,HAG
2025-11-25 07:00:00,18.1,19.25,17.75,18.6,50503100,HAG
2025-11-26 07:00:00,18.6,18.6,18.1,18.5,12814100,HAG
2025-11-27 07:00:00,18.45,18.55,17.55,18.0,15801100,HAG
2025-11-28 07:00:00,18.0,18.1,17.1,17.4,23574200,HAG
2025-12-01 07:00:00,17.6,17.7,17.4,17.45,5576800,HAG
2025-12-02 07:00:00,17.5,17.65,17.15,17.55,8855800,HAG
2025-12-03 07:00:00,17.6,17.9,17.5,17.75,6326400,HAG
2025-12-04 07:00:00,17.7,18.2,17.7,18.05,11035900,HAG
2025-12-05 07:00:00,18.1,18.2,17.95,18.0,10603200,HAG
2025-12-08 07:00:00,18.0,18.15,17.6,18.05,9450900,HAG
2025-12-09 07:00:00,18.0,18.5,17.5,18.0,23581300,HAG
2025-12-10 07:00:00,18.0,18.05,17.7,18.0,4734800,HAG
2025-12-11 07:00:00,18.05,18.9,18.0,18.1,23496100,HAG
2025-12-12 07:00:00,18.25,18.3,17.15,17.15,19518300,HAG
2025-12-15 07:00:00,17.15,17.3,16.9,16.9,14468100,HAG
2025-12-16 07:00:00,17.1,18.05,16.9,17.9,16552900,HAG
2025-12-17 07:00:00,17.65,17.8,17.45,17.5,5532600,HAG
2025-12-18 07:00:00,17.6,17.7,17.45,17.5,3436700,HAG
2025-12-19 07:00:00,17.55,18.1,17.5,18.05,16872000,HAG
2025-12-22 07:00:00,18.15,18.35,17.9,18.25,6317500,HAG
2025-12-23 07:00:00,18.3,18.7,18.15,18.25,13468700,HAG
2025-12-24 07:00:00,18.25,18.5,18.15,18.5,13060500,HAG
2025-12-25 07:00:00,18.6,19.1,18.25,18.25,17835300,HAG
2025-12-26 07:00:00,18.2,18.4,17.35,17.9,22594600,HAG
2025-12-29 07:00:00,17.8,17.85,17.45,17.6,7249800,HAG
2025-12-30 07:00:00,17.65,17.9,17.6,17.75,7172000,HAG
2025-12-31 07:00:00,17.8,17.9,17.55,17.55,5528700,HAG
2026-01-05 07:00:00,17.55,17.75,16.65,16.85,14563700,HAG
2026-01-06 07:00:00,16.95,17.55,16.8,16.9,12015200,HAG
2026-01-07 07:00:00,17.05,17.2,16.8,17.05,9665800,HAG
2026-01-08 07:00:00,17.2,17.45,16.95,17.2,9700100,HAG
2026-01-09 07:00:00,17.15,17.35,16.35,16.6,15694100,HAG
2026-01-12 07:00:00,16.5,17.1,16.4,17.1,8352500,HAG
2026-01-13 07:00:00,17.1,17.5,16.85,17.3,9918600,HAG
2026-01-14 07:00:00,17.4,17.45,17.05,17.35,9407800,HAG
2026-01-15 07:00:00,17.25,17.85,17.1,17.75,11058500,HAG
2026-01-16 07:00:00,17.75,17.9,17.4,17.75,8520300,HAG
2026-01-19 07:00:00,18.0,18.4,17.55,17.55,15255900,HAG
2026-01-20 07:00:00,17.6,17.95,17.55,17.95,9454500,HAG
2026-01-21 07:00:00,17.8,18.4,17.55,17.85,13414700,HAG
2026-01-22 07:00:00,18.0,18.2,17.75,17.85,8153400,HAG
2026-01-23 07:00:00,17.9,18.0,17.55,17.95,9447500,HAG
2026-01-26 07:00:00,17.95,17.95,16.7,16.7,20665400,HAG
2026-01-27 07:00:00,16.8,16.9,16.6,16.7,5676700,HAG
2026-01-28 07:00:00,16.95,16.95,16.5,16.9,6725100,HAG
2026-01-29 07:00:00,16.9,17.1,16.75,17.1,6742000,HAG
2026-01-30 07:00:00,17.1,17.25,16.95,17.25,3821300,HAG
2026-02-02 07:00:00,17.4,17.5,17.15,17.35,7273000,HAG
2026-02-03 07:00:00,17.4,17.45,16.85,17.35,10355200,HAG
2026-02-04 07:00:00,17.3,17.35,17.0,17.35,5542600,HAG
2026-02-05 07:00:00,17.25,17.3,17.0,17.0,4338900,HAG
2026-02-06 07:00:00,16.8,16.9,16.1,16.1,8043200,HAG
2026-02-09 07:00:00,16.15,16.3,15.85,16.25,4842100,HAG
2026-02-10 07:00:00,16.35,16.35,15.9,15.9,3487000,HAG
2026-02-11 07:00:00,16.2,16.4,15.95,16.35,4156500,HAG
2026-02-12 07:00:00,16.35,16.45,16.25,16.45,2214400,HAG
2026-02-13 07:00:00,16.45,16.75,16.3,16.6,3561000,HAG
2026-02-23 07:00:00,16.75,16.8,16.5,16.55,2430400,HAG
2026-02-24 07:00:00,16.5,16.55,16.15,16.4,7503600,HAG
2026-02-25 07:00:00,16.45,16.5,16.15,16.4,5023400,HAG
2026-02-26 07:00:00,16.4,16.45,16.1,16.2,5082200,HAG
2026-02-27 07:00:00,16.2,16.25,15.9,15.95,6415900,HAG
2016-01-04 07:00:00,28.2,28.9,27.7,28.7,1659140,TTF
2016-01-05 07:00:00,28.5,28.9,28.3,28.7,491740,TTF
2016-01-06 07:00:00,28.7,30.0,28.7,30.0,764480,TTF
2016-01-07 07:00:00,30.0,30.0,29.1,29.6,1117070,TTF
2016-01-08 07:00:00,29.3,29.9,29.2,29.7,387290,TTF
2016-01-11 07:00:00,29.7,29.7,29.3,29.4,584200,TTF
2016-01-12 07:00:00,29.3,31.4,29.3,31.4,861110,TTF
2016-01-13 07:00:00,31.2,31.7,31.2,31.6,851810,TTF
2016-01-14 07:00:00,31.5,31.8,31.3,31.7,635910,TTF
2016-01-15 07:00:00,31.8,32.8,31.8,32.7,887270,TTF
2016-01-18 07:00:00,31.4,32.5,31.3,32.5,754060,TTF
2016-01-19 07:00:00,32.3,32.6,31.9,32.6,631770,TTF
2016-01-20 07:00:00,32.5,33.1,32.2,32.9,889390,TTF
2016-01-21 07:00:00,32.8,33.1,32.7,33.0,518430,TTF
2016-01-22 07:00:00,32.8,33.4,32.8,33.2,670840,TTF
2016-01-25 07:00:00,33.5,33.8,33.2,33.8,649060,TTF
2016-01-26 07:00:00,33.8,33.8,33.2,33.3,497060,TTF
2016-01-27 07:00:00,33.2,33.4,32.6,32.6,712570,TTF
2016-01-28 07:00:00,32.2,32.9,32.1,32.1,463700,TTF
2016-01-29 07:00:00,32.0,32.4,31.6,32.0,1128620,TTF
2016-02-01 07:00:00,32.0,32.0,30.6,30.7,1051650,TTF
2016-02-02 07:00:00,31.0,31.5,30.3,31.1,491690,TTF
2016-02-03 07:00:00,31.2,31.3,31.0,31.1,671500,TTF
2016-02-04 07:00:00,31.1,31.5,31.1,31.1,732040,TTF
2016-02-05 07:00:00,31.3,31.6,31.2,31.4,277780,TTF
2016-02-15 07:00:00,31.4,31.5,31.0,31.5,470730,TTF
2016-02-16 07:00:00,31.7,31.8,31.4,31.6,532230,TTF
2016-02-17 07:00:00,31.6,31.6,31.2,31.4,284420,TTF
2016-02-18 07:00:00,31.4,31.4,31.1,31.2,312890,TTF
2016-02-19 07:00:00,31.2,31.2,30.8,30.8,506580,TTF
2016-02-22 07:00:00,31.2,31.3,31.0,31.1,687750,TTF
2016-02-23 07:00:00,31.1,31.5,31.0,31.2,568390,TTF
2016-02-24 07:00:00,31.4,31.7,31.3,31.3,958940,TTF
2016-02-25 07:00:00,31.4,31.5,30.9,31.1,457240,TTF
2016-02-26 07:00:00,31.1,31.2,30.7,31.2,249050,TTF
2016-02-29 07:00:00,31.1,31.3,30.5,30.6,409940,TTF
2016-03-01 07:00:00,30.5,30.6,28.5,28.5,418510,TTF
2016-03-02 07:00:00,26.6,26.8,26.6,26.6,914170,TTF
2016-03-03 07:00:00,24.8,24.8,24.8,24.8,261940,TTF
2016-03-04 07:00:00,23.1,26.3,23.1,26.0,1693390,TTF
2016-03-07 07:00:00,25.2,25.9,24.2,24.2,465570,TTF
2016-03-08 07:00:00,22.8,24.0,22.6,23.2,1357060,TTF
2016-03-09 07:00:00,23.2,23.2,21.7,22.6,662170,TTF
2016-03-10 07:00:00,23.4,24.1,22.7,24.1,473910,TTF
2016-03-11 07:00:00,24.0,24.1,23.3,23.8,194350,TTF
2016-03-14 07:00:00,23.9,24.3,23.5,23.6,195800,TTF
2016-03-15 07:00:00,23.5,23.9,23.5,23.6,347470,TTF
2016-03-16 07:00:00,23.6,24.4,23.6,24.3,490740,TTF
2016-03-17 07:00:00,24.9,25.3,24.5,25.1,536970,TTF
2016-03-18 07:00:00,25.5,26.1,25.2,25.6,1302900,TTF
2016-03-21 07:00:00,25.8,25.9,25.2,25.5,330180,TTF
2016-03-22 07:00:00,25.3,25.3,24.8,25.0,376680,TTF
2016-03-23 07:00:00,25.0,26.0,25.0,26.0,459300,TTF
2016-03-24 07:00:00,25.8,26.6,25.7,26.3,410000,TTF
2016-03-25 07:00:00,26.3,26.3,24.9,26.0,306750,TTF
2016-03-28 07:00:00,26.3,26.3,25.6,25.8,593410,TTF
2016-03-29 07:00:00,25.7,25.9,25.3,25.5,542580,TTF
2016-03-30 07:00:00,25.6,25.6,25.0,25.3,311170,TTF
2016-03-31 07:00:00,25.0,25.3,24.1,24.8,743180,TTF
2016-04-01 07:00:00,24.7,24.7,23.4,23.4,408500,TTF
2016-04-04 07:00:00,23.7,23.7,21.8,21.8,697280,TTF
2016-04-05 07:00:00,21.0,21.1,20.3,20.3,230960,TTF
2016-04-06 07:00:00,18.9,20.8,18.9,20.4,592860,TTF
2016-04-07 07:00:00,20.6,21.8,20.4,21.8,402740,TTF
2016-04-08 07:00:00,23.0,23.0,22.0,22.7,268220,TTF
2016-04-11 07:00:00,22.6,22.6,21.5,22.1,299600,TTF
2016-04-12 07:00:00,22.0,23.6,22.0,23.6,536930,TTF
2016-04-13 07:00:00,24.4,24.6,23.6,24.2,469620,TTF
2016-04-14 07:00:00,24.0,25.3,23.8,25.0,249370,TTF
2016-04-15 07:00:00,25.3,26.1,25.3,25.6,560940,TTF
2016-04-19 07:00:00,26.3,27.3,26.3,27.3,758590,TTF
2016-04-20 07:00:00,28.8,29.2,28.0,29.0,411700,TTF
2016-04-21 07:00:00,29.0,29.0,27.6,28.0,344300,TTF
2016-04-22 07:00:00,28.3,29.0,27.4,29.0,585300,TTF
2016-04-25 07:00:00,29.0,30.4,28.5,29.5,591960,TTF
2016-04-26 07:00:00,29.6,29.6,28.5,28.5,349180,TTF
2016-04-27 07:00:00,28.1,28.8,27.9,28.8,641010,TTF
2016-04-28 07:00:00,28.8,29.9,28.5,29.3,637900,TTF
2016-04-29 07:00:00,29.3,30.2,29.1,30.0,723690,TTF
2016-05-04 07:00:00,30.0,31.4,30.0,31.1,460810,TTF
2016-05-05 07:00:00,31.0,31.8,29.0,29.2,1865630,TTF
2016-05-06 07:00:00,28.5,29.2,27.2,27.2,1096180,TTF
2016-05-09 07:00:00,26.1,29.1,26.0,29.1,679680,TTF
2016-05-10 07:00:00,29.9,29.9,27.1,27.1,3482080,TTF
2016-05-11 07:00:00,28.5,28.9,28.4,28.9,944530,TTF
2016-05-12 07:00:00,30.2,30.9,28.9,30.9,1302250,TTF
2016-05-13 07:00:00,31.2,32.0,30.5,31.5,1263860,TTF
2016-05-16 07:00:00,31.5,32.2,31.5,32.1,851110,TTF
2016-05-17 07:00:00,32.1,32.7,32.1,32.2,441900,TTF
2016-05-18 07:00:00,32.5,32.6,31.2,32.4,926390,TTF
2016-05-19 07:00:00,32.4,33.6,32.4,33.5,793810,TTF
2016-05-20 07:00:00,33.8,35.3,33.7,34.9,659030,TTF
2016-05-23 07:00:00,35.6,37.3,35.3,37.3,531430,TTF
2016-05-24 07:00:00,39.0,39.0,36.5,37.6,813290,TTF
2016-05-25 07:00:00,37.6,37.7,36.5,37.4,808910,TTF
2016-05-26 07:00:00,37.4,37.8,36.3,37.0,722450,TTF
2016-05-27 07:00:00,35.1,37.0,34.7,35.5,832090,TTF
2016-05-30 07:00:00,35.5,35.8,34.2,35.5,458880,TTF
2016-05-31 07:00:00,36.0,37.6,35.8,36.9,682520,TTF
2016-06-01 07:00:00,36.9,37.0,35.9,36.9,833840,TTF
2016-06-02 07:00:00,36.9,37.0,36.5,36.9,147280,TTF
2016-06-03 07:00:00,36.9,37.7,36.9,37.5,694830,TTF
2016-06-06 07:00:00,38.1,38.4,37.5,38.0,608210,TTF
2016-06-07 07:00:00,38.0,39.0,38.0,39.0,687060,TTF
2016-06-08 07:00:00,39.4,39.5,38.7,39.2,373220,TTF
2016-06-09 07:00:00,39.2,39.5,38.7,39.5,410500,TTF
2016-06-10 07:00:00,39.4,39.9,39.4,39.7,272620,TTF
2016-06-13 07:00:00,40.0,40.0,38.3,39.0,675710,TTF
2016-06-14 07:00:00,38.7,39.0,38.3,38.7,310070,TTF
2016-06-15 07:00:00,38.7,38.8,37.8,38.8,529140,TTF
2016-06-16 07:00:00,39.0,39.0,38.0,38.4,570540,TTF
2016-06-17 07:00:00,38.5,38.6,37.9,38.3,435130,TTF
2016-06-20 07:00:00,38.3,38.5,37.6,38.0,742680,TTF
2016-06-21 07:00:00,38.0,38.0,37.0,37.0,714490,TTF
2016-06-22 07:00:00,37.0,38.0,37.0,37.5,296120,TTF
2016-06-23 07:00:00,38.0,38.0,37.4,37.6,227080,TTF
2016-06-24 07:00:00,37.3,37.8,35.0,37.8,563960,TTF
2016-06-27 07:00:00,37.8,38.2,37.3,38.0,283040,TTF
2016-06-28 07:00:00,38.3,38.5,37.8,37.8,135820,TTF
2016-06-29 07:00:00,38.0,38.0,37.4,37.6,442850,TTF
2016-06-30 07:00:00,37.6,38.3,37.6,37.8,388400,TTF
2016-07-01 07:00:00,37.8,38.0,37.5,37.7,385140,TTF
2016-07-04 07:00:00,37.7,37.8,37.0,37.7,568090,TTF
2016-07-05 07:00:00,37.7,37.7,37.3,37.5,248200,TTF
2016-07-06 07:00:00,37.5,37.5,36.4,37.2,366360,TTF
2016-07-07 07:00:00,37.5,37.9,37.1,37.3,360650,TTF
2016-07-08 07:00:00,37.3,37.3,36.8,37.3,176710,TTF
2016-07-11 07:00:00,37.3,37.3,36.8,36.8,324780,TTF
2016-07-12 07:00:00,36.6,37.0,36.1,36.7,116970,TTF
2016-07-13 07:00:00,36.6,36.9,36.2,36.8,141540,TTF
2016-07-14 07:00:00,36.7,39.3,36.7,39.3,873120,TTF
2016-07-15 07:00:00,40.5,42.0,40.5,41.6,469910,TTF
2016-07-18 07:00:00,42.9,43.6,42.7,43.6,503620,TTF
2016-07-19 07:00:00,43.7,43.7,40.6,40.6,400420,TTF
2016-07-20 07:00:00,37.8,37.8,37.8,37.8,16480,TTF
2016-07-21 07:00:00,35.2,35.9,35.2,35.2,666760,TTF
2016-07-22 07:00:00,32.8,32.8,32.8,32.8,11610,TTF
2016-07-25 07:00:00,30.6,30.6,30.6,30.6,10550,TTF
2016-07-26 07:00:00,28.5,28.5,28.5,28.5,14320,TTF
2016-07-27 07:00:00,26.6,26.6,26.6,26.6,37140,TTF
2016-07-28 07:00:00,24.8,24.8,24.8,24.8,19850,TTF
2016-07-29 07:00:00,23.1,23.1,23.1,23.1,264340,TTF
2016-08-01 07:00:00,21.5,21.5,21.5,21.5,10900,TTF
2016-08-02 07:00:00,20.0,20.0,20.0,20.0,4640,TTF
2016-08-03 07:00:00,18.6,18.6,18.6,18.6,10,TTF
2016-08-04 07:00:00,18.6,18.6,17.3,17.3,550,TTF
2016-08-05 07:00:00,16.1,16.1,16.1,16.1,40,TTF
2016-08-08 07:00:00,15.0,15.0,15.0,15.0,11140,TTF
2016-08-09 07:00:00,14.0,14.0,14.0,14.0,10,TTF
2016-08-10 07:00:00,13.1,13.1,13.1,13.1,180,TTF
2016-08-11 07:00:00,12.2,12.2,12.2,12.2,30,TTF
2016-08-12 07:00:00,11.4,11.4,11.4,11.4,2060,TTF
2016-08-15 07:00:00,10.7,10.7,10.7,10.7,391920,TTF
2016-08-16 07:00:00,10.0,10.0,10.0,10.0,1319810,TTF
2016-08-17 07:00:00,9.3,9.3,9.3,9.3,232490,TTF
2016-08-18 07:00:00,8.7,8.7,8.7,8.7,143890,TTF
2016-08-19 07:00:00,8.1,8.1,8.1,8.1,582780,TTF
2016-08-22 07:00:00,7.6,8.6,7.6,8.6,12906770,TTF
2016-08-23 07:00:00,9.2,9.2,9.2,9.2,89840,TTF
2016-08-24 07:00:00,9.8,9.8,9.7,9.8,2603080,TTF
2016-08-25 07:00:00,9.6,10.4,9.2,10.4,9909990,TTF
2016-08-26 07:00:00,11.1,11.1,11.0,11.1,743000,TTF
2016-08-29 07:00:00,11.8,11.8,11.8,11.8,661570,TTF
2016-08-30 07:00:00,12.6,12.6,12.1,12.6,1856690,TTF
2016-08-31 07:00:00,13.4,13.4,13.4,13.4,149040,TTF
2016-09-01 07:00:00,12.5,14.3,12.5,12.5,8092940,TTF
2016-09-05 07:00:00,11.7,11.7,11.7,11.7,437040,TTF
2016-09-06 07:00:00,10.9,10.9,10.9,10.9,102090,TTF
2016-09-07 07:00:00,10.2,10.2,10.2,10.2,31100,TTF
2016-09-08 07:00:00,9.5,9.5,9.5,9.5,76030,TTF
2016-09-09 07:00:00,8.9,8.9,8.9,8.9,112430,TTF
2016-09-12 07:00:00,8.28,9.52,8.28,9.52,2093150,TTF
2016-09-13 07:00:00,10.15,10.15,10.15,10.15,611280,TTF
2016-09-14 07:00:00,10.85,10.85,10.85,10.85,100560,TTF
2016-09-15 07:00:00,11.5,11.6,10.1,10.1,2568000,TTF
2016-09-16 07:00:00,9.4,10.3,9.4,10.3,2345170,TTF
2016-09-19 07:00:00,10.8,11.0,10.4,10.5,726280,TTF
2016-09-20 07:00:00,10.5,10.5,9.77,9.95,690100,TTF
2016-09-21 07:00:00,9.52,9.8,9.26,9.26,683500,TTF
2016-09-22 07:00:00,9.27,9.8,9.0,9.2,428940,TTF
2016-09-23 07:00:00,9.03,9.6,9.03,9.32,599460,TTF
2016-09-26 07:00:00,9.32,9.58,8.9,8.9,591430,TTF
2016-09-27 07:00:00,8.8,9.1,8.45,8.5,490150,TTF
2016-09-28 07:00:00,8.54,8.54,7.91,7.91,1244060,TTF
2016-09-29 07:00:00,7.6,8.4,7.49,7.52,645100,TTF
2016-09-30 07:00:00,7.52,8.04,7.5,8.04,101530,TTF
2016-10-03 07:00:00,8.6,8.6,8.6,8.6,65740,TTF
2016-10-04 07:00:00,9.2,9.2,8.65,8.9,1309900,TTF
2016-10-05 07:00:00,8.4,9.0,8.4,8.5,280140,TTF
2016-10-06 07:00:00,8.7,8.9,8.5,8.6,247490,TTF
2016-10-07 07:00:00,8.7,9.1,8.25,9.0,282500,TTF
2016-10-10 07:00:00,9.0,9.0,8.67,8.75,104320,TTF
2016-10-11 07:00:00,8.7,9.0,8.53,8.89,153310,TTF
2016-10-12 07:00:00,9.2,9.2,8.7,8.7,204910,TTF
2016-10-13 07:00:00,8.9,8.9,8.61,8.7,132940,TTF
2016-10-14 07:00:00,8.7,8.88,8.7,8.72,138400,TTF
2016-10-17 07:00:00,8.72,8.72,8.5,8.5,380600,TTF
2016-10-18 07:00:00,8.5,8.59,7.91,7.91,484650,TTF
2016-10-19 07:00:00,7.91,8.35,7.6,7.9,176340,TTF
2016-10-20 07:00:00,7.72,8.09,7.72,8.09,83950,TTF
2016-10-21 07:00:00,8.0,8.09,7.8,8.0,97120,TTF
2016-10-24 07:00:00,7.9,8.09,7.81,7.92,142640,TTF
2016-10-25 07:00:00,7.9,8.09,7.9,7.92,106450,TTF
2016-10-26 07:00:00,7.8,7.95,7.8,7.92,85070,TTF
2016-10-27 07:00:00,7.92,8.2,7.92,8.11,129050,TTF
2016-10-28 07:00:00,8.2,8.4,8.1,8.31,134450,TTF
2016-10-31 07:00:00,8.3,8.32,8.01,8.03,172800,TTF
2016-11-01 07:00:00,8.11,8.31,8.11,8.23,62510,TTF
2016-11-02 07:00:00,8.2,8.2,7.66,7.66,482540,TTF
2016-11-03 07:00:00,7.13,7.13,7.13,7.13,24240,TTF
2016-11-04 07:00:00,6.64,6.64,6.64,6.64,8460,TTF
2016-11-07 07:00:00,6.18,6.18,6.18,6.18,9330,TTF
2016-11-08 07:00:00,5.75,5.75,5.75,5.75,83090,TTF
2016-11-09 07:00:00,5.35,5.35,5.35,5.35,5330,TTF
2016-11-10 07:00:00,4.98,5.72,4.98,5.6,1706660,TTF
2016-11-11 07:00:00,5.6,5.72,5.21,5.64,369630,TTF
2016-11-14 07:00:00,5.66,5.9,5.26,5.26,209590,TTF
2016-11-15 07:00:00,5.0,5.0,4.9,4.9,436750,TTF
2016-11-16 07:00:00,4.56,4.68,4.56,4.56,932370,TTF
2016-11-17 07:00:00,4.26,4.65,4.25,4.25,642640,TTF
2016-11-18 07:00:00,4.25,4.25,3.96,4.09,671340,TTF
2016-11-21 07:00:00,3.81,4.37,3.81,4.37,451480,TTF
2016-11-22 07:00:00,4.57,4.67,4.5,4.67,291890,TTF
2016-11-23 07:00:00,4.99,4.99,4.98,4.99,125320,TTF
2016-11-24 07:00:00,5.33,5.33,5.2,5.33,2432440,TTF
2016-11-25 07:00:00,5.7,5.7,4.96,4.96,662560,TTF
2016-11-28 07:00:00,4.62,4.62,4.62,4.62,26290,TTF
2016-11-29 07:00:00,4.3,4.94,4.3,4.41,898770,TTF
2016-11-30 07:00:00,4.7,4.71,4.69,4.71,284690,TTF
2016-12-01 07:00:00,5.03,5.03,5.03,5.03,13460,TTF
2016-12-02 07:00:00,5.38,5.38,5.38,5.38,80900,TTF
2016-12-05 07:00:00,5.75,5.75,5.7,5.75,732630,TTF
2016-12-06 07:00:00,6.15,6.15,6.15,6.15,117220,TTF
2016-12-07 07:00:00,6.58,6.58,6.58,6.58,38470,TTF
2016-12-08 07:00:00,7.04,7.04,6.6,7.04,1549010,TTF
2016-12-09 07:00:00,7.02,7.05,6.55,6.55,292030,TTF
2016-12-12 07:00:00,6.55,6.55,6.1,6.1,243770,TTF
2016-12-13 07:00:00,5.68,6.0,5.68,5.68,431920,TTF
2016-12-14 07:00:00,5.7,6.07,5.35,6.07,404810,TTF
2016-12-15 07:00:00,6.4,6.4,6.07,6.07,104330,TTF
2016-12-16 07:00:00,6.14,6.15,5.7,6.0,149740,TTF
2016-12-19 07:00:00,5.8,6.42,5.8,6.03,112880,TTF
2016-12-20 07:00:00,6.09,6.09,5.61,5.61,229900,TTF
2016-12-21 07:00:00,6.0,6.0,5.35,5.62,43980,TTF
2016-12-22 07:00:00,5.3,6.0,5.3,5.9,173110,TTF
2016-12-23 07:00:00,6.0,6.3,6.0,6.26,388980,TTF
2016-12-26 07:00:00,6.26,6.6,6.0,6.0,159200,TTF
2016-12-27 07:00:00,6.0,6.1,5.9,6.0,80740,TTF
2016-12-28 07:00:00,6.0,6.0,5.62,5.97,216570,TTF
2016-12-29 07:00:00,6.2,6.2,5.79,5.79,173150,TTF
2016-12-30 07:00:00,5.39,5.39,5.39,5.39,34090,TTF
2017-01-03 07:00:00,5.02,5.76,5.02,5.76,969660,TTF
2017-01-04 07:00:00,5.78,6.1,5.78,6.1,464500,TTF
2017-01-05 07:00:00,6.1,6.1,5.95,6.1,195230,TTF
2017-01-06 07:00:00,6.01,6.01,5.72,5.85,85510,TTF
2017-01-09 07:00:00,5.82,5.9,5.51,5.89,279860,TTF
2017-01-10 07:00:00,5.5,5.89,5.5,5.83,78670,TTF
2017-01-11 07:00:00,6.2,6.2,5.55,5.7,93810,TTF
2017-01-12 07:00:00,5.7,5.79,5.55,5.79,52550,TTF
2017-01-13 07:00:00,6.09,6.09,5.5,5.51,45080,TTF
2017-01-16 07:00:00,5.36,5.78,5.36,5.6,55080,TTF
2017-01-17 07:00:00,5.62,5.64,5.53,5.62,69060,TTF
2017-01-18 07:00:00,5.36,5.63,5.36,5.59,59080,TTF
2017-01-19 07:00:00,5.62,5.62,5.25,5.5,54460,TTF
2017-01-20 07:00:00,5.6,5.6,5.2,5.4,191640,TTF
2017-01-23 07:00:00,5.4,5.4,5.03,5.03,126100,TTF
2017-01-24 07:00:00,5.3,5.3,4.82,5.09,36980,TTF
2017-01-25 07:00:00,5.09,5.4,5.0,5.2,35580,TTF
2017-02-02 07:00:00,5.0,5.49,5.0,5.4,83080,TTF
2017-02-03 07:00:00,5.03,5.03,5.03,5.03,96920,TTF
2017-02-06 07:00:00,4.68,4.68,4.68,4.68,78290,TTF
2017-02-07 07:00:00,4.36,5.0,4.36,5.0,1205230,TTF
2017-02-08 07:00:00,5.35,5.35,4.65,4.65,81600,TTF
2017-02-09 07:00:00,4.33,4.97,4.33,4.97,592820,TTF
2017-02-10 07:00:00,5.1,5.31,4.97,5.31,427980,TTF
2017-02-13 07:00:00,5.65,5.68,5.4,5.5,152480,TTF
2017-02-14 07:00:00,5.5,5.74,5.5,5.51,365130,TTF
2017-02-15 07:00:00,5.6,5.6,5.14,5.44,134430,TTF
2017-02-16 07:00:00,5.65,5.65,5.2,5.28,209250,TTF
2017-02-17 07:00:00,5.44,5.64,5.0,5.64,703620,TTF
2017-02-20 07:00:00,6.03,6.03,5.64,5.85,67630,TTF
2017-02-21 07:00:00,6.2,6.25,5.85,6.25,352850,TTF
2017-02-22 07:00:00,6.6,6.68,6.59,6.68,127500,TTF
2017-02-23 07:00:00,7.14,7.14,6.8,7.06,987180,TTF
2017-02-24 07:00:00,7.1,7.35,6.6,6.64,116630,TTF
2017-02-27 07:00:00,6.5,6.64,6.49,6.5,115930,TTF
2017-02-28 07:00:00,6.9,6.95,6.36,6.36,412310,TTF
2017-03-01 07:00:00,6.35,6.35,5.93,5.96,203950,TTF
2017-03-02 07:00:00,5.6,6.37,5.6,6.3,538750,TTF
2017-03-03 07:00:00,6.74,6.74,6.73,6.74,629920,TTF
2017-03-06 07:00:00,7.21,7.21,7.21,7.21,98830,TTF
2017-03-07 07:00:00,7.71,7.71,7.71,7.71,87560,TTF
2017-03-08 07:00:00,8.24,8.24,8.0,8.24,787430,TTF
2017-03-09 07:00:00,8.81,8.81,8.3,8.81,344630,TTF
2017-03-10 07:00:00,9.4,9.42,8.2,8.82,763110,TTF
2017-03-13 07:00:00,8.9,9.4,8.31,9.0,446930,TTF
2017-03-14 07:00:00,9.1,9.44,8.8,8.8,674080,TTF
2017-03-15 07:00:00,8.8,9.19,8.7,9.0,405680,TTF
2017-03-16 07:00:00,9.19,9.4,8.81,8.9,360070,TTF
2017-03-17 07:00:00,8.9,9.09,8.7,8.7,152120,TTF
2017-03-20 07:00:00,9.3,9.3,8.1,8.1,832950,TTF
2017-03-21 07:00:00,7.8,8.6,7.8,7.9,614040,TTF
2017-03-22 07:00:00,8.2,8.34,7.45,7.45,767170,TTF
2017-03-23 07:00:00,7.45,7.51,7.4,7.51,463710,TTF
2017-03-24 07:00:00,8.03,8.03,7.6,8.03,726130,TTF
2017-03-27 07:00:00,8.59,8.59,8.59,8.59,983660,TTF
2017-03-28 07:00:00,9.19,9.19,8.51,8.6,916260,TTF
2017-03-29 07:00:00,8.6,8.7,8.0,8.0,1073100,TTF
2017-03-30 07:00:00,7.45,8.29,7.44,7.51,878600,TTF
2017-03-31 07:00:00,7.51,7.9,7.3,7.3,514520,TTF
2017-04-03 07:00:00,7.21,7.81,7.0,7.5,716020,TTF
2017-04-04 07:00:00,7.5,8.02,7.41,8.02,509910,TTF
2017-04-05 07:00:00,8.1,8.58,8.1,8.58,318530,TTF
2017-04-07 07:00:00,9.18,9.18,9.0,9.18,1121820,TTF
2017-04-10 07:00:00,9.7,9.8,9.0,9.05,562590,TTF
2017-04-11 07:00:00,9.29,9.29,8.6,8.62,382690,TTF
2017-04-12 07:00:00,8.2,8.8,8.02,8.02,509620,TTF
2017-04-13 07:00:00,8.0,8.45,7.6,8.1,477330,TTF
2017-04-14 07:00:00,8.1,8.4,8.0,8.4,225860,TTF
2017-04-17 07:00:00,8.4,8.6,7.9,7.9,491630,TTF
2017-04-18 07:00:00,7.9,7.9,7.73,7.9,135880,TTF
2017-04-19 07:00:00,8.2,8.2,7.5,7.76,177930,TTF
2017-04-20 07:00:00,7.5,7.5,7.22,7.22,952550,TTF
2017-04-21 07:00:00,7.0,7.05,6.75,6.75,596330,TTF
2017-04-24 07:00:00,6.75,7.22,6.5,6.5,426210,TTF
2017-04-25 07:00:00,6.89,6.94,6.6,6.94,423950,TTF
2017-04-26 07:00:00,6.94,7.3,6.94,7.13,346690,TTF
2017-04-27 07:00:00,7.3,7.3,7.0,7.15,178200,TTF
2017-04-28 07:00:00,7.22,7.22,6.85,6.85,282160,TTF
2017-05-03 07:00:00,7.0,7.0,6.87,6.88,143690,TTF
2017-05-04 07:00:00,6.9,7.3,6.9,7.3,364470,TTF
2017-05-05 07:00:00,7.5,7.65,7.31,7.6,572740,TTF
2017-05-08 07:00:00,8.13,8.13,8.13,8.13,35360,TTF
2017-05-09 07:00:00,8.69,8.69,8.69,8.69,93970,TTF
2017-05-10 07:00:00,9.29,9.29,8.5,8.85,3800940,TTF
2017-05-11 07:00:00,9.4,9.4,8.25,8.35,749160,TTF
2017-05-12 07:00:00,8.35,8.92,8.35,8.75,669220,TTF
2017-05-15 07:00:00,8.75,9.19,8.75,8.91,985400,TTF
2017-05-16 07:00:00,9.0,9.1,8.71,8.71,579630,TTF
2017-05-17 07:00:00,8.8,8.9,8.6,8.8,458430,TTF
2017-05-18 07:00:00,8.99,8.99,8.41,8.41,449580,TTF
2017-05-19 07:00:00,8.41,8.42,8.31,8.31,273920,TTF
2017-05-22 07:00:00,8.89,8.89,8.4,8.7,517470,TTF
2017-05-23 07:00:00,8.89,8.89,8.5,8.5,250730,TTF
2017-05-24 07:00:00,8.5,8.65,8.3,8.3,310120,TTF
2017-05-25 07:00:00,8.3,8.5,8.22,8.36,247230,TTF
2017-05-26 07:00:00,8.36,8.5,8.3,8.36,167310,TTF
2017-05-29 07:00:00,8.48,8.48,8.36,8.4,227410,TTF
2017-05-30 07:00:00,8.0,8.45,7.82,8.4,422870,TTF
2017-05-31 07:00:00,8.6,8.65,8.35,8.4,375480,TTF
2017-06-01 07:00:00,8.4,8.98,8.4,8.94,720700,TTF
2017-06-02 07:00:00,9.0,9.2,8.75,8.98,246050,TTF
2017-06-05 07:00:00,9.0,9.3,8.96,8.96,362520,TTF
2017-06-06 07:00:00,8.96,9.0,8.78,8.78,250030,TTF
2017-06-07 07:00:00,8.8,8.8,8.65,8.7,202620,TTF
2017-06-08 07:00:00,8.8,8.8,8.55,8.69,120820,TTF
2017-06-09 07:00:00,8.68,8.68,8.46,8.46,260370,TTF
2017-06-12 07:00:00,8.1,8.65,8.1,8.45,129880,TTF
2017-06-13 07:00:00,8.45,8.48,8.35,8.35,152070,TTF
2017-06-14 07:00:00,8.6,8.6,8.4,8.5,330370,TTF
2017-06-15 07:00:00,8.55,8.6,8.42,8.51,95520,TTF
2017-06-16 07:00:00,8.51,8.88,8.51,8.85,260990,TTF
2017-06-19 07:00:00,9.1,9.3,9.0,9.05,821180,TTF
2017-06-20 07:00:00,9.05,9.15,8.9,9.0,346340,TTF
2017-06-21 07:00:00,8.9,8.9,8.65,8.72,214330,TTF
2017-06-22 07:00:00,8.72,8.9,8.72,8.75,226580,TTF
2017-06-23 07:00:00,8.75,8.82,8.6,8.8,219920,TTF
2017-06-26 07:00:00,8.99,8.99,8.5,8.62,316310,TTF
2017-06-27 07:00:00,8.7,8.7,8.1,8.22,863150,TTF
2017-06-28 07:00:00,8.0,8.25,7.8,7.8,577460,TTF
2017-06-29 07:00:00,8.3,8.3,7.4,7.4,443060,TTF
2017-06-30 07:00:00,7.4,7.8,7.35,7.65,366510,TTF
2017-07-03 07:00:00,7.99,7.99,7.65,7.82,232770,TTF
2017-07-04 07:00:00,7.82,7.98,7.8,7.82,270310,TTF
2017-07-05 07:00:00,7.82,7.85,7.6,7.85,384940,TTF
2017-07-06 07:00:00,7.85,7.9,7.76,7.85,291110,TTF
2017-07-07 07:00:00,7.9,7.9,7.54,7.65,341520,TTF
2017-07-10 07:00:00,7.7,7.7,7.25,7.5,289940,TTF
2017-07-11 07:00:00,7.5,7.5,7.31,7.5,141350,TTF
2017-07-12 07:00:00,7.45,7.5,7.37,7.4,136500,TTF
2017-07-13 07:00:00,7.4,7.5,7.36,7.45,363870,TTF
2017-07-14 07:00:00,7.45,7.6,7.0,7.3,626230,TTF
2017-07-17 07:00:00,7.39,7.4,7.0,7.25,344910,TTF
2017-07-18 07:00:00,7.0,7.3,7.0,7.3,108020,TTF
2017-07-19 07:00:00,7.3,7.4,7.2,7.2,127480,TTF
2017-07-20 07:00:00,7.2,7.28,7.2,7.26,134480,TTF
2017-07-21 07:00:00,7.26,7.55,7.26,7.42,75570,TTF
2017-07-24 07:00:00,7.42,7.6,7.38,7.38,118230,TTF
2017-07-25 07:00:00,7.55,7.55,7.35,7.38,142580,TTF
2017-07-26 07:00:00,7.59,7.59,7.36,7.5,164590,TTF
2017-07-27 07:00:00,7.5,7.59,7.41,7.5,133040,TTF
2017-07-28 07:00:00,7.48,7.5,7.4,7.48,211300,TTF
2017-07-31 07:00:00,7.45,7.5,7.3,7.5,343910,TTF
2017-08-01 07:00:00,7.6,7.7,7.5,7.54,128290,TTF
2017-08-02 07:00:00,7.58,7.58,7.45,7.45,133270,TTF
2017-08-03 07:00:00,7.5,7.9,7.43,7.5,250860,TTF
2017-08-04 07:00:00,7.46,7.69,7.46,7.64,106090,TTF
2017-08-07 07:00:00,7.6,7.6,7.5,7.5,80180,TTF
2017-08-08 07:00:00,7.45,7.5,7.27,7.4,352060,TTF
2017-08-09 07:00:00,7.35,7.38,7.1,7.3,480300,TTF
2017-08-10 07:00:00,7.4,7.5,7.26,7.3,174260,TTF
2017-08-11 07:00:00,7.47,7.47,7.15,7.15,37160,TTF
2017-08-14 07:00:00,7.15,7.6,7.15,7.38,102200,TTF
2017-08-15 07:00:00,7.28,7.4,7.28,7.28,19700,TTF
2017-08-16 07:00:00,7.3,7.3,7.25,7.25,75180,TTF
2017-08-17 07:00:00,7.44,7.44,6.8,6.8,329480,TTF
2017-08-18 07:00:00,6.8,7.11,6.8,7.11,206400,TTF
2017-08-21 07:00:00,7.4,7.4,7.1,7.17,101940,TTF
2017-08-22 07:00:00,7.25,7.3,7.18,7.25,102770,TTF
2017-08-23 07:00:00,7.37,7.37,7.0,7.26,135440,TTF
2017-08-24 07:00:00,7.3,7.3,7.12,7.16,102850,TTF
2017-08-25 07:00:00,7.18,7.2,7.16,7.16,183250,TTF
2017-08-28 07:00:00,7.3,7.3,6.9,7.16,233520,TTF
2017-08-29 07:00:00,7.3,7.66,7.1,7.35,577000,TTF
2017-08-30 07:00:00,7.5,7.5,7.3,7.37,158170,TTF
2017-08-31 07:00:00,7.4,7.4,7.21,7.21,197500,TTF
2017-09-01 07:00:00,7.3,7.3,7.13,7.18,126360,TTF
2017-09-05 07:00:00,7.0,7.15,7.0,7.05,170100,TTF
2017-09-06 07:00:00,7.03,7.15,6.99,7.0,153160,TTF
2017-09-07 07:00:00,7.0,7.1,6.98,7.0,110620,TTF
2017-09-08 07:00:00,7.1,7.2,7.05,7.15,35430,TTF
2017-09-11 07:00:00,7.3,7.35,7.15,7.35,232000,TTF
2017-09-12 07:00:00,7.35,7.86,7.35,7.74,628270,TTF
2017-09-13 07:00:00,7.9,8.2,7.9,8.0,425870,TTF
2017-09-14 07:00:00,8.0,8.1,7.85,8.0,233790,TTF
2017-09-15 07:00:00,8.0,8.4,7.9,8.3,531150,TTF
2017-09-18 07:00:00,7.99,8.35,7.72,8.0,470490,TTF
2017-09-19 07:00:00,7.8,7.85,7.45,7.45,461750,TTF
2017-09-20 07:00:00,7.1,7.5,7.1,7.3,435500,TTF
2017-09-21 07:00:00,7.3,7.81,7.29,7.75,383490,TTF
2017-09-22 07:00:00,7.75,8.1,7.75,7.9,235210,TTF
2017-09-25 07:00:00,7.9,8.0,7.4,7.4,216540,TTF
2017-09-26 07:00:00,7.91,7.91,7.1,7.5,340650,TTF
2017-09-27 07:00:00,7.7,7.91,7.6,7.8,487970,TTF
2017-09-28 07:00:00,7.9,8.1,7.8,7.9,273430,TTF
2017-09-29 07:00:00,8.0,8.0,7.61,7.61,137270,TTF
2017-10-02 07:00:00,7.61,7.61,7.1,7.3,117140,TTF
2017-10-03 07:00:00,7.3,7.4,7.2,7.4,140880,TTF
2017-10-04 07:00:00,7.4,7.5,7.2,7.5,19940,TTF
2017-10-05 07:00:00,7.5,7.5,7.21,7.48,39210,TTF
2017-10-06 07:00:00,7.7,7.7,7.2,7.21,151830,TTF
2017-10-09 07:00:00,7.3,7.3,7.05,7.05,148340,TTF
2017-10-10 07:00:00,7.4,7.4,7.06,7.1,133780,TTF
2017-10-11 07:00:00,7.3,7.35,7.1,7.11,104060,TTF
2017-10-12 07:00:00,7.12,7.12,7.05,7.1,77720,TTF
2017-10-13 07:00:00,7.1,7.15,7.01,7.14,104990,TTF
2017-10-16 07:00:00,7.25,7.25,7.15,7.15,39170,TTF
2017-10-17 07:00:00,7.3,7.3,6.99,7.02,191300,TTF
2017-10-18 07:00:00,7.02,7.18,7.0,7.15,42730,TTF
2017-10-19 07:00:00,7.15,7.15,6.97,7.14,45210,TTF
2017-10-20 07:00:00,7.14,7.14,7.0,7.09,25300,TTF
2017-10-23 07:00:00,7.05,7.1,6.85,6.85,88040,TTF
2017-10-24 07:00:00,6.9,6.9,6.8,6.8,61070,TTF
2017-10-25 07:00:00,6.9,7.0,6.51,6.51,189140,TTF
2017-10-26 07:00:00,6.76,6.96,6.7,6.96,3680,TTF
2017-10-27 07:00:00,7.44,7.44,7.44,7.44,240820,TTF
2017-10-30 07:00:00,7.96,7.96,7.5,7.7,1245230,TTF
2017-10-31 07:00:00,7.9,7.9,7.43,7.6,197470,TTF
2017-11-01 07:00:00,7.7,7.7,7.15,7.17,97870,TTF
2017-11-02 07:00:00,7.0,7.4,7.0,7.18,372570,TTF
2017-11-03 07:00:00,7.45,7.45,6.7,6.7,95280,TTF
2017-11-06 07:00:00,7.0,7.0,6.76,6.9,278440,TTF
2017-11-07 07:00:00,7.05,7.19,7.05,7.15,85920,TTF
2017-11-08 07:00:00,7.0,7.16,6.8,6.98,420290,TTF
2017-11-09 07:00:00,6.86,7.0,6.86,6.9,175600,TTF
2017-11-10 07:00:00,6.9,7.0,6.7,6.9,197000,TTF
2017-11-13 07:00:00,7.2,7.2,6.8,6.8,377630,TTF
2017-11-14 07:00:00,7.0,7.0,6.8,6.81,332630,TTF
2017-11-15 07:00:00,6.81,6.9,6.73,6.88,93810,TTF
2017-11-16 07:00:00,7.0,7.0,6.8,6.85,138730,TTF
2017-11-17 07:00:00,7.15,7.2,6.8,6.85,189240,TTF
2017-11-20 07:00:00,7.0,7.2,6.8,6.88,453180,TTF
2017-11-21 07:00:00,6.8,6.92,6.8,6.9,309580,TTF
2017-11-22 07:00:00,6.98,7.12,6.88,7.0,593000,TTF
2017-11-23 07:00:00,7.1,7.1,6.88,6.9,257390,TTF
2017-11-24 07:00:00,7.0,7.0,6.78,6.89,298430,TTF
2017-11-27 07:00:00,7.37,7.37,6.75,6.86,287520,TTF
2017-11-28 07:00:00,6.86,6.9,6.79,6.8,258770,TTF
2017-11-29 07:00:00,7.0,7.0,6.76,6.76,238520,TTF
2017-11-30 07:00:00,6.8,6.8,6.5,6.55,226900,TTF
2017-12-01 07:00:00,6.5,6.78,6.5,6.7,163240,TTF
2017-12-04 07:00:00,6.24,6.89,6.24,6.7,289820,TTF
2017-12-05 07:00:00,6.3,7.1,6.3,7.0,695290,TTF
2017-12-06 07:00:00,7.02,7.49,7.02,7.15,1077570,TTF
2017-12-07 07:00:00,6.8,7.34,6.8,7.28,203630,TTF
2017-12-08 07:00:00,7.15,7.5,7.15,7.35,661140,TTF
2017-12-11 07:00:00,7.35,7.86,7.35,7.86,910960,TTF
2017-12-12 07:00:00,8.3,8.41,7.86,8.18,822780,TTF
2017-12-13 07:00:00,8.4,8.4,7.9,8.0,762460,TTF
2017-12-14 07:00:00,8.56,8.56,7.44,7.9,2126580,TTF
2017-12-15 07:00:00,8.0,8.45,7.5,7.56,996560,TTF
2017-12-18 07:00:00,8.01,8.01,7.5,7.7,432260,TTF
2017-12-19 07:00:00,8.2,8.2,7.25,7.25,535010,TTF
2017-12-20 07:00:00,6.75,7.48,6.75,7.48,402960,TTF
2017-12-21 07:00:00,7.6,7.8,7.3,7.3,496690,TTF
2017-12-22 07:00:00,7.55,7.55,6.79,7.55,368140,TTF
2017-12-25 07:00:00,7.7,7.7,7.35,7.4,151300,TTF
2017-12-26 07:00:00,7.7,7.85,7.42,7.46,583290,TTF
2017-12-27 07:00:00,7.6,7.6,7.2,7.39,449300,TTF
2017-12-28 07:00:00,6.88,7.4,6.88,7.2,239280,TTF
2017-12-29 07:00:00,7.0,7.39,7.0,7.39,222640,TTF
2018-01-02 07:00:00,6.9,7.4,6.9,7.19,353100,TTF
2018-01-03 07:00:00,7.19,7.34,7.15,7.25,309150,TTF
2018-01-04 07:00:00,7.7,7.7,7.25,7.27,254350,TTF
2018-01-05 07:00:00,7.2,7.5,7.19,7.3,380780,TTF
2018-01-08 07:00:00,7.3,7.35,7.0,7.16,522710,TTF
2018-01-09 07:00:00,7.1,7.2,7.05,7.2,266440,TTF
2018-01-10 07:00:00,7.4,7.7,7.3,7.7,2069650,TTF
2018-01-11 07:00:00,7.8,8.15,7.5,7.5,995740,TTF
2018-01-12 07:00:00,7.39,7.6,7.39,7.39,360930,TTF
2018-01-15 07:00:00,7.1,7.6,7.1,7.25,298760,TTF
2018-01-16 07:00:00,7.3,7.45,7.05,7.3,306710,TTF
2018-01-17 07:00:00,7.25,7.5,6.79,7.25,485070,TTF
2018-01-18 07:00:00,7.1,7.4,7.1,7.35,462720,TTF
2018-01-19 07:00:00,7.2,7.55,7.2,7.49,1033550,TTF
2018-01-22 07:00:00,7.29,7.7,7.29,7.52,2248370,TTF
2018-01-25 07:00:00,8.04,8.04,7.56,7.75,3415050,TTF
2018-01-26 07:00:00,8.1,8.29,7.99,8.24,4092960,TTF
2018-01-29 07:00:00,8.5,8.8,7.92,8.1,985960,TTF
2018-01-30 07:00:00,8.5,8.5,7.9,8.15,8038730,TTF
2018-01-31 07:00:00,8.4,8.49,7.7,7.7,1272090,TTF
2018-02-01 07:00:00,8.1,8.1,7.5,7.6,408400,TTF
2018-02-02 07:00:00,7.8,7.8,7.45,7.45,4285480,TTF
2018-02-05 07:00:00,7.5,7.5,7.2,7.3,3202250,TTF
2018-02-06 07:00:00,7.2,7.3,6.85,7.1,1200400,TTF
2018-02-07 07:00:00,7.2,7.4,7.12,7.2,1269060,TTF
2018-02-08 07:00:00,7.2,7.2,7.12,7.12,590410,TTF
2018-02-09 07:00:00,6.95,7.1,6.7,6.9,1498580,TTF
2018-02-12 07:00:00,6.95,7.07,6.9,7.0,780610,TTF
2018-02-13 07:00:00,7.39,7.39,6.9,7.05,489650,TTF
2018-02-21 07:00:00,7.15,7.15,6.96,7.11,602760,TTF
2018-02-22 07:00:00,7.19,7.25,6.95,6.95,656760,TTF
2018-02-23 07:00:00,6.93,7.1,6.92,7.0,999970,TTF
2018-02-26 07:00:00,7.1,7.1,6.9,6.99,541870,TTF
2018-02-27 07:00:00,7.0,7.0,6.88,6.9,201080,TTF
2018-02-28 07:00:00,6.9,6.9,6.76,6.76,459670,TTF
2018-03-01 07:00:00,7.0,7.0,6.61,6.65,421630,TTF
2018-03-02 07:00:00,6.65,6.7,6.45,6.55,678680,TTF
2018-03-05 07:00:00,6.31,6.61,6.2,6.2,440370,TTF
2018-03-06 07:00:00,6.4,6.63,6.4,6.63,572970,TTF
2018-03-07 07:00:00,6.65,7.0,6.17,6.5,532850,TTF
2018-03-08 07:00:00,6.49,6.5,6.41,6.48,131200,TTF
2018-03-09 07:00:00,6.48,6.55,6.48,6.48,368960,TTF
2018-03-12 07:00:00,6.48,6.5,6.3,6.3,434990,TTF
2018-03-13 07:00:00,6.3,6.45,6.3,6.32,237040,TTF
2018-03-14 07:00:00,6.5,6.5,6.27,6.3,356950,TTF
2018-03-15 07:00:00,6.32,6.49,6.22,6.48,240800,TTF
2018-03-16 07:00:00,6.48,6.7,6.48,6.5,122380,TTF
2018-03-19 07:00:00,6.5,6.5,6.39,6.39,172250,TTF
2018-03-20 07:00:00,6.39,6.39,6.3,6.3,472970,TTF
2018-03-21 07:00:00,6.6,6.6,6.32,6.35,92880,TTF
2018-03-22 07:00:00,6.45,6.45,6.3,6.3,240750,TTF
2018-03-23 07:00:00,6.3,6.3,6.0,6.2,166730,TTF
2018-03-26 07:00:00,6.1,6.2,6.0,6.16,62460,TTF
2018-03-27 07:00:00,6.16,6.35,5.96,5.98,342150,TTF
2018-03-28 07:00:00,5.98,6.15,5.98,6.0,193030,TTF
2018-03-29 07:00:00,6.12,6.12,5.96,6.01,89960,TTF
2018-03-30 07:00:00,6.1,6.12,6.01,6.05,189380,TTF
2018-04-02 07:00:00,6.05,6.05,5.92,5.95,439980,TTF
2018-04-03 07:00:00,5.9,5.9,5.7,5.9,444910,TTF
2018-04-04 07:00:00,5.9,6.31,5.9,6.31,423940,TTF
2018-04-05 07:00:00,6.5,6.5,6.21,6.31,200800,TTF
2018-04-06 07:00:00,6.31,6.41,6.13,6.13,374020,TTF
2018-04-09 07:00:00,6.15,6.3,6.0,6.3,367510,TTF
2018-04-10 07:00:00,6.5,6.5,6.1,6.18,133830,TTF
2018-04-11 07:00:00,6.35,6.38,6.0,6.0,306430,TTF
2018-04-12 07:00:00,5.6,6.0,5.58,5.58,651410,TTF
2018-04-13 07:00:00,5.59,5.8,5.22,5.55,322880,TTF
2018-04-16 07:00:00,5.55,5.7,5.31,5.31,148040,TTF
2018-04-17 07:00:00,5.45,5.45,5.0,5.31,376460,TTF
2018-04-18 07:00:00,5.5,5.68,5.5,5.68,1204990,TTF
2018-04-19 07:00:00,6.06,6.07,6.06,6.07,3146160,TTF
2018-04-20 07:00:00,6.2,6.3,5.9,6.07,835830,TTF
2018-04-23 07:00:00,6.07,6.07,5.67,5.67,836340,TTF
2018-04-24 07:00:00,5.67,5.7,5.3,5.3,727620,TTF
2018-04-26 07:00:00,5.1,5.55,4.93,4.93,566570,TTF
2018-04-27 07:00:00,5.19,5.19,4.93,5.12,537640,TTF
2018-05-02 07:00:00,5.46,5.46,4.8,4.8,502410,TTF
2018-05-03 07:00:00,4.8,4.9,4.47,4.55,498930,TTF
2018-05-04 07:00:00,4.55,4.65,4.53,4.59,150250,TTF
2018-05-07 07:00:00,4.65,4.91,4.65,4.91,187330,TTF
2018-05-08 07:00:00,5.23,5.25,5.07,5.24,1215050,TTF
2018-05-09 07:00:00,5.24,5.24,4.9,4.98,621100,TTF
2018-05-10 07:00:00,4.99,5.08,4.81,4.85,340290,TTF
2018-05-11 07:00:00,4.85,4.87,4.75,4.77,214710,TTF
2018-05-14 07:00:00,4.9,5.0,4.79,4.9,143200,TTF
2018-05-15 07:00:00,4.98,4.98,4.79,4.84,218520,TTF
2018-05-16 07:00:00,4.84,4.9,4.8,4.85,57600,TTF
2018-05-17 07:00:00,4.85,4.98,4.65,4.8,455110,TTF
2018-05-18 07:00:00,4.8,4.9,4.47,4.9,860170,TTF
2018-05-21 07:00:00,4.7,4.89,4.56,4.56,1489270,TTF
2018-05-22 07:00:00,4.4,4.7,4.25,4.26,542460,TTF
2018-05-23 07:00:00,4.11,4.3,3.99,4.1,327700,TTF
2018-05-24 07:00:00,4.27,4.27,3.97,3.97,487370,TTF
2018-05-25 07:00:00,4.09,4.09,3.9,3.9,189830,TTF
2018-05-28 07:00:00,3.9,3.98,3.63,3.63,871550,TTF
2018-05-29 07:00:00,3.6,3.88,3.6,3.8,378710,TTF
2018-05-30 07:00:00,3.8,3.89,3.75,3.8,163320,TTF
2018-05-31 07:00:00,3.82,4.06,3.8,4.06,381140,TTF
2018-06-01 07:00:00,4.0,4.09,3.87,4.06,358890,TTF
2018-06-04 07:00:00,4.06,4.07,3.97,4.07,531090,TTF
2018-06-05 07:00:00,4.05,4.09,3.99,4.05,210320,TTF
2018-06-06 07:00:00,4.07,4.33,4.0,4.3,807740,TTF
2018-06-07 07:00:00,4.3,4.4,4.27,4.3,330260,TTF
2018-06-08 07:00:00,4.35,4.39,4.17,4.2,299130,TTF
2018-06-11 07:00:00,4.11,4.23,3.94,3.94,746770,TTF
2018-06-12 07:00:00,3.94,4.15,3.8,3.99,348420,TTF
2018-06-13 07:00:00,3.99,4.1,3.9,3.92,101620,TTF
2018-06-14 07:00:00,3.92,4.05,3.9,3.95,138720,TTF
2018-06-15 07:00:00,3.93,4.05,3.9,3.92,198760,TTF
2018-06-18 07:00:00,3.91,3.95,3.85,3.89,156470,TTF
2018-06-19 07:00:00,3.89,3.89,3.67,3.68,334320,TTF
2018-06-20 07:00:00,3.8,3.9,3.6,3.79,167080,TTF
2018-06-21 07:00:00,3.89,3.89,3.7,3.73,95530,TTF
2018-06-22 07:00:00,3.9,3.9,3.73,3.74,112830,TTF
2018-06-25 07:00:00,3.71,4.0,3.71,4.0,199600,TTF
2018-06-26 07:00:00,3.95,4.1,3.8,4.06,182630,TTF
2018-06-27 07:00:00,4.06,4.09,3.93,4.0,304330,TTF
2018-06-28 07:00:00,4.0,4.05,3.9,4.0,341540,TTF
2018-06-29 07:00:00,4.03,4.06,3.95,4.03,183760,TTF
2018-07-02 07:00:00,3.95,4.02,3.94,3.95,280830,TTF
2018-07-03 07:00:00,4.0,4.0,3.89,3.9,483200,TTF
2018-07-04 07:00:00,3.9,3.95,3.85,3.9,329020,TTF
2018-07-05 07:00:00,3.98,3.98,3.63,3.68,803960,TTF
2018-07-06 07:00:00,3.7,3.8,3.6,3.8,802640,TTF
2018-07-09 07:00:00,3.66,3.8,3.54,3.61,542360,TTF
2018-07-10 07:00:00,3.57,3.7,3.45,3.5,456300,TTF
2018-07-11 07:00:00,3.5,3.6,3.42,3.48,160200,TTF
2018-07-12 07:00:00,3.4,3.5,3.4,3.46,137770,TTF
2018-07-13 07:00:00,3.44,3.52,3.4,3.4,333120,TTF
2018-07-16 07:00:00,3.61,3.61,3.4,3.43,56160,TTF
2018-07-17 07:00:00,3.45,3.5,3.43,3.5,60320,TTF
2018-07-18 07:00:00,3.52,3.6,3.45,3.6,129340,TTF
2018-07-19 07:00:00,3.61,3.85,3.55,3.76,760120,TTF
2018-07-20 07:00:00,3.76,3.8,3.5,3.5,1637260,TTF
2018-07-23 07:00:00,3.5,3.68,3.4,3.5,374770,TTF
2018-07-24 07:00:00,3.45,3.6,3.38,3.49,518730,TTF
2018-07-25 07:00:00,3.54,3.54,3.42,3.45,659540,TTF
2018-07-26 07:00:00,3.5,3.5,3.25,3.35,1040370,TTF
2018-07-27 07:00:00,3.4,3.4,3.12,3.16,5470390,TTF
2018-07-30 07:00:00,3.23,3.38,3.16,3.38,949720,TTF
2018-07-31 07:00:00,3.21,3.37,3.18,3.18,1239650,TTF
2018-08-01 07:00:00,3.0,3.1,2.97,3.0,1544650,TTF
2018-08-02 07:00:00,2.86,2.97,2.79,2.81,1152370,TTF
2018-08-03 07:00:00,2.94,3.0,2.83,2.92,676710,TTF
2018-08-06 07:00:00,2.94,2.94,2.89,2.91,298570,TTF
2018-08-07 07:00:00,2.86,2.92,2.8,2.8,652100,TTF
2018-08-08 07:00:00,2.89,2.89,2.61,2.61,5050180,TTF
2018-08-09 07:00:00,2.55,2.73,2.5,2.69,496160,TTF
2018-08-10 07:00:00,2.69,2.75,2.51,2.51,3838840,TTF
2018-08-13 07:00:00,2.65,2.68,2.64,2.68,768990,TTF
2018-08-14 07:00:00,2.86,2.86,2.86,2.86,444450,TTF
2018-08-15 07:00:00,3.06,3.06,2.91,3.06,3479140,TTF
2018-08-16 07:00:00,2.9,3.27,2.9,3.19,2122430,TTF
2018-08-17 07:00:00,3.2,3.35,3.0,3.0,1233660,TTF
2018-08-20 07:00:00,2.9,3.0,2.83,2.83,1131880,TTF
2018-08-21 07:00:00,2.83,3.0,2.79,3.0,1353280,TTF
2018-08-22 07:00:00,3.0,3.16,2.95,3.0,1038010,TTF
2018-08-23 07:00:00,2.9,3.03,2.9,3.0,735820,TTF
2018-08-24 07:00:00,3.0,3.13,2.95,3.01,1121970,TTF
2018-08-27 07:00:00,3.04,3.12,3.0,3.12,1153770,TTF
2018-08-28 07:00:00,3.12,3.33,3.11,3.33,3446290,TTF
2018-08-29 07:00:00,3.47,3.56,3.41,3.56,3225740,TTF
2018-08-30 07:00:00,3.7,3.7,3.35,3.48,2438040,TTF
2018-08-31 07:00:00,3.3,3.55,3.25,3.54,1960640,TTF
2018-09-04 07:00:00,3.54,3.77,3.4,3.73,1751410,TTF
2018-09-05 07:00:00,3.73,3.99,3.7,3.99,2657280,TTF
2018-09-06 07:00:00,4.1,4.26,4.05,4.26,3477360,TTF
2018-09-07 07:00:00,4.39,4.47,4.11,4.43,1630600,TTF
2018-09-10 07:00:00,4.49,4.68,4.12,4.37,2703740,TTF
2018-09-11 07:00:00,4.15,4.28,4.07,4.07,2545090,TTF
2018-09-12 07:00:00,4.0,4.2,3.79,4.01,2111150,TTF
2018-09-13 07:00:00,3.95,4.29,3.95,4.29,912330,TTF
2018-09-14 07:00:00,4.45,4.59,4.4,4.58,2229780,TTF
2018-09-17 07:00:00,4.58,4.62,4.35,4.5,1065180,TTF
2018-09-18 07:00:00,4.41,4.81,4.41,4.81,1814490,TTF
2018-09-19 07:00:00,5.0,5.14,4.81,5.0,2322320,TTF
2018-09-20 07:00:00,5.0,5.2,4.98,5.13,1125280,TTF
2018-09-21 07:00:00,5.08,5.17,4.8,4.93,2068310,TTF
2018-09-24 07:00:00,4.95,5.15,4.9,5.0,924020,TTF
2018-09-25 07:00:00,5.0,5.12,4.9,5.04,1119450,TTF
2018-09-26 07:00:00,5.03,5.39,5.0,5.39,2040440,TTF
2018-09-27 07:00:00,5.53,5.7,5.45,5.6,1249310,TTF
2018-09-28 07:00:00,5.7,5.7,5.45,5.6,1041540,TTF
2018-10-01 07:00:00,5.6,5.65,5.3,5.31,1587340,TTF
2018-10-02 07:00:00,5.4,5.4,5.1,5.25,1368010,TTF
2018-10-03 07:00:00,5.3,5.49,5.11,5.39,674320,TTF
2018-10-04 07:00:00,5.3,5.4,5.24,5.27,699410,TTF
2018-10-05 07:00:00,5.27,5.28,5.01,5.07,936510,TTF
2018-10-08 07:00:00,5.0,5.05,4.72,4.72,2104160,TTF
2018-10-09 07:00:00,4.85,4.85,4.39,4.39,1720660,TTF
2018-10-10 07:00:00,4.25,4.5,4.12,4.5,1689400,TTF
2018-10-11 07:00:00,4.3,4.56,4.2,4.22,1560690,TTF
2018-10-12 07:00:00,4.01,4.51,4.01,4.51,1451190,TTF
2018-10-15 07:00:00,4.51,4.82,4.51,4.82,1288790,TTF
2018-10-16 07:00:00,4.99,5.15,4.89,5.15,1901950,TTF
2018-10-17 07:00:00,5.51,5.51,5.5,5.51,1159530,TTF
2018-10-18 07:00:00,5.6,5.86,5.25,5.3,2445900,TTF
2018-10-19 07:00:00,5.1,5.51,5.1,5.5,1878010,TTF
2018-10-22 07:00:00,5.5,5.6,5.25,5.25,762050,TTF
2018-10-23 07:00:00,5.15,5.2,4.89,5.03,1335890,TTF
2018-10-24 07:00:00,5.0,5.38,4.94,5.1,1384910,TTF
2018-10-25 07:00:00,4.92,5.3,4.92,5.1,1102790,TTF
2018-10-26 07:00:00,4.75,4.75,4.75,4.75,1282930,TTF
2018-10-29 07:00:00,4.42,4.42,4.42,4.42,165660,TTF
2018-10-30 07:00:00,4.12,4.12,4.12,4.12,111030,TTF
2018-10-31 07:00:00,3.84,4.28,3.84,3.84,6842250,TTF
2018-11-01 07:00:00,3.84,4.0,3.58,3.58,2874330,TTF
2018-11-02 07:00:00,3.4,3.83,3.36,3.83,2487930,TTF
2018-11-05 07:00:00,3.85,4.03,3.85,3.9,1477890,TTF
2018-11-06 07:00:00,3.9,3.95,3.72,3.73,1402450,TTF
2018-11-07 07:00:00,3.78,3.78,3.65,3.7,1395500,TTF
2018-11-08 07:00:00,3.65,3.87,3.65,3.75,970080,TTF
2018-11-09 07:00:00,3.75,3.88,3.73,3.76,914670,TTF
2018-11-12 07:00:00,3.7,3.85,3.7,3.79,748100,TTF
2018-11-13 07:00:00,3.75,3.92,3.75,3.8,881970,TTF
2018-11-14 07:00:00,3.82,3.89,3.73,3.76,755380,TTF
2018-11-15 07:00:00,3.76,3.83,3.7,3.7,710510,TTF
2018-11-16 07:00:00,3.75,3.79,3.66,3.71,862630,TTF
2018-11-19 07:00:00,3.55,3.72,3.55,3.61,589800,TTF
2018-11-20 07:00:00,3.6,3.63,3.4,3.42,966360,TTF
2018-11-21 07:00:00,3.44,3.6,3.4,3.5,482780,TTF
2018-11-22 07:00:00,3.55,3.65,3.5,3.5,626050,TTF
2018-11-23 07:00:00,3.59,3.59,3.45,3.48,496850,TTF
2018-11-26 07:00:00,3.48,3.5,3.36,3.4,642800,TTF
2018-11-27 07:00:00,3.36,3.45,3.2,3.2,947800,TTF
2018-11-28 07:00:00,3.2,3.3,3.17,3.2,753470,TTF
2018-11-29 07:00:00,3.3,3.3,3.17,3.17,563890,TTF
2018-11-30 07:00:00,3.17,3.19,3.15,3.15,442810,TTF
2018-12-03 07:00:00,3.17,3.24,3.16,3.18,661530,TTF
2018-12-04 07:00:00,3.18,3.24,3.13,3.15,675100,TTF
2018-12-05 07:00:00,3.15,3.3,3.15,3.27,412650,TTF
2018-12-06 07:00:00,3.3,3.49,3.27,3.49,244080,TTF
2018-12-07 07:00:00,3.73,3.73,3.7,3.73,932270,TTF
2018-12-10 07:00:00,3.9,3.96,3.61,3.95,1967500,TTF
2018-12-11 07:00:00,3.99,3.99,3.71,3.72,843380,TTF
2018-12-12 07:00:00,3.69,3.79,3.69,3.74,445640,TTF
2018-12-13 07:00:00,3.77,3.77,3.69,3.71,360560,TTF
2018-12-14 07:00:00,3.75,3.77,3.68,3.7,260040,TTF
2018-12-17 07:00:00,3.75,3.75,3.5,3.55,529570,TTF
2018-12-18 07:00:00,3.4,3.56,3.35,3.41,771130,TTF
2018-12-19 07:00:00,3.41,3.54,3.41,3.48,188850,TTF
2018-12-20 07:00:00,3.48,3.69,3.48,3.57,483760,TTF
2018-12-21 07:00:00,3.55,3.6,3.5,3.54,241820,TTF
2018-12-24 07:00:00,3.51,3.59,3.41,3.43,280410,TTF
2018-12-25 07:00:00,3.37,3.37,3.19,3.3,695060,TTF
2018-12-26 07:00:00,3.26,3.4,3.22,3.28,425390,TTF
2018-12-27 07:00:00,3.43,3.43,3.28,3.28,273880,TTF
2018-12-28 07:00:00,3.24,3.38,3.24,3.25,233910,TTF
2019-01-02 07:00:00,3.25,3.39,3.23,3.28,296120,TTF
2019-01-03 07:00:00,3.28,3.3,3.13,3.19,348970,TTF
2019-01-04 07:00:00,3.15,3.29,3.13,3.2,296310,TTF
2019-01-07 07:00:00,3.29,3.29,3.2,3.25,119740,TTF
2019-01-08 07:00:00,3.25,3.29,3.22,3.27,334310,TTF
2019-01-09 07:00:00,3.3,3.3,3.1,3.13,1682570,TTF
2019-01-10 07:00:00,3.13,3.27,3.1,3.17,819110,TTF
2019-01-11 07:00:00,3.24,3.24,3.1,3.11,1435090,TTF
2019-01-14 07:00:00,3.1,3.15,2.92,2.95,1937460,TTF
2019-01-15 07:00:00,2.92,3.05,2.92,3.02,431410,TTF
2019-01-16 07:00:00,3.02,3.13,2.95,3.0,969780,TTF
2019-01-17 07:00:00,2.96,3.03,2.96,2.97,253220,TTF
2019-01-18 07:00:00,2.98,2.99,2.9,2.9,514120,TTF
2019-01-21 07:00:00,2.9,2.97,2.76,2.78,817250,TTF
2019-01-22 07:00:00,2.78,2.88,2.76,2.78,596860,TTF
2019-01-23 07:00:00,2.78,2.8,2.74,2.75,757370,TTF
2019-01-24 07:00:00,2.75,2.79,2.74,2.74,237130,TTF
2019-01-25 07:00:00,2.74,2.81,2.74,2.75,228620,TTF
2019-01-28 07:00:00,2.8,2.94,2.77,2.94,2271420,TTF
2019-01-29 07:00:00,3.02,3.11,2.9,3.01,1025950,TTF
2019-01-30 07:00:00,3.09,3.1,2.92,2.95,888700,TTF
2019-01-31 07:00:00,2.86,2.96,2.75,2.76,1076620,TTF
2019-02-01 07:00:00,2.7,2.85,2.63,2.82,1410680,TTF
2019-02-11 07:00:00,2.92,2.92,2.8,2.84,523210,TTF
2019-02-12 07:00:00,2.81,3.0,2.81,2.98,734190,TTF
2019-02-13 07:00:00,2.98,2.99,2.93,2.93,1097950,TTF
2019-02-14 07:00:00,2.95,2.95,2.87,2.93,372970,TTF
2019-02-15 07:00:00,2.93,2.93,2.9,2.91,432050,TTF
2019-02-18 07:00:00,2.91,2.97,2.89,2.91,683750,TTF
2019-02-19 07:00:00,2.91,2.96,2.91,2.94,782700,TTF
2019-02-20 07:00:00,2.95,2.95,2.9,2.91,230430,TTF
2019-02-21 07:00:00,2.9,2.94,2.89,2.9,454800,TTF
2019-02-22 07:00:00,2.9,2.93,2.85,2.89,395830,TTF
2019-02-25 07:00:00,2.9,3.09,2.9,3.09,1438670,TTF
2019-02-26 07:00:00,3.28,3.28,3.0,3.15,3295700,TTF
2019-02-27 07:00:00,3.15,3.2,2.98,3.03,2110690,TTF
2019-02-28 07:00:00,3.09,3.09,2.95,2.96,658520,TTF
2019-03-01 07:00:00,2.96,3.09,2.96,3.06,726750,TTF
2019-03-04 07:00:00,3.06,3.25,3.06,3.2,1196580,TTF
2019-03-05 07:00:00,3.2,3.42,3.12,3.42,3052350,TTF
2019-03-06 07:00:00,3.49,3.52,3.33,3.37,1155630,TTF
2019-03-07 07:00:00,3.35,3.37,3.23,3.24,1489510,TTF
2019-03-08 07:00:00,3.18,3.22,3.05,3.06,1432830,TTF
2019-03-11 07:00:00,3.15,3.2,3.06,3.2,1677990,TTF
2019-03-12 07:00:00,3.21,3.38,3.21,3.31,1116580,TTF
2019-03-13 07:00:00,3.37,3.54,3.31,3.51,5047460,TTF
2019-03-14 07:00:00,3.45,3.75,3.41,3.75,4352990,TTF
2019-03-15 07:00:00,3.75,3.88,3.69,3.7,2733960,TTF
2019-03-18 07:00:00,3.7,3.7,3.58,3.65,1831150,TTF
2019-03-19 07:00:00,3.62,3.9,3.62,3.9,4969610,TTF
2019-03-20 07:00:00,3.94,4.1,3.85,4.03,3040020,TTF
2019-03-21 07:00:00,4.0,4.04,3.75,3.75,2962620,TTF
2019-03-22 07:00:00,3.64,3.85,3.5,3.75,2804770,TTF
2019-03-25 07:00:00,3.62,3.73,3.52,3.53,1573680,TTF
2019-03-26 07:00:00,3.65,3.77,3.53,3.72,2311560,TTF
2019-03-27 07:00:00,3.79,3.84,3.61,3.65,1639120,TTF
2019-03-28 07:00:00,3.62,3.69,3.58,3.65,647500,TTF
2019-03-29 07:00:00,3.7,3.7,3.6,3.66,566930,TTF
2019-04-01 07:00:00,3.66,3.67,3.58,3.67,838480,TTF
2019-04-02 07:00:00,3.67,3.92,3.62,3.84,2530530,TTF
2019-04-03 07:00:00,3.8,3.9,3.8,3.82,813280,TTF
2019-04-04 07:00:00,3.9,3.98,3.8,3.9,1183690,TTF
2019-04-05 07:00:00,3.95,4.13,3.94,3.99,2821150,TTF
2019-04-08 07:00:00,4.07,4.15,3.98,3.99,2778090,TTF
2019-04-09 07:00:00,3.99,4.1,3.88,3.89,2851650,TTF
2019-04-10 07:00:00,3.8,3.99,3.76,3.84,1791910,TTF
2019-04-11 07:00:00,3.89,3.94,3.82,3.88,1421540,TTF
2019-04-12 07:00:00,3.9,3.96,3.85,3.91,1098990,TTF
2019-04-16 07:00:00,3.87,3.89,3.75,3.75,1513060,TTF
2019-04-17 07:00:00,3.75,3.8,3.5,3.5,2015080,TTF
2019-04-18 07:00:00,3.49,3.55,3.3,3.4,2066130,TTF
2019-04-19 07:00:00,3.5,3.59,3.4,3.59,958260,TTF
2019-04-22 07:00:00,3.75,3.75,3.63,3.68,1049570,TTF
2019-04-23 07:00:00,3.62,3.8,3.62,3.67,651150,TTF
2019-04-24 07:00:00,3.8,3.8,3.67,3.68,385650,TTF
2019-04-25 07:00:00,3.65,3.77,3.43,3.43,3576760,TTF
2019-04-26 07:00:00,3.2,3.3,3.19,3.3,3047540,TTF
2019-05-02 07:00:00,3.4,3.53,3.4,3.49,965190,TTF
2019-05-03 07:00:00,3.49,3.49,3.3,3.3,784650,TTF
2019-05-06 07:00:00,3.4,3.4,3.27,3.32,748410,TTF
2019-05-07 07:00:00,3.32,3.38,3.32,3.34,624540,TTF
2019-05-08 07:00:00,3.32,3.37,3.32,3.35,670640,TTF
2019-05-09 07:00:00,3.37,3.44,3.36,3.42,736030,TTF
2019-05-10 07:00:00,3.42,3.61,3.42,3.59,1564100,TTF
2019-05-13 07:00:00,3.6,3.72,3.55,3.69,1619430,TTF
2019-05-14 07:00:00,3.6,3.69,3.6,3.61,1089760,TTF
2019-05-15 07:00:00,3.61,3.67,3.55,3.55,1001490,TTF
2019-05-16 07:00:00,3.62,3.64,3.56,3.58,1087970,TTF
2019-05-17 07:00:00,3.62,3.63,3.52,3.55,773930,TTF
2019-05-20 07:00:00,3.53,3.59,3.51,3.58,486060,TTF
2019-05-21 07:00:00,3.58,3.59,3.53,3.53,609420,TTF
2019-05-22 07:00:00,3.49,3.54,3.49,3.49,956420,TTF
2019-05-23 07:00:00,3.46,3.53,3.46,3.47,381880,TTF
2019-05-24 07:00:00,3.49,3.49,3.35,3.36,1194370,TTF
2019-05-27 07:00:00,3.35,3.5,3.31,3.45,790970,TTF
2019-05-28 07:00:00,3.5,3.55,3.42,3.48,770090,TTF
2019-05-29 07:00:00,3.49,3.67,3.48,3.58,2034690,TTF
2019-05-30 07:00:00,3.58,3.65,3.53,3.55,790050,TTF
2019-05-31 07:00:00,3.53,3.55,3.4,3.42,1334720,TTF
2019-06-03 07:00:00,3.37,3.43,3.23,3.25,1694160,TTF
2019-06-04 07:00:00,3.3,3.35,3.19,3.25,944630,TTF
2019-06-05 07:00:00,3.34,3.34,3.18,3.27,1450850,TTF
2019-06-06 07:00:00,3.27,3.27,3.06,3.14,3838160,TTF
2019-06-07 07:00:00,3.06,3.18,3.06,3.14,299590,TTF
2019-06-10 07:00:00,3.18,3.24,3.13,3.13,668320,TTF
2019-06-11 07:00:00,3.13,3.17,3.06,3.1,1030480,TTF
2019-06-12 07:00:00,3.11,3.31,3.11,3.31,1575850,TTF
2019-06-13 07:00:00,3.39,3.54,3.26,3.35,1999420,TTF
2019-06-14 07:00:00,3.35,3.4,3.26,3.26,686100,TTF
2019-06-17 07:00:00,3.26,3.28,3.13,3.2,669750,TTF
2019-06-18 07:00:00,3.15,3.25,3.1,3.14,865460,TTF
2019-06-19 07:00:00,3.2,3.2,3.1,3.2,1355920,TTF
2019-06-20 07:00:00,3.15,3.21,3.11,3.12,1311940,TTF
2019-06-21 07:00:00,3.2,3.25,3.09,3.2,1246950,TTF
2019-06-24 07:00:00,3.2,3.22,3.17,3.2,422000,TTF
2019-06-25 07:00:00,3.15,3.37,3.14,3.15,2734620,TTF
2019-06-26 07:00:00,3.19,3.25,3.15,3.16,1530810,TTF
2019-06-27 07:00:00,3.2,3.38,3.2,3.38,3972950,TTF
2019-06-28 07:00:00,3.42,3.56,3.35,3.37,2075610,TTF
2019-07-01 07:00:00,3.4,3.44,3.39,3.39,957020,TTF
2019-07-02 07:00:00,3.39,3.39,3.32,3.32,686880,TTF
2019-07-03 07:00:00,3.28,3.37,3.28,3.31,790750,TTF
2019-07-04 07:00:00,3.31,3.31,3.24,3.27,1260130,TTF
2019-07-05 07:00:00,3.26,3.35,3.25,3.35,789930,TTF
2019-07-08 07:00:00,3.35,3.36,3.3,3.35,596930,TTF
2019-07-09 07:00:00,3.31,3.34,3.27,3.33,881100,TTF
2019-07-10 07:00:00,3.29,3.33,3.26,3.26,705670,TTF
2019-07-11 07:00:00,3.3,3.33,3.23,3.3,1233610,TTF
2019-07-12 07:00:00,3.3,3.33,3.24,3.24,863830,TTF
2019-07-15 07:00:00,3.3,3.27,3.22,3.22,490970,TTF
2019-07-16 07:00:00,3.21,3.26,3.18,3.19,1466460,TTF
2019-07-17 07:00:00,3.19,3.23,3.18,3.18,594910,TTF
2019-07-18 07:00:00,3.18,3.33,3.17,3.19,1293280,TTF
2019-07-19 07:00:00,3.18,3.25,3.18,3.19,498890,TTF
2019-07-22 07:00:00,3.2,3.2,3.09,3.11,1596070,TTF
2019-07-23 07:00:00,3.14,3.14,3.09,3.1,692420,TTF
2019-07-24 07:00:00,3.1,3.16,3.09,3.11,570930,TTF
2019-07-25 07:00:00,3.11,3.14,3.1,3.12,1136430,TTF
2019-07-26 07:00:00,3.14,3.2,3.12,3.12,570550,TTF
2019-07-29 07:00:00,3.1,3.14,3.07,3.08,393160,TTF
2019-07-30 07:00:00,3.08,3.2,3.05,3.12,1230310,TTF
2019-07-31 07:00:00,3.08,3.14,3.06,3.06,902910,TTF
2019-08-01 07:00:00,3.09,3.09,3.02,3.03,986980,TTF
2019-08-02 07:00:00,3.0,3.08,2.98,2.99,1150230,TTF
2019-08-05 07:00:00,2.96,3.04,2.95,2.99,675700,TTF
2019-08-06 07:00:00,2.99,3.0,2.9,2.9,1081950,TTF
2019-08-07 07:00:00,2.99,3.0,2.9,2.95,367980,TTF
2019-08-08 07:00:00,3.0,3.01,2.94,2.98,386460,TTF
2019-08-09 07:00:00,3.04,3.14,3.0,3.12,771540,TTF
2019-08-12 07:00:00,3.15,3.16,3.12,3.12,626070,TTF
2019-08-13 07:00:00,3.15,3.15,3.09,3.12,597520,TTF
2019-08-14 07:00:00,3.17,3.17,3.12,3.12,408680,TTF
2019-08-15 07:00:00,3.11,3.12,3.07,3.07,782110,TTF
2019-08-16 07:00:00,3.07,3.12,3.07,3.08,562380,TTF
2019-08-19 07:00:00,3.08,3.18,3.08,3.15,657670,TTF
2019-08-20 07:00:00,3.15,3.17,3.13,3.14,443280,TTF
2019-08-21 07:00:00,3.14,3.14,3.08,3.09,914890,TTF
2019-08-22 07:00:00,3.08,3.12,3.08,3.1,447180,TTF
2019-08-23 07:00:00,3.08,3.1,3.08,3.08,361700,TTF
2019-08-26 07:00:00,3.08,3.1,3.06,3.07,495360,TTF
2019-08-27 07:00:00,3.07,3.1,3.06,3.06,403400,TTF
2019-08-28 07:00:00,3.1,3.1,3.06,3.07,268190,TTF
2019-08-29 07:00:00,3.07,3.08,3.06,3.06,172780,TTF
2019-08-30 07:00:00,3.06,3.08,3.06,3.06,528010,TTF
2019-09-03 07:00:00,3.06,3.09,3.0,3.0,788080,TTF
2019-09-04 07:00:00,3.06,3.04,2.97,3.0,530830,TTF
2019-09-05 07:00:00,3.03,3.03,2.97,2.98,426860,TTF
2019-09-06 07:00:00,2.98,2.98,2.92,2.96,532270,TTF
2019-09-09 07:00:00,2.97,2.98,2.93,2.93,142150,TTF
2019-09-10 07:00:00,2.96,2.96,2.88,2.9,409920,TTF
2019-09-11 07:00:00,2.9,2.91,2.85,2.85,307650,TTF
2019-09-12 07:00:00,2.9,3.0,2.85,3.0,1281130,TTF
2019-09-13 07:00:00,3.0,3.02,2.92,2.92,174380,TTF
2019-09-16 07:00:00,2.93,3.08,2.92,2.92,573370,TTF
2019-09-17 07:00:00,2.9,2.95,2.89,2.9,602760,TTF
2019-09-18 07:00:00,2.9,2.92,2.87,2.88,541810,TTF
2019-09-19 07:00:00,2.84,2.9,2.84,2.86,427160,TTF
2019-09-20 07:00:00,2.89,3.03,2.89,2.91,606630,TTF
2019-09-23 07:00:00,2.95,2.95,2.85,2.85,395200,TTF
2019-09-24 07:00:00,2.85,2.88,2.84,2.85,496060,TTF
2019-09-25 07:00:00,2.85,2.88,2.84,2.86,194950,TTF
2019-09-26 07:00:00,2.88,2.88,2.85,2.87,307230,TTF
2019-09-27 07:00:00,2.87,2.89,2.86,2.86,348830,TTF
2019-09-30 07:00:00,2.88,2.88,2.83,2.84,346460,TTF
2019-10-01 07:00:00,2.84,2.87,2.82,2.82,371730,TTF
2019-10-02 07:00:00,2.82,2.83,2.65,2.78,513390,TTF
2019-10-03 07:00:00,2.77,2.88,2.77,2.8,205030,TTF
2019-10-04 07:00:00,2.89,2.89,2.81,2.87,159990,TTF
2019-10-07 07:00:00,2.87,2.89,2.82,2.82,161610,TTF
2019-10-08 07:00:00,2.82,2.85,2.79,2.8,218930,TTF
2019-10-09 07:00:00,2.83,2.83,2.75,2.75,306470,TTF
2019-10-10 07:00:00,2.75,2.8,2.73,2.74,255440,TTF
2019-10-11 07:00:00,2.77,2.93,2.75,2.93,1240170,TTF
2019-10-14 07:00:00,3.04,3.04,2.92,2.92,737100,TTF
2019-10-15 07:00:00,2.9,2.92,2.85,2.87,223550,TTF
2019-10-16 07:00:00,2.85,2.9,2.82,2.83,299200,TTF
2019-10-17 07:00:00,2.83,2.88,2.8,2.83,356350,TTF
2019-10-18 07:00:00,2.83,2.86,2.8,2.83,375300,TTF
2019-10-21 07:00:00,2.83,3.01,2.8,2.96,857150,TTF
2019-10-22 07:00:00,2.96,3.06,2.93,2.98,1004070,TTF
2019-10-23 07:00:00,2.94,3.05,2.93,3.01,670920,TTF
2019-10-24 07:00:00,3.01,3.03,2.96,2.99,492060,TTF
2019-10-25 07:00:00,2.99,2.99,2.94,2.95,400870,TTF
2019-10-28 07:00:00,2.99,2.99,2.88,2.9,451510,TTF
2019-10-29 07:00:00,2.9,3.0,2.9,2.96,573100,TTF
2019-10-30 07:00:00,3.02,3.03,2.95,2.97,573490,TTF
2019-10-31 07:00:00,2.93,2.94,2.81,2.83,1269440,TTF
2019-11-01 07:00:00,2.85,2.85,2.8,2.81,558660,TTF
2019-11-04 07:00:00,2.85,2.85,2.75,2.78,468870,TTF
2019-11-05 07:00:00,2.77,2.85,2.76,2.82,537120,TTF
2019-11-06 07:00:00,2.8,2.85,2.79,2.79,568200,TTF
2019-11-07 07:00:00,2.82,2.82,2.78,2.78,231080,TTF
2019-11-08 07:00:00,2.8,2.85,2.78,2.8,374870,TTF
2019-11-11 07:00:00,2.8,2.83,2.78,2.79,347170,TTF
2019-11-12 07:00:00,2.8,2.84,2.78,2.84,404040,TTF
2019-11-13 07:00:00,2.83,2.84,2.8,2.8,238030,TTF
2019-11-14 07:00:00,2.82,2.82,2.78,2.81,498630,TTF
2019-11-15 07:00:00,2.81,2.83,2.78,2.79,362890,TTF
2019-11-18 07:00:00,2.78,2.8,2.77,2.78,280310,TTF
2019-11-19 07:00:00,2.76,2.97,2.76,2.95,1766730,TTF
2019-11-20 07:00:00,2.99,2.99,2.85,2.9,506410,TTF
2019-11-21 07:00:00,2.85,2.88,2.82,2.85,405170,TTF
2019-11-22 07:00:00,2.83,2.88,2.79,2.79,630110,TTF
2019-11-25 07:00:00,2.85,2.85,2.78,2.79,479140,TTF
2019-11-26 07:00:00,2.79,2.83,2.79,2.8,248910,TTF
2019-11-27 07:00:00,2.84,2.84,2.79,2.81,365950,TTF
2019-11-28 07:00:00,2.81,2.84,2.8,2.8,439250,TTF
2019-11-29 07:00:00,2.8,2.84,2.79,2.79,363540,TTF
2019-12-02 07:00:00,2.8,2.9,2.79,2.79,348980,TTF
2019-12-03 07:00:00,2.79,2.83,2.78,2.8,707200,TTF
2019-12-04 07:00:00,2.83,2.83,2.8,2.82,163130,TTF
2019-12-05 07:00:00,2.82,2.83,2.79,2.81,332760,TTF
2019-12-06 07:00:00,2.79,2.82,2.79,2.79,300370,TTF
2019-12-09 07:00:00,2.79,2.8,2.6,2.61,1285160,TTF
2019-12-10 07:00:00,2.67,2.7,2.55,2.58,952950,TTF
2019-12-11 07:00:00,2.6,2.65,2.6,2.6,242750,TTF
2019-12-12 07:00:00,2.64,2.64,2.45,2.52,676910,TTF
2019-12-13 07:00:00,2.52,2.62,2.52,2.57,366400,TTF
2019-12-16 07:00:00,2.59,2.59,2.52,2.55,410690,TTF
2019-12-17 07:00:00,2.53,2.62,2.53,2.58,527210,TTF
2019-12-18 07:00:00,2.56,2.61,2.56,2.6,340170,TTF
2019-12-19 07:00:00,2.64,2.78,2.64,2.74,1733400,TTF
2019-12-20 07:00:00,2.83,2.83,2.71,2.74,737320,TTF
2019-12-23 07:00:00,2.74,2.79,2.74,2.79,537420,TTF
2019-12-24 07:00:00,2.79,2.82,2.74,2.76,474780,TTF
2019-12-25 07:00:00,2.75,2.77,2.7,2.7,558190,TTF
2019-12-26 07:00:00,2.7,2.73,2.69,2.7,240960,TTF
2019-12-27 07:00:00,2.78,2.78,2.68,2.69,312330,TTF
2019-12-30 07:00:00,2.65,2.69,2.64,2.65,474230,TTF
2019-12-31 07:00:00,2.59,2.65,2.58,2.64,488820,TTF
2020-01-02 07:00:00,2.64,2.69,2.61,2.66,289740,TTF
2020-01-03 07:00:00,2.66,2.72,2.64,2.64,280360,TTF
2020-01-06 07:00:00,2.64,2.67,2.6,2.6,372830,TTF
2020-01-07 07:00:00,2.62,2.63,2.59,2.63,189350,TTF
2020-01-08 07:00:00,2.59,2.64,2.52,2.59,623100,TTF
2020-01-09 07:00:00,2.6,2.64,2.58,2.59,254420,TTF
2020-01-10 07:00:00,2.6,2.62,2.57,2.57,580660,TTF
2020-01-13 07:00:00,2.6,2.6,2.55,2.55,225840,TTF
2020-01-14 07:00:00,2.56,2.6,2.55,2.59,501070,TTF
2020-01-15 07:00:00,2.59,2.63,2.59,2.62,494130,TTF
2020-01-16 07:00:00,2.6,2.65,2.6,2.62,414000,TTF
2020-01-17 07:00:00,2.63,2.63,2.59,2.59,359490,TTF
2020-01-20 07:00:00,2.61,2.68,2.61,2.62,316360,TTF
2020-01-21 07:00:00,2.62,2.75,2.62,2.75,293160,TTF
2020-01-22 07:00:00,2.75,2.82,2.7,2.74,588030,TTF
2020-01-30 07:00:00,2.74,2.76,2.65,2.65,303000,TTF
2020-01-31 07:00:00,2.65,2.68,2.47,2.48,762830,TTF
2020-02-03 07:00:00,2.31,2.45,2.31,2.33,1522650,TTF
2020-02-04 07:00:00,2.41,2.41,2.33,2.36,382520,TTF
2020-02-05 07:00:00,2.4,2.4,2.36,2.38,113080,TTF
2020-02-06 07:00:00,2.37,2.54,2.36,2.46,437290,TTF
2020-02-07 07:00:00,2.53,2.53,2.4,2.4,294370,TTF
2020-02-10 07:00:00,2.4,2.46,2.4,2.4,214920,TTF
2020-02-11 07:00:00,2.48,2.48,2.41,2.45,147030,TTF
2020-02-12 07:00:00,2.42,2.62,2.42,2.58,417960,TTF
2020-02-13 07:00:00,2.61,2.61,2.55,2.59,574300,TTF
2020-02-14 07:00:00,2.59,2.77,2.56,2.75,1202670,TTF
2020-02-17 07:00:00,2.85,2.94,2.78,2.84,1826130,TTF
2020-02-18 07:00:00,2.84,2.89,2.75,2.78,719290,TTF
2020-02-19 07:00:00,2.72,2.83,2.72,2.78,549900,TTF
2020-02-20 07:00:00,2.78,2.95,2.74,2.9,1577490,TTF
2020-02-21 07:00:00,2.94,2.94,2.84,2.85,458430,TTF
2020-02-24 07:00:00,2.8,2.8,2.68,2.68,585430,TTF
2020-02-25 07:00:00,2.63,2.79,2.6,2.79,754390,TTF
2020-02-26 07:00:00,2.79,2.85,2.74,2.75,439360,TTF
2020-02-27 07:00:00,2.75,2.84,2.75,2.82,872850,TTF
2020-02-28 07:00:00,2.83,2.83,2.72,2.75,777470,TTF
2020-03-02 07:00:00,2.77,2.77,2.69,2.7,771860,TTF
2020-03-03 07:00:00,2.7,2.76,2.67,2.7,840710,TTF
2020-03-04 07:00:00,2.7,2.88,2.68,2.85,1187780,TTF
2020-03-05 07:00:00,2.86,2.89,2.81,2.81,990300,TTF
2020-03-06 07:00:00,2.77,3.0,2.76,2.94,1694630,TTF
2020-03-09 07:00:00,2.74,2.88,2.74,2.74,1501860,TTF
2020-03-10 07:00:00,2.66,2.85,2.61,2.74,737660,TTF
2020-03-11 07:00:00,2.74,2.79,2.58,2.59,1121010,TTF
2020-03-12 07:00:00,2.55,2.58,2.41,2.41,1263780,TTF
2020-03-13 07:00:00,2.25,2.5,2.25,2.4,926890,TTF
2020-03-16 07:00:00,2.4,2.55,2.4,2.43,611470,TTF
2020-03-17 07:00:00,2.4,2.56,2.38,2.54,624770,TTF
2020-03-18 07:00:00,2.57,2.64,2.54,2.6,912430,TTF
2020-03-19 07:00:00,2.6,2.6,2.47,2.49,442160,TTF
2020-03-20 07:00:00,2.6,2.6,2.4,2.48,385390,TTF
2020-03-23 07:00:00,2.36,2.4,2.31,2.31,771120,TTF
2020-03-24 07:00:00,2.25,2.3,2.15,2.15,950670,TTF
2020-03-25 07:00:00,2.12,2.28,2.12,2.21,1403680,TTF
2020-03-26 07:00:00,2.21,2.25,2.15,2.15,540270,TTF
2020-03-27 07:00:00,2.06,2.14,2.0,2.0,1358700,TTF
2020-03-30 07:00:00,1.88,2.0,1.86,1.86,770790,TTF
2020-03-31 07:00:00,1.86,1.96,1.73,1.84,536410,TTF
2020-04-01 07:00:00,1.76,1.9,1.75,1.84,421060,TTF
2020-04-03 07:00:00,1.94,1.94,1.84,1.89,849680,TTF
2020-04-06 07:00:00,1.9,2.02,1.9,2.02,789900,TTF
2020-04-07 07:00:00,2.08,2.09,1.95,1.98,308660,TTF
2020-04-08 07:00:00,1.9,2.0,1.9,1.99,150790,TTF
2020-04-09 07:00:00,2.02,2.02,1.96,1.99,515100,TTF
2020-04-10 07:00:00,1.95,1.98,1.86,1.98,974170,TTF
2020-04-13 07:00:00,1.98,2.1,1.92,2.1,1401050,TTF
2020-04-14 07:00:00,2.23,2.23,2.11,2.15,924150,TTF
2020-04-15 07:00:00,2.15,2.22,2.14,2.16,593060,TTF
2020-04-16 07:00:00,2.1,2.17,2.06,2.16,327330,TTF
2020-04-17 07:00:00,2.16,2.2,2.14,2.15,811710,TTF
2020-04-20 07:00:00,2.12,2.2,2.12,2.16,667870,TTF
2020-04-21 07:00:00,2.16,2.17,2.02,2.02,1356260,TTF
2020-04-22 07:00:00,1.95,2.08,1.95,2.04,337090,TTF
2020-04-23 07:00:00,2.04,2.07,2.0,2.03,426510,TTF
2020-04-24 07:00:00,2.03,2.1,1.99,2.09,935800,TTF
2020-04-27 07:00:00,2.09,2.1,2.04,2.08,787500,TTF
2020-04-28 07:00:00,2.22,2.22,2.1,2.1,3112950,TTF
2020-04-29 07:00:00,2.12,2.14,2.09,2.12,1423490,TTF
2020-05-04 07:00:00,2.19,2.19,2.1,2.12,1401860,TTF
2020-05-05 07:00:00,2.12,2.13,2.07,2.08,1637590,TTF
2020-05-06 07:00:00,2.08,2.11,2.07,2.09,673170,TTF
2020-05-07 07:00:00,2.1,2.1,2.07,2.09,1039280,TTF
2020-05-08 07:00:00,2.06,2.09,2.06,2.07,1383250,TTF
2020-05-11 07:00:00,2.07,2.1,2.05,2.07,880540,TTF
2020-05-12 07:00:00,2.06,2.08,2.05,2.07,1433530,TTF
2020-05-13 07:00:00,2.07,2.21,2.05,2.21,5068560,TTF
2020-05-14 07:00:00,2.35,2.36,2.29,2.36,4855560,TTF
2020-05-15 07:00:00,2.43,2.52,2.36,2.52,4666050,TTF
2020-05-18 07:00:00,2.52,2.67,2.4,2.44,3420800,TTF
2020-05-19 07:00:00,2.44,2.48,2.36,2.36,2477770,TTF
2020-05-20 07:00:00,2.35,2.52,2.3,2.52,3141970,TTF
2020-05-21 07:00:00,2.55,2.69,2.55,2.67,3284260,TTF
2020-05-22 07:00:00,2.67,2.82,2.61,2.68,2833200,TTF
2020-05-25 07:00:00,2.69,2.75,2.65,2.69,2459040,TTF
2020-05-26 07:00:00,2.69,2.72,2.62,2.68,3218170,TTF
2020-05-27 07:00:00,2.68,2.83,2.66,2.69,3173410,TTF
2020-05-28 07:00:00,2.69,2.75,2.67,2.72,2178840,TTF
2020-05-29 07:00:00,2.72,2.91,2.71,2.91,4941400,TTF
2020-06-01 07:00:00,3.1,3.11,3.05,3.11,1877530,TTF
2020-06-02 07:00:00,3.32,3.32,3.04,3.04,8128320,TTF
2020-06-03 07:00:00,2.99,3.07,2.86,3.02,4906400,TTF
2020-06-04 07:00:00,3.02,3.17,3.0,3.15,3234330,TTF
2020-06-05 07:00:00,3.1,3.14,3.06,3.11,2698220,TTF
2020-06-08 07:00:00,3.12,3.32,3.08,3.32,4615500,TTF
2020-06-09 07:00:00,3.42,3.45,3.1,3.38,3836750,TTF
2020-06-10 07:00:00,3.4,3.59,3.29,3.52,5895170,TTF
2020-06-11 07:00:00,3.6,3.63,3.28,3.28,6496740,TTF
2020-06-12 07:00:00,3.06,3.18,3.06,3.07,6384090,TTF
2020-06-15 07:00:00,3.09,3.16,2.86,2.86,5086960,TTF
2020-06-16 07:00:00,3.0,3.06,2.91,3.06,3481360,TTF
2020-06-17 07:00:00,3.14,3.16,3.0,3.06,1456370,TTF
2020-06-18 07:00:00,3.0,3.16,3.0,3.06,1520500,TTF
2020-06-19 07:00:00,3.07,3.27,3.04,3.26,4643130,TTF
2020-06-22 07:00:00,3.26,3.32,3.16,3.18,1828130,TTF
2020-06-23 07:00:00,3.18,3.25,3.08,3.11,2345980,TTF
2020-06-24 07:00:00,3.11,3.16,3.05,3.06,2053170,TTF
2020-06-25 07:00:00,2.97,3.08,2.95,3.05,2196220,TTF
2020-06-26 07:00:00,3.05,3.15,3.04,3.07,2138920,TTF
2020-06-29 07:00:00,3.07,3.07,2.93,2.93,1595810,TTF
2020-06-30 07:00:00,2.93,3.0,2.74,2.81,1947850,TTF
2020-07-01 07:00:00,2.81,2.94,2.8,2.92,1792210,TTF
2020-07-02 07:00:00,2.92,3.0,2.9,2.93,740900,TTF
2020-07-03 07:00:00,2.96,2.96,2.87,2.9,1038730,TTF
2020-07-06 07:00:00,2.91,2.94,2.87,2.88,891610,TTF
2020-07-07 07:00:00,2.93,2.94,2.86,2.87,1131170,TTF
2020-07-08 07:00:00,2.86,2.9,2.84,2.89,1166490,TTF
2020-07-09 07:00:00,2.92,2.96,2.89,2.9,882240,TTF
2020-07-10 07:00:00,2.88,2.95,2.88,2.94,852280,TTF
2020-07-13 07:00:00,2.95,3.11,2.94,3.09,2580720,TTF
2020-07-14 07:00:00,3.12,3.25,3.11,3.2,3399250,TTF
2020-07-15 07:00:00,3.25,3.26,3.12,3.12,1229720,TTF
2020-07-16 07:00:00,3.2,3.2,3.08,3.12,733920,TTF
2020-07-17 07:00:00,3.09,3.13,3.05,3.1,1071120,TTF
2020-07-20 07:00:00,3.1,3.26,3.1,3.18,1596910,TTF
2020-07-21 07:00:00,3.19,3.19,3.12,3.16,1096660,TTF
2020-07-22 07:00:00,3.16,3.18,3.09,3.09,878310,TTF
2020-07-23 07:00:00,3.1,3.1,3.03,3.08,663650,TTF
2020-07-24 07:00:00,3.05,3.08,2.87,2.87,3409120,TTF
2020-07-27 07:00:00,2.67,2.73,2.67,2.67,2085690,TTF
2020-07-28 07:00:00,2.67,2.8,2.55,2.74,1359650,TTF
2020-07-29 07:00:00,2.65,2.69,2.55,2.57,2330500,TTF
2020-07-30 07:00:00,2.57,2.66,2.57,2.66,1151380,TTF
2020-07-31 07:00:00,2.69,2.84,2.61,2.84,1497900,TTF
2020-08-03 07:00:00,3.03,3.03,3.03,3.03,794040,TTF
2020-08-04 07:00:00,3.24,3.24,3.1,3.19,5343880,TTF
2020-08-05 07:00:00,3.18,3.24,3.11,3.12,2289510,TTF
2020-08-06 07:00:00,3.12,3.32,3.12,3.22,2826320,TTF
2020-08-07 07:00:00,3.22,3.23,3.15,3.17,1192900,TTF
2020-08-10 07:00:00,3.22,3.24,3.16,3.17,1117020,TTF
2020-08-11 07:00:00,3.15,3.17,3.11,3.13,1328500,TTF
2020-08-12 07:00:00,3.14,3.15,3.06,3.08,1486280,TTF
2020-08-13 07:00:00,3.08,3.19,3.08,3.15,893390,TTF
2020-08-14 07:00:00,3.16,3.32,3.15,3.18,4220480,TTF
2020-08-17 07:00:00,3.2,3.29,3.17,3.28,4117060,TTF
2020-08-18 07:00:00,3.3,3.42,3.3,3.4,3585020,TTF
2020-08-19 07:00:00,3.45,3.48,3.33,3.41,3059460,TTF
2020-08-20 07:00:00,3.39,3.41,3.33,3.33,2052500,TTF
2020-08-21 07:00:00,3.33,3.4,3.33,3.37,2216120,TTF
2020-08-24 07:00:00,3.39,3.44,3.36,3.38,2455750,TTF
2020-08-25 07:00:00,3.42,3.42,3.36,3.38,2006310,TTF
2020-08-26 07:00:00,3.61,3.61,3.61,3.61,2048470,TTF
2020-08-27 07:00:00,3.86,3.86,3.86,3.86,658990,TTF
2020-08-28 07:00:00,4.13,4.13,4.13,4.13,1261390,TTF
2020-08-31 07:00:00,4.41,4.41,4.13,4.41,22812920,TTF
2020-09-01 07:00:00,4.4,4.66,4.3,4.41,4928070,TTF
2020-09-03 07:00:00,4.41,4.55,4.3,4.33,3393100,TTF
2020-09-04 07:00:00,4.15,4.6,4.12,4.5,7381130,TTF
2020-09-07 07:00:00,4.5,4.81,4.5,4.74,7490090,TTF
2020-09-08 07:00:00,4.79,4.79,4.59,4.7,4422550,TTF
2020-09-09 07:00:00,4.52,5.0,4.52,4.94,5910160,TTF
2020-09-10 07:00:00,5.25,5.25,4.9,4.9,5607390,TTF
2020-09-11 07:00:00,4.81,5.05,4.8,4.96,3523010,TTF
2020-09-14 07:00:00,5.05,5.05,4.85,4.89,4483450,TTF
2020-09-15 07:00:00,4.9,5.0,4.85,4.9,4392720,TTF
2020-09-16 07:00:00,4.9,4.91,4.84,4.84,2538230,TTF
2020-09-17 07:00:00,4.85,4.88,4.52,4.7,7451340,TTF
2020-09-18 07:00:00,4.65,4.81,4.56,4.79,2708530,TTF
2020-09-21 07:00:00,4.8,5.12,4.77,5.12,7314240,TTF
2020-09-22 07:00:00,5.1,5.4,5.0,5.25,5919970,TTF
2020-09-23 07:00:00,5.3,5.31,5.11,5.2,3398360,TTF
2020-09-24 07:00:00,5.11,5.23,5.06,5.17,3821820,TTF
2020-09-25 07:00:00,5.2,5.29,5.11,5.2,2645290,TTF
2020-09-28 07:00:00,5.27,5.49,5.25,5.49,5554090,TTF
2020-09-29 07:00:00,5.55,5.59,5.33,5.39,4849570,TTF
2020-09-30 07:00:00,5.39,5.5,5.35,5.49,3338950,TTF
2020-10-01 07:00:00,5.59,5.59,5.48,5.54,2622180,TTF
2020-10-02 07:00:00,5.59,5.59,5.3,5.46,5158830,TTF
2020-10-05 07:00:00,5.46,5.59,5.46,5.53,2936150,TTF
2020-10-06 07:00:00,5.53,5.6,5.48,5.5,3207080,TTF
2020-10-07 07:00:00,5.48,5.88,5.44,5.88,5105570,TTF
2020-10-08 07:00:00,6.19,6.29,6.0,6.29,7118520,TTF
2020-10-09 07:00:00,6.28,6.66,6.22,6.42,3522940,TTF
2020-10-12 07:00:00,6.42,6.46,6.27,6.29,4602440,TTF
2020-10-13 07:00:00,6.28,6.63,6.22,6.56,3723390,TTF
2020-10-14 07:00:00,6.66,6.97,6.57,6.73,3838480,TTF
2020-10-15 07:00:00,6.74,6.85,6.66,6.79,2947200,TTF
2020-10-16 07:00:00,6.79,7.26,6.71,7.26,6486880,TTF
2020-10-19 07:00:00,7.5,7.76,7.35,7.76,2685470,TTF
2020-10-20 07:00:00,8.2,8.3,7.8,8.12,7909800,TTF
2020-10-21 07:00:00,8.0,8.65,8.0,8.4,4123820,TTF
2020-10-22 07:00:00,8.41,8.75,8.4,8.59,2986320,TTF
2020-10-23 07:00:00,8.7,8.7,7.99,7.99,9333400,TTF
2020-10-26 07:00:00,7.44,7.8,7.44,7.44,3989590,TTF
2020-10-27 07:00:00,6.92,6.92,6.92,6.92,1015170,TTF
2020-10-28 07:00:00,6.44,6.44,6.44,6.44,772150,TTF
2020-10-29 07:00:00,5.99,6.8,5.99,6.7,10542760,TTF
2020-10-30 07:00:00,6.99,7.16,6.24,6.41,6168710,TTF
2020-11-02 07:00:00,5.97,6.3,5.97,6.07,3868050,TTF
2020-11-03 07:00:00,5.95,6.1,5.65,5.65,8533190,TTF
2020-11-04 07:00:00,5.4,6.04,5.3,6.04,7429840,TTF
2020-11-05 07:00:00,6.12,6.39,5.81,5.81,3751600,TTF
2020-11-06 07:00:00,5.88,6.0,5.7,5.72,2014110,TTF
2020-11-09 07:00:00,5.75,5.9,5.7,5.89,2873090,TTF
2020-11-10 07:00:00,6.01,6.1,5.79,5.8,2656200,TTF
2020-11-11 07:00:00,5.8,5.85,5.65,5.77,2184430,TTF
2020-11-12 07:00:00,5.77,5.85,5.7,5.72,2096620,TTF
2020-11-13 07:00:00,5.7,6.0,5.55,5.83,4936410,TTF
2020-11-16 07:00:00,5.81,5.98,5.7,5.7,1977510,TTF
2020-11-17 07:00:00,5.79,5.79,5.63,5.66,2388890,TTF
2020-11-18 07:00:00,5.62,5.67,5.5,5.5,4673250,TTF
2020-11-19 07:00:00,5.49,5.75,5.42,5.66,3132110,TTF
2020-11-20 07:00:00,5.6,5.7,5.54,5.58,3206760,TTF
2020-11-23 07:00:00,5.7,5.97,5.68,5.97,6296000,TTF
2020-11-24 07:00:00,6.3,6.3,6.02,6.12,6320060,TTF
2020-11-25 07:00:00,6.12,6.12,5.9,5.95,3361580,TTF
2020-11-26 07:00:00,5.82,6.12,5.8,5.94,2903600,TTF
2020-11-27 07:00:00,5.92,6.1,5.9,5.93,2184010,TTF
2020-11-30 07:00:00,5.98,5.98,5.61,5.79,3393850,TTF
2020-12-01 07:00:00,5.62,5.68,5.6,5.63,4032400,TTF
2020-12-02 07:00:00,5.63,5.8,5.58,5.59,3162560,TTF
2020-12-03 07:00:00,5.59,5.75,5.54,5.68,3609540,TTF
2020-12-04 07:00:00,5.71,5.86,5.68,5.68,3792570,TTF
2020-12-07 07:00:00,5.62,5.7,5.6,5.61,3171090,TTF
2020-12-08 07:00:00,5.61,5.8,5.58,5.62,4077770,TTF
2020-12-09 07:00:00,5.69,5.78,5.61,5.69,4852850,TTF
2020-12-10 07:00:00,5.7,5.77,5.65,5.67,3328330,TTF
2020-12-11 07:00:00,5.67,5.69,5.62,5.63,2453380,TTF
2020-12-14 07:00:00,5.62,5.79,5.61,5.74,5140200,TTF
2020-12-15 07:00:00,5.74,5.74,5.66,5.67,3379980,TTF
2020-12-16 07:00:00,5.74,5.79,5.69,5.72,3296680,TTF
2020-12-17 07:00:00,5.7,5.71,5.61,5.64,4207170,TTF
2020-12-18 07:00:00,5.7,5.7,5.6,5.6,3360350,TTF
2020-12-21 07:00:00,5.55,5.59,5.42,5.5,7127790,TTF
2020-12-22 07:00:00,5.46,5.73,5.46,5.69,5097590,TTF
2020-12-23 07:00:00,5.74,6.08,5.74,6.07,14446210,TTF
2020-12-24 07:00:00,6.07,6.07,5.67,5.89,5135440,TTF
2020-12-25 07:00:00,5.7,5.95,5.7,5.85,3864120,TTF
2020-12-28 07:00:00,5.85,5.86,5.67,5.74,5935470,TTF
2020-12-29 07:00:00,5.7,6.08,5.68,5.97,8364600,TTF
2020-12-30 07:00:00,6.02,6.35,6.02,6.15,9564610,TTF
2020-12-31 07:00:00,6.22,6.38,6.11,6.15,5477690,TTF
2021-01-04 07:00:00,6.2,6.22,6.08,6.1,6610600,TTF
2021-01-05 07:00:00,6.05,6.38,6.01,6.17,8730000,TTF
2021-01-06 07:00:00,6.18,6.32,6.1,6.13,6272700,TTF
2021-01-07 07:00:00,6.2,6.55,6.1,6.55,10916000,TTF
2021-01-08 07:00:00,6.9,6.9,6.4,6.51,7081200,TTF
2021-01-11 07:00:00,6.6,6.75,6.41,6.55,5238900,TTF
2021-01-12 07:00:00,6.55,6.8,6.41,6.63,5388800,TTF
2021-01-13 07:00:00,6.7,6.71,6.48,6.5,6971200,TTF
2021-01-14 07:00:00,6.5,6.51,6.4,6.45,4375200,TTF
2021-01-15 07:00:00,6.54,6.63,6.44,6.53,6186400,TTF
2021-01-18 07:00:00,6.7,6.98,6.66,6.98,11673800,TTF
2021-01-19 07:00:00,7.13,7.2,6.5,6.7,9757800,TTF
2021-01-20 07:00:00,6.7,6.75,6.24,6.6,5459200,TTF
2021-01-21 07:00:00,6.65,6.75,6.39,6.68,6129600,TTF
2021-01-22 07:00:00,6.67,6.69,6.43,6.43,5647000,TTF
2021-01-25 07:00:00,6.35,6.46,5.98,5.98,6179300,TTF
2021-01-26 07:00:00,5.67,5.9,5.57,5.58,8820600,TTF
2021-01-27 07:00:00,5.38,5.53,5.19,5.19,6771400,TTF
2021-01-28 07:00:00,4.83,4.89,4.83,4.83,3077300,TTF
2021-01-29 07:00:00,4.5,5.05,4.5,4.94,6442900,TTF
2021-02-01 07:00:00,4.61,4.82,4.6,4.6,4020000,TTF
2021-02-02 07:00:00,4.28,4.4,4.28,4.28,7406200,TTF
2021-02-03 07:00:00,4.39,4.55,4.19,4.5,4543400,TTF
2021-02-04 07:00:00,4.6,4.81,4.45,4.81,3778100,TTF
2021-02-05 07:00:00,5.0,5.07,4.86,4.99,3503300,TTF
2021-02-08 07:00:00,4.9,4.99,4.65,4.7,4387800,TTF
2021-02-09 07:00:00,4.59,4.87,4.5,4.74,2219500,TTF
2021-02-17 07:00:00,4.8,5.07,4.77,5.07,1962200,TTF
2021-02-18 07:00:00,5.19,5.28,5.07,5.14,2415200,TTF
2021-02-19 07:00:00,5.1,5.2,5.0,5.1,2337100,TTF
2021-02-22 07:00:00,5.2,5.22,5.07,5.14,2385700,TTF
2021-02-23 07:00:00,5.12,5.15,5.09,5.13,1824000,TTF
2021-02-24 07:00:00,5.14,5.19,5.05,5.09,2431900,TTF
2021-02-25 07:00:00,5.1,5.13,5.02,5.09,1765000,TTF
2021-02-26 07:00:00,5.01,5.09,4.99,5.06,1801300,TTF
2021-03-01 07:00:00,5.05,5.12,5.05,5.06,2081800,TTF
2021-03-02 07:00:00,5.1,5.41,5.1,5.41,5769400,TTF
2021-03-03 07:00:00,5.41,5.78,5.41,5.78,5903600,TTF
2021-03-04 07:00:00,6.18,6.18,5.4,5.78,5541500,TTF
2021-03-05 07:00:00,5.6,5.78,5.5,5.63,2976400,TTF
2021-03-08 07:00:00,6.02,6.02,6.0,6.02,3291300,TTF
2021-03-09 07:00:00,6.28,6.41,6.1,6.25,9076300,TTF
2021-03-10 07:00:00,6.22,6.4,6.01,6.13,4379100,TTF
2021-03-11 07:00:00,6.13,6.23,6.05,6.13,4739500,TTF
2021-03-12 07:00:00,6.15,6.25,6.04,6.18,4835300,TTF
2021-03-15 07:00:00,6.23,6.6,6.16,6.42,6609600,TTF
2021-03-16 07:00:00,6.45,6.5,6.27,6.36,2989800,TTF
2021-03-17 07:00:00,6.36,6.36,6.17,6.19,4737700,TTF
2021-03-18 07:00:00,6.2,6.25,6.14,6.18,4043300,TTF
2021-03-19 07:00:00,6.03,6.13,5.83,6.05,6276700,TTF
2021-03-22 07:00:00,6.15,6.35,6.05,6.3,5456600,TTF
2021-03-23 07:00:00,6.4,6.65,6.35,6.48,8700500,TTF
2021-03-24 07:00:00,6.35,6.89,6.29,6.6,10610600,TTF
2021-03-25 07:00:00,6.8,6.88,6.65,6.81,10989700,TTF
2021-03-26 07:00:00,6.81,6.83,6.43,6.71,7783000,TTF
2021-03-29 07:00:00,6.71,7.17,6.63,7.17,14039500,TTF
2021-03-30 07:00:00,7.3,7.6,7.25,7.36,10608300,TTF
2021-03-31 07:00:00,7.34,7.35,7.01,7.2,7167400,TTF
2021-04-01 07:00:00,7.1,7.35,7.0,7.3,8616300,TTF
2021-04-02 07:00:00,7.5,7.5,7.16,7.3,7278000,TTF
2021-04-05 07:00:00,7.31,7.36,7.15,7.18,5645200,TTF
2021-04-06 07:00:00,7.18,7.5,7.13,7.4,8058100,TTF
2021-04-07 07:00:00,7.47,7.91,7.47,7.91,10444400,TTF
2021-04-08 07:00:00,8.2,8.29,8.0,8.15,6683000,TTF
2021-04-09 07:00:00,8.0,8.22,7.92,7.93,7336600,TTF
2021-04-12 07:00:00,7.93,8.2,7.71,8.0,11771900,TTF
2021-04-13 07:00:00,8.0,8.1,7.7,7.81,7560700,TTF
2021-04-14 07:00:00,7.7,8.15,7.5,7.92,9386600,TTF
2021-04-15 07:00:00,7.92,8.0,7.6,7.6,6695400,TTF
2021-04-16 07:00:00,7.4,7.6,7.07,7.29,13271300,TTF
2021-04-19 07:00:00,7.1,7.72,6.78,7.65,10814500,TTF
2021-04-20 07:00:00,7.7,7.83,7.22,7.36,5439800,TTF
2021-04-22 07:00:00,7.17,7.3,6.85,6.85,7104200,TTF
2021-04-23 07:00:00,6.65,7.08,6.4,6.87,8046400,TTF
2021-04-26 07:00:00,6.87,6.88,6.55,6.58,3664000,TTF
2021-04-27 07:00:00,6.6,7.04,6.52,7.04,5151000,TTF
2021-04-28 07:00:00,7.53,7.53,7.53,7.53,2102800,TTF
2021-04-29 07:00:00,8.05,8.05,7.65,7.65,16748800,TTF
2021-05-04 07:00:00,7.13,7.48,7.13,7.29,6721600,TTF
2021-05-05 07:00:00,7.3,7.4,7.12,7.2,8618400,TTF
2021-05-06 07:00:00,7.1,7.28,7.01,7.08,7421700,TTF
2021-05-07 07:00:00,7.08,7.2,6.9,6.95,4874500,TTF
2021-05-10 07:00:00,6.8,7.15,6.72,6.93,4378200,TTF
2021-05-11 07:00:00,7.0,7.13,6.87,6.95,3543200,TTF
2021-05-12 07:00:00,6.9,7.27,6.9,7.19,3846100,TTF
2021-05-13 07:00:00,7.19,7.27,7.01,7.1,3610100,TTF
2021-05-14 07:00:00,7.19,7.19,7.02,7.04,3537200,TTF
2021-05-17 07:00:00,7.09,7.09,6.8,6.9,4456900,TTF
2021-05-18 07:00:00,6.9,6.98,6.8,6.85,3348000,TTF
2021-05-19 07:00:00,6.85,6.99,6.78,6.8,3279600,TTF
2021-05-20 07:00:00,6.8,6.8,6.5,6.53,6146100,TTF
2021-05-21 07:00:00,6.41,6.98,6.2,6.78,7088300,TTF
2021-05-24 07:00:00,6.8,6.99,6.79,6.81,2000300,TTF
2021-05-25 07:00:00,6.86,6.88,6.71,6.8,3496400,TTF
2021-05-26 07:00:00,6.71,6.82,6.6,6.74,3120500,TTF
2021-05-27 07:00:00,6.75,6.86,6.55,6.6,2693400,TTF
2021-05-28 07:00:00,6.6,6.63,6.5,6.57,4058100,TTF
2021-05-31 07:00:00,6.57,6.57,6.25,6.28,5583400,TTF
2021-06-01 07:00:00,6.11,6.2,6.05,6.08,4138400,TTF
2021-06-02 07:00:00,6.08,6.5,6.0,6.5,5624500,TTF
2021-06-03 07:00:00,6.55,6.85,6.55,6.7,3978300,TTF
2021-06-04 07:00:00,6.7,6.7,6.5,6.57,3144400,TTF
2021-06-07 07:00:00,6.45,6.5,6.33,6.4,3641000,TTF
2021-06-08 07:00:00,6.33,6.64,6.33,6.37,3362600,TTF
2021-06-09 07:00:00,6.37,6.5,6.35,6.43,2183300,TTF
2021-06-10 07:00:00,6.45,6.7,6.43,6.55,2465300,TTF
2021-06-11 07:00:00,6.6,6.95,6.6,6.86,8066900,TTF
2021-06-14 07:00:00,6.9,6.91,6.7,6.73,3248200,TTF
2021-06-15 07:00:00,6.59,6.7,6.59,6.67,2872300,TTF
2021-06-16 07:00:00,6.65,7.13,6.49,7.12,10548300,TTF
2021-06-17 07:00:00,7.17,7.2,7.02,7.1,4500600,TTF
2021-06-18 07:00:00,7.1,7.49,7.1,7.21,5174500,TTF
2021-06-21 07:00:00,7.22,7.56,7.11,7.37,7173700,TTF
2021-06-22 07:00:00,7.38,7.5,7.12,7.23,5141700,TTF
2021-06-23 07:00:00,7.2,7.21,6.9,7.05,4301300,TTF
2021-06-24 07:00:00,6.96,7.3,6.86,7.22,4210600,TTF
2021-06-25 07:00:00,7.72,7.72,7.72,7.72,5986800,TTF
2021-06-28 07:00:00,8.26,8.26,8.26,8.26,4099700,TTF
2021-06-29 07:00:00,8.83,8.83,7.9,7.9,27598300,TTF
2021-06-30 07:00:00,7.85,8.12,7.73,7.78,8545900,TTF
2021-07-01 07:00:00,7.9,8.0,7.7,7.91,6007500,TTF
2021-07-02 07:00:00,7.8,7.96,7.65,7.67,6625200,TTF
2021-07-05 07:00:00,7.51,7.6,7.3,7.37,9341900,TTF
2021-07-06 07:00:00,7.3,7.6,7.1,7.1,4262200,TTF
2021-07-07 07:00:00,6.99,7.15,6.9,7.0,5029800,TTF
2021-07-08 07:00:00,7.0,7.3,6.99,7.07,3429400,TTF
2021-07-09 07:00:00,7.09,7.22,6.9,7.0,4167000,TTF
2021-07-12 07:00:00,6.95,7.0,6.51,6.51,6455300,TTF
2021-07-13 07:00:00,6.7,6.96,6.49,6.96,4503300,TTF
2021-07-14 07:00:00,6.96,7.07,6.7,6.7,2463800,TTF
2021-07-15 07:00:00,6.71,6.96,6.7,6.91,2825900,TTF
2021-07-16 07:00:00,6.91,6.98,6.82,6.84,2306100,TTF
2021-07-19 07:00:00,6.5,6.72,6.47,6.48,3762900,TTF
2021-07-20 07:00:00,6.52,6.93,6.48,6.93,5840900,TTF
2021-07-21 07:00:00,6.94,7.2,6.94,7.15,3735800,TTF
2021-07-22 07:00:00,7.15,7.25,7.05,7.22,2559000,TTF
2021-07-23 07:00:00,7.15,7.23,7.03,7.04,2820200,TTF
2021-07-26 07:00:00,6.85,7.1,6.6,7.04,2504000,TTF
2021-07-27 07:00:00,7.1,7.52,7.04,7.52,5411000,TTF
2021-07-28 07:00:00,7.51,7.53,7.26,7.26,3006900,TTF
2021-07-29 07:00:00,7.25,7.3,7.15,7.2,2433200,TTF
2021-07-30 07:00:00,7.2,7.34,7.11,7.13,4832100,TTF
2021-08-02 07:00:00,7.05,7.3,7.01,7.16,4225800,TTF
2021-08-03 07:00:00,7.19,7.32,7.13,7.2,3774000,TTF
2021-08-04 07:00:00,7.28,7.3,7.19,7.22,3580500,TTF
2021-08-05 07:00:00,7.22,7.29,7.14,7.24,3256500,TTF
2021-08-06 07:00:00,7.24,7.6,7.24,7.37,9109700,TTF
2021-08-09 07:00:00,7.33,7.49,7.33,7.39,4106800,TTF
2021-08-10 07:00:00,7.42,7.78,7.39,7.65,9954700,TTF
2021-08-11 07:00:00,7.7,7.74,7.4,7.4,6414300,TTF
2021-08-12 07:00:00,7.35,7.57,7.32,7.4,4626100,TTF
2021-08-13 07:00:00,7.44,7.53,7.24,7.35,5987700,TTF
2021-08-16 07:00:00,7.35,7.62,7.28,7.54,9754700,TTF
2021-08-17 07:00:00,7.59,7.61,7.42,7.47,4188300,TTF
2021-08-18 07:00:00,7.46,7.5,7.33,7.35,3766700,TTF
2021-08-19 07:00:00,7.35,7.42,7.26,7.28,6603400,TTF
2021-08-20 07:00:00,7.28,7.28,6.78,6.94,11662700,TTF
2021-08-23 07:00:00,6.81,6.94,6.7,6.72,5681600,TTF
2021-08-24 07:00:00,6.75,6.97,6.69,6.91,4571500,TTF
2021-08-25 07:00:00,6.93,6.95,6.81,6.9,1771600,TTF
2021-08-26 07:00:00,6.9,6.92,6.75,6.83,2804400,TTF
2021-08-27 07:00:00,6.86,7.2,6.86,7.15,6057700,TTF
2021-08-30 07:00:00,7.27,7.45,7.16,7.39,6722300,TTF
2021-08-31 07:00:00,7.38,7.4,7.23,7.28,4360900,TTF
2021-09-01 07:00:00,7.21,7.39,7.21,7.29,3665200,TTF
2021-09-06 07:00:00,7.3,7.7,7.3,7.53,11357300,TTF
2021-09-07 07:00:00,7.64,7.68,7.28,7.28,5979500,TTF
2021-09-08 07:00:00,7.28,7.33,7.1,7.17,3555200,TTF
2021-09-09 07:00:00,7.11,7.25,7.08,7.25,3367600,TTF
2021-09-10 07:00:00,7.23,7.34,7.16,7.22,2365400,TTF
2021-09-13 07:00:00,7.22,7.36,7.17,7.22,3817100,TTF
2021-09-14 07:00:00,7.22,7.33,7.19,7.22,4905400,TTF
2021-09-15 07:00:00,6.73,7.2,6.73,7.02,12209500,TTF
2021-09-16 07:00:00,6.97,7.09,6.93,6.97,5087000,TTF
2021-09-17 07:00:00,6.98,7.3,6.98,7.18,5320900,TTF
2021-09-20 07:00:00,7.19,7.38,7.1,7.2,6174400,TTF
2021-09-21 07:00:00,7.1,7.2,7.08,7.13,4648300,TTF
2021-09-22 07:00:00,7.14,7.62,7.14,7.62,13105800,TTF
2021-09-23 07:00:00,8.15,8.15,7.51,7.51,20588000,TTF
2021-09-24 07:00:00,7.5,7.6,7.28,7.33,4568200,TTF
2021-09-27 07:00:00,7.22,7.32,7.05,7.05,8792900,TTF
2021-09-28 07:00:00,6.94,7.1,6.8,7.07,6692100,TTF
2021-09-29 07:00:00,7.07,7.1,7.03,7.06,2623000,TTF
2021-09-30 07:00:00,7.12,7.4,7.06,7.24,2789600,TTF
2021-10-01 07:00:00,7.2,7.22,7.06,7.09,2933300,TTF
2021-10-04 07:00:00,7.09,7.3,7.06,7.14,3272200,TTF
2021-10-05 07:00:00,7.2,7.32,7.16,7.18,2458700,TTF
2021-10-06 07:00:00,7.2,7.3,7.16,7.3,3093600,TTF
2021-10-07 07:00:00,7.35,7.81,7.35,7.8,15453200,TTF
2021-10-08 07:00:00,7.94,7.99,7.52,7.59,7180100,TTF
2021-10-11 07:00:00,7.63,7.8,7.5,7.5,4883300,TTF
2021-10-12 07:00:00,7.43,7.79,7.4,7.59,8016300,TTF
2021-10-13 07:00:00,7.59,7.73,7.56,7.63,3476000,TTF
2021-10-14 07:00:00,7.66,8.1,7.61,8.1,12438800,TTF
2021-10-15 07:00:00,8.21,8.56,7.8,8.3,16049000,TTF
2021-10-18 07:00:00,8.31,8.32,8.08,8.1,5994200,TTF
2021-10-19 07:00:00,8.05,8.56,7.9,8.48,10595800,TTF
2021-10-20 07:00:00,8.59,9.07,8.5,9.05,22663600,TTF
2021-10-21 07:00:00,9.2,9.2,8.85,8.96,6090000,TTF
2021-10-22 07:00:00,8.9,9.3,8.72,9.15,10268700,TTF
2021-10-25 07:00:00,9.15,9.44,9.0,9.05,8932900,TTF
2021-10-26 07:00:00,8.99,9.38,8.86,9.19,7432700,TTF
2021-10-27 07:00:00,9.19,9.26,9.1,9.1,8103300,TTF
2021-10-28 07:00:00,9.2,9.3,9.06,9.16,7592400,TTF
2021-10-29 07:00:00,9.17,9.63,9.15,9.58,11321200,TTF
2021-11-01 07:00:00,9.59,10.1,9.59,9.85,10455000,TTF
2021-11-02 07:00:00,9.75,9.98,9.66,9.7,7386100,TTF
2021-11-03 07:00:00,9.7,9.71,9.03,9.03,19827300,TTF
2021-11-04 07:00:00,9.0,9.28,8.7,9.04,8464300,TTF
2021-11-05 07:00:00,9.25,9.5,9.16,9.3,5967600,TTF
2021-11-08 07:00:00,9.49,9.49,9.25,9.28,6500600,TTF
2021-11-09 07:00:00,9.3,9.3,9.16,9.2,8266600,TTF
2021-11-10 07:00:00,9.2,9.8,9.2,9.66,9153800,TTF
2021-11-11 07:00:00,9.8,10.3,9.8,10.3,16677900,TTF
2021-11-12 07:00:00,10.7,10.95,10.4,10.8,12172300,TTF
2021-11-15 07:00:00,11.0,11.2,10.5,10.85,13168600,TTF
2021-11-16 07:00:00,10.5,10.7,10.2,10.4,12269500,TTF
2021-11-17 07:00:00,10.4,10.9,10.2,10.55,6496500,TTF
2021-11-18 07:00:00,10.65,11.25,10.6,11.25,13995500,TTF
2021-11-19 07:00:00,11.6,11.6,10.5,10.8,15885400,TTF
2021-11-22 07:00:00,10.5,10.8,10.05,10.05,11554200,TTF
2021-11-23 07:00:00,9.8,10.75,9.8,10.75,8032300,TTF
2021-11-24 07:00:00,11.5,11.5,11.15,11.5,15516600,TTF
2021-11-25 07:00:00,11.5,12.0,11.25,11.6,9545600,TTF
2021-11-26 07:00:00,12.0,12.25,11.2,11.7,11961600,TTF
2021-11-29 07:00:00,11.3,12.2,11.2,11.75,9583500,TTF
2021-11-30 07:00:00,11.9,12.0,11.55,11.6,8487700,TTF
2021-12-01 07:00:00,11.6,11.75,11.25,11.35,6965700,TTF
2021-12-02 07:00:00,11.25,11.7,11.0,11.35,10277700,TTF
2021-12-03 07:00:00,11.3,11.65,11.0,11.1,5847200,TTF
2021-12-06 07:00:00,11.0,11.3,10.35,10.35,10155900,TTF
2021-12-07 07:00:00,10.5,11.05,10.3,11.05,9152600,TTF
2021-12-08 07:00:00,11.25,11.35,10.85,10.9,5690800,TTF
2021-12-09 07:00:00,10.75,11.3,10.75,11.15,5512600,TTF
2021-12-10 07:00:00,11.25,11.3,10.95,10.95,3912400,TTF
2021-12-13 07:00:00,11.2,11.7,11.0,11.7,12877500,TTF
2021-12-14 07:00:00,11.9,12.1,11.45,11.55,7158700,TTF
2021-12-15 07:00:00,11.55,11.6,11.3,11.3,3930600,TTF
2021-12-16 07:00:00,11.3,12.05,11.25,12.05,13251200,TTF
2021-12-17 07:00:00,12.4,12.7,12.05,12.2,8897500,TTF
2021-12-20 07:00:00,12.0,12.6,11.8,12.0,7164300,TTF
2021-12-21 07:00:00,12.0,12.35,11.7,12.1,7020500,TTF
2021-12-22 07:00:00,12.1,12.9,11.95,12.9,16586300,TTF
2021-12-23 07:00:00,13.5,13.8,12.95,13.8,16974700,TTF
2021-12-24 07:00:00,14.5,14.5,13.25,13.6,12843000,TTF
2021-12-27 07:00:00,13.3,14.25,13.05,14.0,10203600,TTF
2021-12-28 07:00:00,14.1,14.3,13.6,13.85,9623600,TTF
2021-12-29 07:00:00,13.8,14.6,13.75,14.25,7822400,TTF
2021-12-30 07:00:00,14.15,14.3,13.55,13.7,8090000,TTF
2021-12-31 07:00:00,13.7,13.8,13.05,13.5,7781000,TTF
2022-01-04 07:00:00,13.6,14.25,13.5,14.0,7049500,TTF
2022-01-05 07:00:00,14.0,14.95,13.8,14.95,13037400,TTF
2022-01-06 07:00:00,15.2,15.95,14.7,15.45,16779300,TTF
2022-01-07 07:00:00,15.6,15.85,15.35,15.7,6354900,TTF
2022-01-10 07:00:00,15.5,16.7,15.4,15.7,11372900,TTF
2022-01-11 07:00:00,15.5,16.3,15.0,15.5,10782000,TTF
2022-01-12 07:00:00,15.0,15.75,14.45,15.0,18285800,TTF
2022-01-13 07:00:00,15.4,15.4,13.95,13.95,12341900,TTF
2022-01-14 07:00:00,13.0,14.6,13.0,14.1,7282000,TTF
2022-01-17 07:00:00,14.25,14.5,13.15,13.2,6916400,TTF
2022-01-18 07:00:00,12.95,13.8,12.9,13.6,5220100,TTF
2022-01-19 07:00:00,13.8,14.1,13.55,13.9,3965400,TTF
2022-01-20 07:00:00,13.8,14.45,13.7,14.3,2970900,TTF
2022-01-21 07:00:00,14.3,14.7,13.8,13.9,4428000,TTF
2022-01-24 07:00:00,13.9,13.9,12.95,12.95,6294200,TTF
2022-01-25 07:00:00,12.5,13.0,12.1,12.85,5917900,TTF
2022-01-26 07:00:00,12.8,13.25,12.2,12.2,3431600,TTF
2022-01-27 07:00:00,12.2,12.45,11.35,11.5,6376500,TTF
2022-01-28 07:00:00,11.4,12.0,11.3,12.0,3758100,TTF
2022-02-07 07:00:00,12.4,12.8,12.1,12.8,2660300,TTF
2022-02-08 07:00:00,12.9,13.4,12.8,12.95,3596400,TTF
2022-02-09 07:00:00,12.95,13.25,12.95,13.05,1955500,TTF
2022-02-10 07:00:00,13.05,13.15,12.85,12.9,2811900,TTF
2022-02-11 07:00:00,12.9,13.35,12.8,13.15,2695400,TTF
2022-02-14 07:00:00,12.9,13.05,12.75,12.75,2647000,TTF
2022-02-15 07:00:00,12.8,13.0,12.65,12.85,1738800,TTF
2022-02-16 07:00:00,13.1,13.7,12.95,13.6,5495000,TTF
2022-02-17 07:00:00,13.7,14.2,13.6,13.9,4705800,TTF
2022-02-18 07:00:00,13.85,14.1,13.7,13.8,3406000,TTF
2022-02-21 07:00:00,13.65,14.3,13.65,14.1,5092100,TTF
2022-02-22 07:00:00,13.9,14.1,13.4,13.7,6668700,TTF
2022-02-23 07:00:00,13.85,14.2,13.75,14.05,4202800,TTF
2022-02-24 07:00:00,14.05,15.0,13.3,15.0,19637100,TTF
2022-02-25 07:00:00,15.2,15.75,15.0,15.0,9038900,TTF
2022-02-28 07:00:00,14.85,15.6,14.6,15.15,6170100,TTF
2022-03-01 07:00:00,15.3,15.3,14.9,14.95,7818300,TTF
2022-03-02 07:00:00,15.0,15.9,14.75,15.75,15790300,TTF
2022-03-03 07:00:00,15.75,15.9,15.55,15.7,5519100,TTF
2022-03-04 07:00:00,15.6,16.25,15.5,15.7,7538500,TTF
2022-03-07 07:00:00,15.65,16.2,15.3,15.65,9188700,TTF
2022-03-08 07:00:00,15.5,15.9,15.2,15.2,9236700,TTF
2022-03-09 07:00:00,15.35,15.7,14.45,15.25,10680500,TTF
2022-03-10 07:00:00,15.5,15.9,15.45,15.55,5490000,TTF
2022-03-11 07:00:00,15.75,16.6,15.75,16.6,16457600,TTF
2022-03-14 07:00:00,17.0,17.6,16.8,16.85,14527700,TTF
2022-03-15 07:00:00,16.6,17.35,16.45,16.8,6626800,TTF
2022-03-16 07:00:00,16.7,17.4,16.6,17.0,7558100,TTF
2022-03-17 07:00:00,17.4,17.4,16.8,16.85,6651500,TTF
2022-03-18 07:00:00,16.85,17.2,16.8,17.0,8015700,TTF
2022-03-21 07:00:00,16.8,17.5,16.35,17.2,12262600,TTF
2022-03-22 07:00:00,17.4,17.4,16.9,16.95,5396000,TTF
2022-03-23 07:00:00,16.8,17.0,16.65,16.7,6949800,TTF
2022-03-24 07:00:00,16.5,17.3,16.5,16.85,6813800,TTF
2022-03-25 07:00:00,17.0,17.2,16.9,17.0,4840400,TTF
2022-03-28 07:00:00,16.8,16.95,15.95,16.1,14453600,TTF
2022-03-29 07:00:00,16.5,17.2,16.5,17.2,8060500,TTF
2022-03-30 07:00:00,17.0,17.95,16.7,17.05,8731000,TTF
2022-03-31 07:00:00,17.0,17.0,16.5,16.7,5744400,TTF
2022-04-01 07:00:00,16.6,16.85,16.2,16.85,8444600,TTF
2022-04-04 07:00:00,17.1,17.1,16.3,16.3,6975600,TTF
2022-04-05 07:00:00,16.0,16.5,16.0,16.1,7269900,TTF
2022-04-06 07:00:00,15.9,16.1,15.0,15.0,18029400,TTF
2022-04-07 07:00:00,15.0,15.5,14.85,14.85,6559800,TTF
2022-04-08 07:00:00,14.8,15.3,14.0,14.75,7173800,TTF
2022-04-12 07:00:00,14.8,15.1,14.0,14.0,3988200,TTF
2022-04-13 07:00:00,14.3,14.85,13.8,14.85,4440700,TTF
2022-04-14 07:00:00,14.9,15.0,14.3,14.3,3385300,TTF
2022-04-15 07:00:00,14.35,14.8,14.1,14.4,3242700,TTF
2022-04-18 07:00:00,14.4,14.4,13.4,13.4,8666400,TTF
2022-04-19 07:00:00,13.45,13.8,12.5,12.5,8187700,TTF
2022-04-20 07:00:00,12.5,12.65,11.8,11.8,4716700,TTF
2022-04-21 07:00:00,11.35,12.6,11.05,12.6,6765900,TTF
2022-04-22 07:00:00,12.9,12.95,12.0,12.35,3605300,TTF
2022-04-25 07:00:00,12.35,12.8,11.75,11.8,5252000,TTF
2022-04-26 07:00:00,11.4,12.45,11.2,12.45,6225800,TTF
2022-04-27 07:00:00,12.55,12.8,12.3,12.65,3668600,TTF
2022-04-28 07:00:00,12.7,12.85,12.3,12.45,3276900,TTF
2022-04-29 07:00:00,12.55,12.7,12.3,12.65,4580300,TTF
2022-05-04 07:00:00,12.75,12.85,12.35,12.5,3544300,TTF
2022-05-05 07:00:00,12.75,12.75,11.95,12.0,4617600,TTF
2022-05-06 07:00:00,11.65,11.9,11.4,11.4,6925000,TTF
2022-05-09 07:00:00,11.05,11.3,10.65,10.65,5508200,TTF
2022-05-10 07:00:00,9.91,10.35,9.91,9.91,7097800,TTF
2022-05-11 07:00:00,10.15,10.15,9.77,10.0,3256900,TTF
2022-05-12 07:00:00,10.0,10.35,9.4,9.4,3692400,TTF
2022-05-13 07:00:00,9.39,9.6,8.75,8.75,6246700,TTF
2022-05-16 07:00:00,9.0,9.29,8.76,8.76,3001100,TTF
2022-05-17 07:00:00,8.77,9.37,8.76,9.36,8119600,TTF
2022-05-18 07:00:00,9.5,9.75,9.33,9.33,5384600,TTF
2022-05-19 07:00:00,9.01,9.3,9.0,9.13,3325500,TTF
2022-05-20 07:00:00,9.13,9.4,9.01,9.18,3200900,TTF
2022-05-23 07:00:00,9.35,9.37,8.9,9.0,2901400,TTF
2022-05-24 07:00:00,9.01,9.2,8.79,9.2,3270800,TTF
2022-05-25 07:00:00,9.2,9.59,9.1,9.57,4166700,TTF
2022-05-26 07:00:00,9.72,9.98,9.58,9.71,4952700,TTF
2022-05-27 07:00:00,9.71,9.78,9.5,9.54,4836700,TTF
2022-05-30 07:00:00,9.79,9.79,9.53,9.67,3254800,TTF
2022-05-31 07:00:00,9.67,9.9,9.56,9.72,5300300,TTF
2022-06-01 07:00:00,9.72,9.78,9.33,9.4,4603800,TTF
2022-06-02 07:00:00,9.35,9.69,9.25,9.3,3225200,TTF
2022-06-03 07:00:00,9.29,9.3,9.07,9.1,3599000,TTF
2022-06-06 07:00:00,9.1,9.19,8.91,8.94,3874600,TTF
2022-06-07 07:00:00,8.88,8.97,8.34,8.8,6251000,TTF
2022-06-08 07:00:00,8.94,9.35,8.9,9.25,3893300,TTF
2022-06-09 07:00:00,9.25,9.3,9.14,9.15,1469400,TTF
2022-06-10 07:00:00,9.03,9.48,9.01,9.15,3543500,TTF
2022-06-13 07:00:00,8.67,8.9,8.51,8.51,8537400,TTF
2022-06-14 07:00:00,8.15,8.49,8.15,8.21,3509500,TTF
2022-06-15 07:00:00,8.21,8.3,7.64,7.64,6554300,TTF
2022-06-16 07:00:00,7.9,7.93,7.6,7.6,2730300,TTF
2022-06-17 07:00:00,7.1,7.3,7.07,7.07,5572500,TTF
2022-06-20 07:00:00,7.0,7.0,6.58,6.58,7289400,TTF
2022-06-21 07:00:00,6.5,6.99,6.45,6.68,3020500,TTF
2022-06-22 07:00:00,6.91,6.98,6.7,6.96,1529200,TTF
2022-06-23 07:00:00,6.96,7.2,6.85,7.19,1733400,TTF
2022-06-24 07:00:00,7.26,7.4,7.13,7.27,2424900,TTF
2022-06-27 07:00:00,7.3,7.4,7.26,7.33,1165100,TTF
2022-06-28 07:00:00,7.31,7.8,7.31,7.65,2437200,TTF
2022-06-29 07:00:00,7.5,7.69,7.39,7.45,1570600,TTF
2022-06-30 07:00:00,7.51,7.55,7.13,7.13,1669900,TTF
2022-07-01 07:00:00,7.2,7.37,6.92,7.28,2366100,TTF
2022-07-04 07:00:00,7.68,7.68,7.41,7.5,2090200,TTF
2022-07-05 07:00:00,7.5,7.65,7.46,7.46,1676200,TTF
2022-07-06 07:00:00,7.3,7.39,7.1,7.1,2516600,TTF
2022-07-07 07:00:00,7.04,7.59,7.04,7.59,2678500,TTF
2022-07-08 07:00:00,8.12,8.12,8.12,8.12,1116900,TTF
2022-07-11 07:00:00,8.6,8.63,8.23,8.4,4475800,TTF
2022-07-12 07:00:00,8.4,8.66,8.21,8.4,2616000,TTF
2022-07-13 07:00:00,8.4,8.73,8.4,8.48,1855800,TTF
2022-07-14 07:00:00,8.33,8.65,8.33,8.51,1466500,TTF
2022-07-15 07:00:00,8.59,8.65,8.42,8.52,2003000,TTF
2022-07-18 07:00:00,8.63,8.99,8.58,8.72,2985100,TTF
2022-07-19 07:00:00,8.73,8.8,8.6,8.63,1481800,TTF
2022-07-20 07:00:00,8.79,8.87,8.58,8.75,2086100,TTF
2022-07-21 07:00:00,8.75,8.75,8.51,8.51,1912600,TTF
2022-07-22 07:00:00,8.5,8.67,8.39,8.39,1563900,TTF
2022-07-25 07:00:00,8.39,8.45,8.29,8.3,1362100,TTF
2022-07-26 07:00:00,8.3,8.35,8.13,8.14,1620000,TTF
2022-07-27 07:00:00,8.05,8.3,7.95,8.2,1729200,TTF
2022-07-28 07:00:00,8.45,8.45,8.25,8.25,1307500,TTF
2022-07-29 07:00:00,8.11,8.29,8.1,8.14,1534400,TTF
2022-08-01 07:00:00,7.95,8.18,7.88,8.12,3412500,TTF
2022-08-02 07:00:00,8.12,8.62,8.0,8.54,3759700,TTF
2022-08-03 07:00:00,8.49,8.97,8.41,8.8,5130000,TTF
2022-08-04 07:00:00,8.83,8.88,8.67,8.68,2418200,TTF
2022-08-05 07:00:00,8.61,8.78,8.56,8.67,2392900,TTF
2022-08-08 07:00:00,8.68,8.94,8.68,8.77,3314200,TTF
2022-08-09 07:00:00,8.86,8.9,8.76,8.79,3845500,TTF
2022-08-10 07:00:00,8.9,9.14,8.9,9.1,5275700,TTF
2022-08-11 07:00:00,9.24,9.24,8.71,8.71,4656800,TTF
2022-08-12 07:00:00,8.65,8.81,8.63,8.74,1514000,TTF
2022-08-15 07:00:00,8.78,8.8,8.61,8.65,2836700,TTF
2022-08-16 07:00:00,8.7,8.73,8.58,8.62,1983600,TTF
2022-08-17 07:00:00,8.62,8.69,8.42,8.42,3247700,TTF
2022-08-18 07:00:00,8.31,8.42,8.21,8.23,3433300,TTF
2022-08-19 07:00:00,8.2,8.38,8.19,8.2,2453900,TTF
2022-08-22 07:00:00,8.05,8.16,8.03,8.06,3073100,TTF
2022-08-23 07:00:00,8.05,8.3,8.05,8.22,2199400,TTF
2022-08-24 07:00:00,8.35,8.44,8.28,8.33,1173500,TTF
2022-08-25 07:00:00,8.4,8.4,8.2,8.23,1729900,TTF
2022-08-26 07:00:00,8.21,8.3,8.1,8.11,2195900,TTF
2022-08-29 07:00:00,7.89,8.08,7.77,7.86,3279300,TTF
2022-08-30 07:00:00,7.83,8.01,7.83,7.87,1940400,TTF
2022-08-31 07:00:00,7.81,7.94,7.81,7.86,1259800,TTF
2022-09-05 07:00:00,7.85,7.96,7.81,7.86,829400,TTF
2022-09-06 07:00:00,7.9,7.95,7.85,7.86,1262600,TTF
2022-09-07 07:00:00,7.84,7.86,7.32,7.32,2947100,TTF
2022-09-08 07:00:00,7.4,7.5,7.2,7.34,1742000,TTF
2022-09-09 07:00:00,7.39,7.44,7.3,7.4,1265500,TTF
2022-09-12 07:00:00,7.68,7.68,7.42,7.43,1320600,TTF
2022-09-13 07:00:00,7.47,7.48,7.31,7.35,1253700,TTF
2022-09-14 07:00:00,7.21,7.35,7.2,7.35,1455000,TTF
2022-09-15 07:00:00,7.35,7.4,7.3,7.34,837100,TTF
2022-09-16 07:00:00,7.3,7.31,7.1,7.1,1400100,TTF
2022-09-19 07:00:00,7.01,7.09,6.9,6.96,2625800,TTF
2022-09-20 07:00:00,6.96,7.2,6.96,7.08,1185700,TTF
2022-09-21 07:00:00,7.1,7.2,7.09,7.09,972600,TTF
2022-09-22 07:00:00,7.07,7.28,7.07,7.22,966500,TTF
2022-09-23 07:00:00,7.28,7.36,7.22,7.28,1007300,TTF
2022-09-26 07:00:00,7.25,7.25,6.9,6.96,1834200,TTF
2022-09-27 07:00:00,7.05,7.08,6.94,6.98,612700,TTF
2022-09-28 07:00:00,6.98,7.03,6.8,6.8,1573200,TTF
2022-09-29 07:00:00,6.9,6.95,6.72,6.72,893700,TTF
2022-09-30 07:00:00,6.65,6.7,6.25,6.31,3443900,TTF
2022-10-03 07:00:00,6.31,6.32,5.87,5.87,2150400,TTF
2022-10-04 07:00:00,5.9,6.03,5.5,5.66,1692300,TTF
2022-10-05 07:00:00,5.7,5.89,5.7,5.84,893800,TTF
2022-10-06 07:00:00,5.9,5.9,5.45,5.55,1149700,TTF
2022-10-07 07:00:00,5.31,5.4,5.17,5.18,3318700,TTF
2022-10-10 07:00:00,4.85,5.3,4.85,5.2,1058000,TTF
2022-10-11 07:00:00,5.2,5.2,4.84,4.85,1539400,TTF
2022-10-12 07:00:00,4.85,5.15,4.85,5.07,745600,TTF
2022-10-13 07:00:00,5.08,5.22,5.08,5.09,431000,TTF
2022-10-14 07:00:00,5.29,5.29,5.07,5.12,1275100,TTF
2022-10-17 07:00:00,5.14,5.14,4.9,4.95,1052700,TTF
2022-10-18 07:00:00,5.03,5.12,5.02,5.04,588000,TTF
2022-10-19 07:00:00,5.1,5.12,5.02,5.03,569600,TTF
2022-10-20 07:00:00,5.05,5.06,4.99,5.0,552400,TTF
2022-10-21 07:00:00,5.0,5.02,4.65,4.65,2037600,TTF
2022-10-24 07:00:00,4.62,4.7,4.33,4.33,2614700,TTF
2022-10-25 07:00:00,4.3,4.4,4.03,4.05,2027700,TTF
2022-10-26 07:00:00,4.27,4.27,4.01,4.12,919400,TTF
2022-10-27 07:00:00,4.13,4.4,4.13,4.4,2857500,TTF
2022-10-28 07:00:00,4.68,4.68,4.5,4.55,1205900,TTF
2022-10-31 07:00:00,4.6,4.68,4.24,4.25,1260600,TTF
2022-11-01 07:00:00,4.26,4.5,4.26,4.36,674200,TTF
2022-11-02 07:00:00,4.4,4.48,4.37,4.4,672700,TTF
2022-11-03 07:00:00,4.41,4.6,4.41,4.58,1021000,TTF
2022-11-04 07:00:00,4.58,4.58,4.35,4.36,770700,TTF
2022-11-07 07:00:00,4.36,4.47,4.06,4.06,1284700,TTF
2022-11-08 07:00:00,4.06,4.12,3.97,4.04,1039800,TTF
2022-11-09 07:00:00,4.15,4.2,4.1,4.1,962400,TTF
2022-11-10 07:00:00,4.01,4.09,3.82,3.82,1797900,TTF
2022-11-11 07:00:00,3.8,3.99,3.57,3.57,803000,TTF
2022-11-14 07:00:00,3.65,3.65,3.33,3.33,1513400,TTF
2022-11-15 07:00:00,3.25,3.3,3.1,3.1,4271500,TTF
2022-11-16 07:00:00,2.89,3.31,2.89,3.31,3798700,TTF
2022-11-17 07:00:00,3.41,3.54,3.4,3.54,2498100,TTF
2022-11-18 07:00:00,3.65,3.78,3.55,3.78,4000300,TTF
2022-11-21 07:00:00,4.04,4.04,4.04,4.04,2162500,TTF
2022-11-22 07:00:00,4.32,4.32,4.32,4.32,1513200,TTF
2022-11-23 07:00:00,4.62,4.62,4.02,4.02,4121700,TTF
2022-11-24 07:00:00,3.9,4.2,3.9,4.15,2517500,TTF
2022-11-25 07:00:00,4.35,4.35,4.16,4.35,1565900,TTF
2022-11-28 07:00:00,4.4,4.62,4.4,4.59,2403500,TTF
2022-11-29 07:00:00,4.75,4.75,4.4,4.59,2852100,TTF
2022-11-30 07:00:00,4.6,4.6,4.42,4.46,2250300,TTF
2022-12-01 07:00:00,4.6,4.66,4.5,4.51,3423400,TTF
2022-12-02 07:00:00,4.48,4.61,4.42,4.59,2480500,TTF
2022-12-05 07:00:00,4.69,4.91,4.69,4.91,2369700,TTF
2022-12-06 07:00:00,5.2,5.25,5.01,5.1,8825700,TTF
2022-12-07 07:00:00,5.1,5.14,4.75,4.75,4409400,TTF
2022-12-08 07:00:00,4.8,5.0,4.6,4.74,3691000,TTF
2022-12-09 07:00:00,4.89,4.89,4.63,4.7,1713900,TTF
2022-12-12 07:00:00,4.82,4.91,4.7,4.7,2278600,TTF
2022-12-13 07:00:00,4.65,4.75,4.5,4.69,1872500,TTF
2022-12-14 07:00:00,4.8,4.8,4.64,4.71,1291900,TTF
2022-12-15 07:00:00,4.7,4.8,4.68,4.69,1233500,TTF
2022-12-16 07:00:00,4.63,4.78,4.63,4.65,1189500,TTF
2022-12-19 07:00:00,4.56,4.72,4.56,4.57,1452700,TTF
2022-12-20 07:00:00,4.57,4.6,4.26,4.26,2600200,TTF
2022-12-21 07:00:00,4.4,4.42,4.05,4.25,1613900,TTF
2022-12-22 07:00:00,4.3,4.38,4.15,4.33,1160700,TTF
2022-12-23 07:00:00,4.3,4.35,4.23,4.32,769800,TTF
2022-12-26 07:00:00,4.33,4.33,4.02,4.02,1520800,TTF
2022-12-27 07:00:00,3.83,4.26,3.83,4.26,1662400,TTF
2022-12-28 07:00:00,4.23,4.26,4.16,4.16,814800,TTF
2022-12-29 07:00:00,4.1,4.21,4.05,4.06,679400,TTF
2022-12-30 07:00:00,4.1,4.11,4.03,4.08,593700,TTF
2023-01-03 07:00:00,4.09,4.24,4.09,4.22,988900,TTF
2023-01-04 07:00:00,4.22,4.26,4.15,4.15,1103700,TTF
2023-01-05 07:00:00,4.2,4.4,4.2,4.36,1613000,TTF
2023-01-06 07:00:00,4.36,4.4,4.22,4.3,1363100,TTF
2023-01-09 07:00:00,4.27,4.36,4.2,4.2,680200,TTF
2023-01-10 07:00:00,4.21,4.24,4.11,4.16,752100,TTF
2023-01-11 07:00:00,4.16,4.28,4.15,4.25,696100,TTF
2023-01-12 07:00:00,4.26,4.27,4.16,4.23,608700,TTF
2023-01-13 07:00:00,4.23,4.32,4.14,4.14,1038000,TTF
2023-01-16 07:00:00,4.2,4.2,4.09,4.09,1249900,TTF
2023-01-17 07:00:00,4.09,4.23,4.09,4.23,1077600,TTF
2023-01-18 07:00:00,4.25,4.3,4.25,4.27,1054600,TTF
2023-01-19 07:00:00,4.27,4.56,4.27,4.56,3953500,TTF
2023-01-27 07:00:00,4.79,4.8,4.63,4.72,2274100,TTF
2023-01-30 07:00:00,4.72,5.0,4.63,4.72,3068000,TTF
2023-01-31 07:00:00,4.69,4.72,4.56,4.72,2202500,TTF
2023-02-01 07:00:00,4.79,4.88,4.57,4.57,2433800,TTF
2023-02-02 07:00:00,4.58,4.65,4.48,4.48,1776300,TTF
2023-02-03 07:00:00,4.48,4.56,4.41,4.46,1251900,TTF
2023-02-06 07:00:00,4.45,4.45,4.35,4.43,757900,TTF
2023-02-07 07:00:00,4.42,4.52,4.39,4.43,1497400,TTF
2023-02-08 07:00:00,4.43,4.49,4.36,4.49,731800,TTF
2023-02-09 07:00:00,4.44,4.8,4.44,4.8,4577300,TTF
2023-02-10 07:00:00,4.8,4.9,4.61,4.62,1905000,TTF
2023-02-13 07:00:00,4.55,4.6,4.3,4.32,3789500,TTF
2023-02-14 07:00:00,4.35,4.36,4.2,4.3,1386300,TTF
2023-02-15 07:00:00,4.3,4.4,4.28,4.35,1427400,TTF
2023-02-16 07:00:00,4.4,4.49,4.35,4.39,1037900,TTF
2023-02-17 07:00:00,4.39,4.43,4.3,4.38,1366700,TTF
2023-02-20 07:00:00,4.46,4.57,4.46,4.57,2920200,TTF
2023-02-21 07:00:00,4.68,4.68,4.54,4.54,2025900,TTF
2023-02-22 07:00:00,4.46,4.49,4.4,4.4,1989400,TTF
2023-02-23 07:00:00,4.4,4.45,4.24,4.45,2562700,TTF
2023-02-24 07:00:00,4.46,4.46,4.31,4.33,738600,TTF
2023-02-27 07:00:00,4.15,4.25,4.12,4.16,2056100,TTF
2023-02-28 07:00:00,4.17,4.26,4.15,4.2,1020200,TTF
2023-03-01 07:00:00,4.2,4.28,4.15,4.28,929600,TTF
2023-03-02 07:00:00,4.3,4.34,4.24,4.24,555700,TTF
2023-03-03 07:00:00,4.3,4.3,4.16,4.2,829100,TTF
2023-03-06 07:00:00,4.22,4.28,4.21,4.25,1126400,TTF
2023-03-07 07:00:00,4.25,4.28,4.18,4.21,485800,TTF
2023-03-08 07:00:00,4.16,4.23,4.16,4.21,783900,TTF
2023-03-09 07:00:00,4.22,4.3,4.22,4.3,806900,TTF
2023-03-10 07:00:00,4.26,4.29,4.21,4.25,701600,TTF
2023-03-13 07:00:00,4.18,4.24,4.14,4.14,1593300,TTF
2023-03-14 07:00:00,4.18,4.18,4.04,4.07,2034400,TTF
2023-03-15 07:00:00,4.12,4.17,4.09,4.13,2290500,TTF
2023-03-16 07:00:00,4.07,4.18,4.05,4.06,1513000,TTF
2023-03-17 07:00:00,4.11,4.11,4.03,4.05,1407000,TTF
2023-03-20 07:00:00,4.02,4.1,3.96,3.99,1215400,TTF
2023-03-21 07:00:00,4.01,4.05,3.94,4.05,1232000,TTF
2023-03-22 07:00:00,4.05,4.09,4.03,4.06,481200,TTF
2023-03-23 07:00:00,4.02,4.03,3.99,4.0,757500,TTF
2023-03-24 07:00:00,4.05,4.05,4.0,4.0,865100,TTF
2023-03-27 07:00:00,4.04,4.14,4.0,4.12,3091600,TTF
2023-03-28 07:00:00,4.13,4.19,4.08,4.08,1462700,TTF
2023-03-29 07:00:00,4.06,4.07,4.0,4.03,1879400,TTF
2023-03-30 07:00:00,4.06,4.06,4.0,4.0,3243200,TTF
2023-03-31 07:00:00,4.02,4.04,3.98,4.01,1336300,TTF
2023-04-03 07:00:00,4.05,4.09,4.02,4.07,1260100,TTF
2023-04-04 07:00:00,4.1,4.19,4.06,4.18,3928400,TTF
2023-04-05 07:00:00,4.2,4.47,4.18,4.47,7250200,TTF
2023-04-06 07:00:00,4.55,4.57,4.29,4.29,5533700,TTF
2023-04-07 07:00:00,4.29,4.35,4.22,4.22,3735000,TTF
2023-04-10 07:00:00,4.3,4.47,4.23,4.45,6352500,TTF
2023-04-11 07:00:00,4.5,4.5,4.33,4.4,2915400,TTF
2023-04-12 07:00:00,4.48,4.48,4.3,4.34,2804500,TTF
2023-04-13 07:00:00,4.37,4.63,4.33,4.55,9623600,TTF
2023-04-14 07:00:00,4.6,4.61,4.45,4.45,2966200,TTF
2023-04-17 07:00:00,4.4,4.48,4.35,4.4,2368000,TTF
2023-04-18 07:00:00,4.47,4.6,4.4,4.44,5093100,TTF
2023-04-19 07:00:00,4.44,4.48,4.4,4.4,2001300,TTF
2023-04-20 07:00:00,4.4,4.49,4.36,4.39,2437900,TTF
2023-04-21 07:00:00,4.41,4.54,4.36,4.4,3743100,TTF
2023-04-24 07:00:00,4.37,4.44,4.36,4.36,1491400,TTF
2023-04-25 07:00:00,4.37,4.43,4.25,4.34,2626700,TTF
2023-04-26 07:00:00,4.31,4.4,4.25,4.32,1748200,TTF
2023-04-27 07:00:00,4.4,4.43,4.31,4.32,2992600,TTF
2023-04-28 07:00:00,4.33,4.41,4.31,4.35,2816900,TTF
2023-05-04 07:00:00,4.35,4.4,4.34,4.37,2404600,TTF
2023-05-05 07:00:00,4.39,4.39,4.34,4.36,2877300,TTF
2023-05-08 07:00:00,4.36,4.66,4.36,4.66,9130400,TTF
2023-05-09 07:00:00,4.79,4.84,4.6,4.6,5537600,TTF
2023-05-10 07:00:00,4.64,4.8,4.6,4.71,7094900,TTF
2023-05-11 07:00:00,4.78,4.8,4.65,4.73,5091500,TTF
2023-05-12 07:00:00,4.67,4.9,4.66,4.83,6894600,TTF
2023-05-15 07:00:00,4.85,4.92,4.66,4.67,6673800,TTF
2023-05-16 07:00:00,4.7,4.79,4.65,4.68,4142100,TTF
2023-05-17 07:00:00,4.68,5.0,4.67,4.81,10844700,TTF
2023-05-18 07:00:00,4.86,4.9,4.71,4.8,3244600,TTF
2023-05-19 07:00:00,4.78,4.81,4.61,4.68,4819400,TTF
2023-05-22 07:00:00,4.68,4.81,4.66,4.81,2924700,TTF
2023-05-23 07:00:00,4.86,4.89,4.72,4.76,2730600,TTF
2023-05-24 07:00:00,4.8,4.82,4.71,4.71,2924400,TTF
2023-05-25 07:00:00,4.71,4.77,4.65,4.68,2748600,TTF
2023-05-26 07:00:00,4.68,4.88,4.67,4.82,5205500,TTF
2023-05-29 07:00:00,4.85,4.97,4.85,4.91,5630600,TTF
2023-05-30 07:00:00,4.95,4.95,4.8,4.84,5294200,TTF
2023-05-31 07:00:00,4.84,4.94,4.81,4.93,5463800,TTF
2023-06-01 07:00:00,5.1,5.27,5.08,5.27,17476100,TTF
2023-06-02 07:00:00,5.4,5.52,5.21,5.27,8504300,TTF
2023-06-05 07:00:00,5.34,5.45,5.2,5.26,8733400,TTF
2023-06-06 07:00:00,5.23,5.43,5.23,5.39,6956700,TTF
2023-06-07 07:00:00,5.43,5.63,5.4,5.46,9305600,TTF
2023-06-08 07:00:00,5.5,5.84,5.5,5.63,21097200,TTF
2023-06-09 07:00:00,5.64,5.69,5.42,5.6,8373500,TTF
2023-06-12 07:00:00,5.6,5.67,5.52,5.66,5357500,TTF
2023-06-13 07:00:00,5.7,6.0,5.62,5.92,8654800,TTF
2023-06-14 07:00:00,5.99,5.99,5.6,5.65,7876300,TTF
2023-06-15 07:00:00,5.6,5.72,5.5,5.55,5501600,TTF
2023-06-16 07:00:00,5.6,5.68,5.49,5.49,8060600,TTF
2023-06-19 07:00:00,5.43,5.5,5.11,5.11,7733700,TTF
2023-06-20 07:00:00,5.05,5.3,5.05,5.3,3146000,TTF
2023-06-21 07:00:00,5.3,5.42,5.23,5.36,2457200,TTF
2023-06-22 07:00:00,5.44,5.44,5.36,5.39,2761300,TTF
2023-06-23 07:00:00,5.41,5.53,5.37,5.4,3334000,TTF
2023-06-26 07:00:00,5.34,5.4,5.12,5.23,4995800,TTF
2023-06-27 07:00:00,5.25,5.25,5.15,5.18,3032100,TTF
2023-06-28 07:00:00,5.2,5.35,5.2,5.33,3521500,TTF
2023-06-29 07:00:00,5.36,5.36,5.15,5.15,2302800,TTF
2023-06-30 07:00:00,5.15,5.19,5.13,5.15,2051700,TTF
2023-07-03 07:00:00,5.1,5.19,5.1,5.15,1438800,TTF
2023-07-04 07:00:00,5.15,5.35,5.15,5.35,2079700,TTF
2023-07-05 07:00:00,5.38,5.4,5.28,5.28,2366500,TTF
2023-07-06 07:00:00,5.25,5.3,5.15,5.2,2819700,TTF
2023-07-07 07:00:00,5.26,5.39,5.19,5.39,4173100,TTF
2023-07-10 07:00:00,5.49,5.49,5.4,5.41,4652200,TTF
2023-07-11 07:00:00,5.45,5.73,5.37,5.57,7530900,TTF
2023-07-12 07:00:00,5.58,5.65,5.46,5.52,3136900,TTF
2023-07-13 07:00:00,5.55,5.62,5.49,5.5,3165900,TTF
2023-07-14 07:00:00,5.55,5.62,5.5,5.58,4512400,TTF
2023-07-17 07:00:00,5.6,5.67,5.58,5.61,4309800,TTF
2023-07-18 07:00:00,5.64,5.65,5.48,5.5,3966900,TTF
2023-07-19 07:00:00,5.51,5.51,5.38,5.38,3877200,TTF
2023-07-20 07:00:00,5.45,5.48,5.32,5.42,3596300,TTF
2023-07-21 07:00:00,5.42,5.5,5.4,5.47,2466700,TTF
2023-07-24 07:00:00,5.49,5.71,5.41,5.67,7004800,TTF
2023-07-25 07:00:00,5.7,5.75,5.54,5.57,3765100,TTF
2023-07-26 07:00:00,5.53,5.64,5.51,5.54,3666300,TTF
2023-07-27 07:00:00,5.53,5.68,5.52,5.65,8737600,TTF
2023-07-28 07:00:00,5.65,5.84,5.65,5.71,6883000,TTF
2023-07-31 07:00:00,5.72,5.84,5.71,5.8,7300600,TTF
2023-08-01 07:00:00,5.7,5.74,5.5,5.5,13397600,TTF
2023-08-02 07:00:00,5.47,5.55,5.42,5.5,4235200,TTF
2023-08-03 07:00:00,5.5,5.65,5.45,5.49,3607900,TTF
2023-08-04 07:00:00,5.48,5.56,5.47,5.52,4501700,TTF
2023-08-07 07:00:00,5.59,5.77,5.56,5.75,8580800,TTF
2023-08-08 07:00:00,5.8,5.98,5.76,5.76,10586900,TTF
2023-08-09 07:00:00,5.8,6.15,5.66,6.03,17740500,TTF
2023-08-10 07:00:00,6.15,6.15,5.85,5.88,9007700,TTF
2023-08-11 07:00:00,5.9,5.92,5.72,5.8,9009200,TTF
2023-08-14 07:00:00,5.8,5.9,5.74,5.82,5870300,TTF
2023-08-15 07:00:00,5.82,5.94,5.78,5.89,6477100,TTF
2023-08-16 07:00:00,5.94,6.1,5.87,5.96,11253300,TTF
2023-08-17 07:00:00,6.0,6.03,5.8,5.82,6850300,TTF
2023-08-18 07:00:00,5.77,5.8,5.42,5.42,14412400,TTF
2023-08-21 07:00:00,5.35,5.42,5.15,5.26,4598300,TTF
2023-08-22 07:00:00,5.4,5.45,5.1,5.2,4043300,TTF
2023-08-23 07:00:00,5.32,5.32,5.18,5.21,2692200,TTF
2023-08-24 07:00:00,5.25,5.34,5.21,5.29,2176300,TTF
2023-08-25 07:00:00,5.3,5.42,5.3,5.3,2984800,TTF
2023-08-28 07:00:00,5.32,5.41,5.31,5.33,2452000,TTF
2023-08-29 07:00:00,5.35,5.42,5.35,5.41,3900400,TTF
2023-08-30 07:00:00,5.42,5.44,5.36,5.38,2097600,TTF
2023-08-31 07:00:00,5.4,5.59,5.39,5.48,3638900,TTF
2023-09-05 07:00:00,5.51,5.55,5.47,5.5,3042100,TTF
2023-09-06 07:00:00,5.5,5.55,5.43,5.5,3841700,TTF
2023-09-07 07:00:00,5.51,5.8,5.51,5.65,7071600,TTF
2023-09-08 07:00:00,5.66,5.7,5.58,5.61,4373900,TTF
2023-09-11 07:00:00,5.7,5.7,5.38,5.39,6292700,TTF
2023-09-12 07:00:00,5.39,5.44,5.35,5.42,2760500,TTF
2023-09-13 07:00:00,5.42,5.49,5.31,5.36,3458600,TTF
2023-09-14 07:00:00,5.34,5.38,5.19,5.22,4331900,TTF
2023-09-15 07:00:00,5.22,5.3,5.19,5.22,2200100,TTF
2023-09-18 07:00:00,5.22,5.3,5.19,5.26,1696100,TTF
2023-09-19 07:00:00,5.3,5.39,5.2,5.24,2024100,TTF
2023-09-20 07:00:00,5.25,5.37,5.25,5.32,2331400,TTF
2023-09-21 07:00:00,5.39,5.39,5.3,5.31,2299100,TTF
2023-09-22 07:00:00,5.2,5.26,4.95,5.04,5116500,TTF
2023-09-25 07:00:00,5.05,5.12,4.8,4.8,4796300,TTF
2023-09-26 07:00:00,4.76,4.86,4.5,4.5,2095500,TTF
2023-09-27 07:00:00,4.49,4.57,4.4,4.57,2491900,TTF
2023-09-28 07:00:00,4.6,4.62,4.5,4.52,956100,TTF
2023-09-29 07:00:00,4.53,4.6,4.53,4.57,1153700,TTF
2023-10-02 07:00:00,4.65,4.65,4.57,4.58,744100,TTF
2023-10-03 07:00:00,4.46,4.54,4.3,4.3,4204200,TTF
2023-10-04 07:00:00,4.26,4.35,4.22,4.28,1597300,TTF
2023-10-05 07:00:00,4.35,4.35,4.2,4.26,1117400,TTF
2023-10-06 07:00:00,4.26,4.33,4.24,4.33,975500,TTF
2023-10-09 07:00:00,4.34,4.39,4.3,4.38,1137300,TTF
2023-10-10 07:00:00,4.39,4.45,4.37,4.37,2267200,TTF
2023-10-11 07:00:00,4.37,4.4,4.33,4.4,994400,TTF
2023-10-12 07:00:00,4.45,4.45,4.35,4.35,1354400,TTF
2023-10-13 07:00:00,4.3,4.34,4.2,4.28,1711800,TTF
2023-10-16 07:00:00,4.28,4.33,4.27,4.28,1221000,TTF
2023-10-17 07:00:00,4.3,4.32,4.28,4.28,1038700,TTF
2023-10-18 07:00:00,4.25,4.28,4.0,4.01,2209500,TTF
2023-10-19 07:00:00,4.0,4.06,3.91,3.97,1512300,TTF
2023-10-20 07:00:00,3.97,4.07,3.93,4.07,1234800,TTF
2023-10-23 07:00:00,4.07,4.07,3.99,4.07,850300,TTF
2023-10-24 07:00:00,4.07,4.11,4.03,4.08,583800,TTF
2023-10-25 07:00:00,4.09,4.12,4.07,4.08,641600,TTF
2023-10-26 07:00:00,4.01,4.04,3.8,3.8,5880100,TTF
2023-10-27 07:00:00,3.85,3.87,3.74,3.85,1396300,TTF
2023-10-30 07:00:00,3.8,3.97,3.8,3.9,1471300,TTF
2023-10-31 07:00:00,3.9,3.9,3.7,3.74,1168700,TTF
2023-11-01 07:00:00,3.77,3.83,3.68,3.74,919300,TTF
2023-11-02 07:00:00,3.82,3.95,3.74,3.9,1263300,TTF
2023-11-03 07:00:00,3.91,3.92,3.81,3.9,1801300,TTF
2023-11-06 07:00:00,3.9,3.94,3.88,3.89,1156100,TTF
2023-11-07 07:00:00,3.9,3.9,3.81,3.88,1032100,TTF
2023-11-08 07:00:00,3.87,4.0,3.85,4.0,2689100,TTF
2023-11-09 07:00:00,4.05,4.1,3.99,4.03,3049700,TTF
2023-11-10 07:00:00,4.02,4.1,4.01,4.03,2271200,TTF
2023-11-13 07:00:00,4.03,4.08,4.01,4.08,1117600,TTF
2023-11-14 07:00:00,4.1,4.2,4.06,4.09,2796200,TTF
2023-11-15 07:00:00,4.17,4.19,4.05,4.06,2388400,TTF
2023-11-16 07:00:00,4.05,4.09,4.0,4.06,2079700,TTF
2023-11-17 07:00:00,4.1,4.28,4.08,4.11,6099600,TTF
2023-11-20 07:00:00,3.99,4.15,3.99,4.13,1392100,TTF
2023-11-21 07:00:00,4.15,4.15,4.04,4.13,2366200,TTF
2023-11-22 07:00:00,4.13,4.14,4.07,4.12,1835500,TTF
2023-11-23 07:00:00,4.13,4.15,4.09,4.09,3112900,TTF
2023-11-24 07:00:00,4.09,4.1,3.93,4.09,2641500,TTF
2023-11-27 07:00:00,4.07,4.08,3.96,3.96,1219100,TTF
2023-11-28 07:00:00,3.99,3.99,3.9,3.96,1629700,TTF
2023-11-29 07:00:00,3.97,3.99,3.92,3.98,602800,TTF
2023-11-30 07:00:00,3.98,4.06,3.97,4.02,1576300,TTF
2023-12-01 07:00:00,4.02,4.06,3.96,3.99,834700,TTF
2023-12-04 07:00:00,3.98,4.08,3.98,4.07,1695900,TTF
2023-12-05 07:00:00,4.06,4.09,4.03,4.06,1136300,TTF
2023-12-06 07:00:00,4.05,4.25,4.0,4.25,6165000,TTF
2023-12-07 07:00:00,4.31,4.4,4.2,4.39,5887800,TTF
2023-12-08 07:00:00,4.45,4.49,4.22,4.36,2605600,TTF
2023-12-11 07:00:00,4.34,4.35,4.24,4.27,1510500,TTF
2023-12-12 07:00:00,4.25,4.44,4.25,4.41,4097900,TTF
2023-12-13 07:00:00,4.48,4.48,4.26,4.3,2612800,TTF
2023-12-14 07:00:00,4.27,4.35,4.17,4.17,2507300,TTF
2023-12-15 07:00:00,4.15,4.22,4.11,4.11,1932700,TTF
2023-12-18 07:00:00,4.12,4.19,4.11,4.18,1548200,TTF
2023-12-19 07:00:00,4.18,4.26,4.1,4.17,1162200,TTF
2023-12-20 07:00:00,4.17,4.17,4.12,4.16,915600,TTF
2023-12-21 07:00:00,4.05,4.16,4.05,4.16,1024500,TTF
2023-12-22 07:00:00,4.15,4.21,4.1,4.13,773600,TTF
2023-12-25 07:00:00,4.13,4.15,4.1,4.15,1463900,TTF
2023-12-26 07:00:00,4.13,4.18,4.12,4.15,825300,TTF
2023-12-27 07:00:00,4.15,4.35,4.15,4.24,2574900,TTF
2023-12-28 07:00:00,4.25,4.29,4.19,4.2,1163500,TTF
2023-12-29 07:00:00,4.27,4.3,4.2,4.25,2056900,TTF
2024-01-02 07:00:00,4.25,4.54,4.23,4.54,7866200,TTF
2024-01-03 07:00:00,4.72,4.79,4.62,4.65,5877500,TTF
2024-01-04 07:00:00,4.65,4.68,4.5,4.51,3981100,TTF
2024-01-05 07:00:00,4.59,4.59,4.48,4.5,3222800,TTF
2024-01-08 07:00:00,4.54,4.65,4.5,4.57,3012800,TTF
2024-01-09 07:00:00,4.57,4.58,4.48,4.5,2544700,TTF
2024-01-10 07:00:00,4.5,4.53,4.37,4.39,3008400,TTF
2024-01-11 07:00:00,4.38,4.48,4.38,4.4,1825800,TTF
2024-01-12 07:00:00,4.36,4.55,4.28,4.45,3443800,TTF
2024-01-15 07:00:00,4.46,4.53,4.37,4.43,1231800,TTF
2024-01-16 07:00:00,4.43,4.49,4.3,4.49,1400200,TTF
2024-01-17 07:00:00,4.54,4.54,4.42,4.48,1194300,TTF
2024-01-18 07:00:00,4.47,4.48,4.39,4.4,929700,TTF
2024-01-19 07:00:00,4.4,4.46,4.37,4.37,1349500,TTF
2024-01-22 07:00:00,4.42,4.42,4.33,4.38,1242800,TTF
2024-01-23 07:00:00,4.36,4.55,4.36,4.48,1308000,TTF
2024-01-24 07:00:00,4.48,4.51,4.42,4.45,1273300,TTF
2024-01-25 07:00:00,4.53,4.53,4.44,4.45,812700,TTF
2024-01-26 07:00:00,4.44,4.49,4.44,4.44,555000,TTF
2024-01-29 07:00:00,4.43,4.46,4.36,4.39,1266200,TTF
2024-01-30 07:00:00,4.37,4.4,4.36,4.4,1043800,TTF
2024-01-31 07:00:00,4.56,4.6,4.41,4.46,2759400,TTF
2024-02-01 07:00:00,4.46,4.49,4.39,4.44,1076500,TTF
2024-02-02 07:00:00,4.46,4.47,4.38,4.38,1207900,TTF
2024-02-05 07:00:00,4.39,4.43,4.33,4.33,1489700,TTF
2024-02-06 07:00:00,4.35,4.43,4.34,4.41,1378100,TTF
2024-02-07 07:00:00,4.45,4.45,4.38,4.42,1206600,TTF
2024-02-15 07:00:00,4.43,4.47,4.4,4.42,1362800,TTF
2024-02-16 07:00:00,4.39,4.55,4.39,4.48,2199700,TTF
2024-02-19 07:00:00,4.48,4.63,4.48,4.58,4484800,TTF
2024-02-20 07:00:00,4.61,4.61,4.5,4.54,2525200,TTF
2024-02-21 07:00:00,4.55,4.62,4.49,4.53,2806000,TTF
2024-02-22 07:00:00,4.53,4.68,4.53,4.61,4049800,TTF
2024-02-23 07:00:00,4.68,4.7,4.47,4.49,4891800,TTF
2024-02-26 07:00:00,4.5,4.6,4.47,4.54,2862100,TTF
2024-02-27 07:00:00,4.62,4.62,4.5,4.55,2297900,TTF
2024-02-28 07:00:00,4.55,4.78,4.55,4.74,7787300,TTF
2024-02-29 07:00:00,4.8,4.8,4.68,4.7,5182500,TTF
2024-03-01 07:00:00,4.68,4.75,4.66,4.7,2306100,TTF
2024-03-04 07:00:00,4.76,4.76,4.68,4.7,3947700,TTF
2024-03-05 07:00:00,4.7,5.02,4.68,4.96,5601700,TTF
2024-03-06 07:00:00,4.88,4.96,4.8,4.84,4063400,TTF
2024-03-07 07:00:00,4.81,4.88,4.77,4.8,2468200,TTF
2024-03-08 07:00:00,4.85,4.85,4.6,4.6,3840700,TTF
2024-03-11 07:00:00,4.64,4.68,4.52,4.55,3920500,TTF
2024-03-12 07:00:00,4.55,4.6,4.5,4.57,2133800,TTF
2024-03-13 07:00:00,4.58,4.66,4.54,4.63,1946700,TTF
2024-03-14 07:00:00,4.7,4.7,4.6,4.68,1865900,TTF
2024-03-15 07:00:00,4.67,4.7,4.61,4.67,1671800,TTF
2024-03-18 07:00:00,4.67,4.7,4.35,4.5,4281700,TTF
2024-03-19 07:00:00,4.55,4.55,4.47,4.5,1228500,TTF
2024-03-20 07:00:00,4.5,4.55,4.48,4.51,1044600,TTF
2024-03-21 07:00:00,4.59,4.59,4.52,4.56,1035500,TTF
2024-03-22 07:00:00,4.57,4.59,4.49,4.56,2309200,TTF
2024-03-25 07:00:00,4.57,4.59,4.45,4.49,1934200,TTF
2024-03-26 07:00:00,4.49,4.5,4.44,4.49,2104900,TTF
2024-03-27 07:00:00,4.5,4.52,4.48,4.51,1144800,TTF
2024-03-28 07:00:00,4.52,4.58,4.49,4.5,1225000,TTF
2024-03-29 07:00:00,4.53,4.54,4.45,4.47,1410700,TTF
2024-04-01 07:00:00,4.38,4.44,4.38,4.41,4335700,TTF
2024-04-02 07:00:00,4.4,4.4,4.12,4.29,7140400,TTF
2024-04-03 07:00:00,4.25,4.32,4.2,4.21,1832300,TTF
2024-04-04 07:00:00,4.21,4.25,4.14,4.16,1807300,TTF
2024-04-05 07:00:00,4.12,4.3,4.1,4.19,2641400,TTF
2024-04-08 07:00:00,4.19,4.28,4.15,4.15,1033800,TTF
2024-04-09 07:00:00,4.11,4.19,4.1,4.17,1576700,TTF
2024-04-10 07:00:00,4.17,4.2,4.13,4.14,652600,TTF
2024-04-11 07:00:00,4.1,4.14,4.09,4.14,1359700,TTF
2024-04-12 07:00:00,4.14,4.15,4.08,4.15,1461200,TTF
2024-04-15 07:00:00,4.11,4.14,3.96,3.96,3458400,TTF
2024-04-16 07:00:00,3.96,3.96,3.77,3.83,2781100,TTF
2024-04-17 07:00:00,3.89,3.89,3.8,3.85,1069500,TTF
2024-04-19 07:00:00,3.81,3.83,3.7,3.8,1871600,TTF
2024-04-22 07:00:00,3.82,3.88,3.81,3.85,604400,TTF
2024-04-23 07:00:00,3.92,3.92,3.8,3.82,757900,TTF
2024-04-24 07:00:00,3.85,3.95,3.8,3.9,1178800,TTF
2024-04-25 07:00:00,3.94,3.94,3.87,3.88,384800,TTF
2024-04-26 07:00:00,3.88,3.9,3.8,3.9,900800,TTF
2024-05-02 07:00:00,4.0,4.0,3.9,3.93,798100,TTF
2024-05-03 07:00:00,3.94,3.98,3.9,3.91,981900,TTF
2024-05-06 07:00:00,3.93,4.07,3.93,4.01,1534400,TTF
2024-05-07 07:00:00,4.06,4.08,3.99,4.04,992300,TTF
2024-05-08 07:00:00,4.04,4.08,3.95,4.03,1015100,TTF
2024-05-09 07:00:00,4.02,4.08,3.95,3.95,1248700,TTF
2024-05-10 07:00:00,3.96,4.0,3.9,3.95,1033000,TTF
2024-05-13 07:00:00,3.96,4.1,3.96,4.04,1397400,TTF
2024-05-14 07:00:00,4.05,4.07,3.99,3.99,666300,TTF
2024-05-15 07:00:00,4.03,4.05,3.97,3.97,1126900,TTF
2024-05-16 07:00:00,3.99,4.02,3.99,4.0,1208600,TTF
2024-05-17 07:00:00,4.0,4.05,3.98,4.03,1596400,TTF
2024-05-20 07:00:00,4.05,4.2,4.03,4.1,2663100,TTF
2024-05-21 07:00:00,4.15,4.15,4.03,4.07,1775900,TTF
2024-05-22 07:00:00,4.07,4.1,4.02,4.05,2180100,TTF
2024-05-23 07:00:00,4.06,4.15,4.03,4.09,1926600,TTF
2024-05-24 07:00:00,4.05,4.1,4.02,4.09,2298300,TTF
2024-05-27 07:00:00,4.1,4.11,4.04,4.06,853500,TTF
2024-05-28 07:00:00,4.05,4.1,4.05,4.08,1016600,TTF
2024-05-29 07:00:00,4.08,4.27,4.08,4.24,5276300,TTF
2024-05-30 07:00:00,4.28,4.33,4.16,4.22,2368200,TTF
2024-05-31 07:00:00,4.22,4.25,4.17,4.18,1177300,TTF
2024-06-03 07:00:00,4.19,4.23,4.15,4.18,2083100,TTF
2024-06-04 07:00:00,4.18,4.22,4.15,4.16,1316200,TTF
2024-06-05 07:00:00,4.17,4.22,4.13,4.18,2029700,TTF
2024-06-06 07:00:00,4.19,4.2,4.14,4.16,1529400,TTF
2024-06-07 07:00:00,4.18,4.3,4.1,4.1,3281900,TTF
2024-06-10 07:00:00,4.18,4.18,4.12,4.16,1334000,TTF
2024-06-11 07:00:00,4.16,4.18,4.07,4.08,1890100,TTF
2024-06-12 07:00:00,4.1,4.11,4.04,4.08,1699100,TTF
2024-06-13 07:00:00,4.12,4.12,4.08,4.09,1036800,TTF
2024-06-14 07:00:00,4.1,4.11,4.05,4.05,1511400,TTF
2024-06-17 07:00:00,4.05,4.05,4.01,4.01,1398500,TTF
2024-06-18 07:00:00,4.02,4.06,4.0,4.02,922800,TTF
2024-06-19 07:00:00,4.01,4.04,3.98,3.98,1671100,TTF
2024-06-20 07:00:00,3.99,4.01,3.9,3.96,1997500,TTF
2024-06-21 07:00:00,3.98,3.98,3.91,3.91,1335300,TTF
2024-06-24 07:00:00,3.91,3.94,3.84,3.85,1755600,TTF
2024-06-25 07:00:00,3.85,3.9,3.84,3.85,1015500,TTF
2024-06-26 07:00:00,3.89,3.9,3.86,3.88,650000,TTF
2024-06-27 07:00:00,3.9,3.93,3.83,3.88,838800,TTF
2024-06-28 07:00:00,3.89,3.9,3.81,3.81,930900,TTF
2024-07-01 07:00:00,3.81,3.85,3.81,3.83,388000,TTF
2024-07-02 07:00:00,3.85,3.93,3.83,3.91,762800,TTF
2024-07-03 07:00:00,3.91,3.93,3.89,3.9,479600,TTF
2024-07-04 07:00:00,3.88,3.95,3.88,3.93,552300,TTF
2024-07-05 07:00:00,3.92,3.93,3.89,3.92,689900,TTF
2024-07-08 07:00:00,3.94,3.94,3.84,3.86,718600,TTF
2024-07-09 07:00:00,3.86,3.9,3.84,3.9,644300,TTF
2024-07-10 07:00:00,3.88,3.91,3.86,3.9,720800,TTF
2024-07-11 07:00:00,3.9,4.05,3.9,3.94,1150000,TTF
2024-07-12 07:00:00,3.95,4.0,3.9,3.91,759800,TTF
2024-07-15 07:00:00,3.9,3.99,3.9,3.9,506100,TTF
2024-07-16 07:00:00,3.91,3.96,3.88,3.89,641200,TTF
2024-07-17 07:00:00,3.9,3.9,3.81,3.82,1570500,TTF
2024-07-18 07:00:00,3.82,3.88,3.82,3.85,894200,TTF
2024-07-19 07:00:00,3.83,3.89,3.81,3.82,697800,TTF
2024-07-22 07:00:00,3.81,3.88,3.8,3.82,917400,TTF
2024-07-23 07:00:00,3.82,3.83,3.78,3.79,916500,TTF
2024-07-24 07:00:00,3.79,3.8,3.77,3.8,993600,TTF
2024-07-25 07:00:00,3.78,3.8,3.77,3.77,337200,TTF
2024-07-26 07:00:00,3.77,3.82,3.76,3.79,578600,TTF
2024-07-29 07:00:00,3.79,3.79,3.7,3.77,1574300,TTF
2024-07-30 07:00:00,3.75,3.78,3.7,3.78,525900,TTF
2024-07-31 07:00:00,3.76,3.76,3.68,3.71,1397600,TTF
2024-08-01 07:00:00,3.74,3.75,3.65,3.71,1828900,TTF
2024-08-02 07:00:00,3.65,3.69,3.58,3.67,1248900,TTF
2024-08-05 07:00:00,3.59,3.59,3.42,3.42,2820100,TTF
2024-08-06 07:00:00,3.43,3.45,3.26,3.43,1400400,TTF
2024-08-07 07:00:00,3.43,3.45,3.38,3.41,415200,TTF
2024-08-08 07:00:00,3.44,3.44,3.35,3.37,365900,TTF
2024-08-09 07:00:00,3.4,3.42,3.36,3.42,575400,TTF
2024-08-12 07:00:00,3.4,3.42,3.37,3.41,447900,TTF
2024-08-13 07:00:00,3.41,3.42,3.37,3.41,438900,TTF
2024-08-14 07:00:00,3.38,3.43,3.38,3.39,430800,TTF
2024-08-15 07:00:00,3.39,3.4,3.37,3.38,456000,TTF
2024-08-16 07:00:00,3.38,3.57,3.38,3.54,1374400,TTF
2024-08-19 07:00:00,3.77,3.77,3.68,3.71,1120700,TTF
2024-08-20 07:00:00,3.72,3.72,3.64,3.65,587300,TTF
2024-08-21 07:00:00,3.65,3.69,3.61,3.67,812300,TTF
2024-08-22 07:00:00,3.65,3.69,3.58,3.69,664400,TTF
2024-08-23 07:00:00,3.67,3.67,3.61,3.62,340300,TTF
2024-08-26 07:00:00,3.61,3.68,3.6,3.64,800900,TTF
2024-08-27 07:00:00,3.66,3.66,3.56,3.63,735100,TTF
2024-08-28 07:00:00,3.58,3.62,3.57,3.59,709000,TTF
2024-08-29 07:00:00,3.59,3.59,3.55,3.56,293900,TTF
2024-08-30 07:00:00,3.56,3.58,3.53,3.54,589800,TTF
2024-09-04 07:00:00,3.55,3.55,3.48,3.5,431400,TTF
2024-09-05 07:00:00,3.46,3.57,3.46,3.48,383000,TTF
2024-09-06 07:00:00,3.5,3.5,3.44,3.46,367400,TTF
2024-09-09 07:00:00,3.46,3.46,3.42,3.45,359800,TTF
2024-09-10 07:00:00,3.47,3.47,3.39,3.43,440000,TTF
2024-09-11 07:00:00,3.41,3.42,3.38,3.41,347100,TTF
2024-09-12 07:00:00,3.4,3.47,3.4,3.42,348500,TTF
2024-09-13 07:00:00,3.42,3.43,3.39,3.41,475200,TTF
2024-09-16 07:00:00,3.41,3.42,3.38,3.42,352200,TTF
2024-09-17 07:00:00,3.38,3.42,3.37,3.39,394900,TTF
2024-09-18 07:00:00,3.4,3.48,3.39,3.44,554300,TTF
2024-09-19 07:00:00,3.44,3.47,3.4,3.47,336600,TTF
2024-09-20 07:00:00,3.47,3.51,3.39,3.46,768100,TTF
2024-09-23 07:00:00,3.45,3.45,3.4,3.41,352800,TTF
2024-09-24 07:00:00,3.4,3.42,3.4,3.4,282900,TTF
2024-09-25 07:00:00,3.41,3.45,3.38,3.41,675400,TTF
2024-09-26 07:00:00,3.41,3.43,3.37,3.41,788300,TTF
2024-09-27 07:00:00,3.4,3.44,3.36,3.4,1008200,TTF
2024-09-30 07:00:00,3.4,3.4,3.35,3.37,631000,TTF
2024-10-01 07:00:00,3.38,3.39,3.36,3.37,744700,TTF
2024-10-02 07:00:00,3.34,3.37,3.3,3.3,984800,TTF
2024-10-03 07:00:00,3.3,3.31,3.19,3.19,1586500,TTF
2024-10-04 07:00:00,3.1,3.18,3.0,3.04,1507600,TTF
2024-10-07 07:00:00,3.04,3.15,3.01,3.04,616400,TTF
2024-10-08 07:00:00,3.12,3.13,3.04,3.11,767300,TTF
2024-10-09 07:00:00,3.1,3.12,3.07,3.11,647100,TTF
2024-10-10 07:00:00,3.11,3.11,3.04,3.08,942500,TTF
2024-10-11 07:00:00,3.07,3.08,3.02,3.07,1018500,TTF
2024-10-14 07:00:00,3.08,3.08,3.02,3.08,750700,TTF
2024-10-15 07:00:00,3.07,3.09,3.02,3.06,625300,TTF
2024-10-16 07:00:00,3.06,3.06,3.0,3.03,842400,TTF
2024-10-17 07:00:00,3.03,3.06,3.0,3.04,401900,TTF
2024-10-18 07:00:00,3.04,3.04,3.01,3.01,557800,TTF
2024-10-21 07:00:00,3.0,3.04,2.98,3.04,592400,TTF
2024-10-22 07:00:00,3.04,3.04,2.99,3.01,889900,TTF
2024-10-23 07:00:00,3.01,3.04,3.0,3.04,522300,TTF
2024-10-24 07:00:00,3.03,3.05,3.0,3.05,1016300,TTF
2024-10-25 07:00:00,3.05,3.05,3.01,3.04,471700,TTF
2024-10-28 07:00:00,3.03,3.04,3.01,3.01,463700,TTF
2024-10-29 07:00:00,3.01,3.08,3.01,3.07,728900,TTF
2024-10-30 07:00:00,3.08,3.08,3.02,3.06,494700,TTF
2024-10-31 07:00:00,3.03,3.06,2.97,3.06,1570700,TTF
2024-11-01 07:00:00,3.03,3.05,2.99,3.0,797000,TTF
2024-11-04 07:00:00,3.0,3.0,2.95,3.0,1021100,TTF
2024-11-05 07:00:00,3.0,3.0,2.96,3.0,359100,TTF
2024-11-06 07:00:00,3.0,3.06,2.99,3.04,639200,TTF
2024-11-07 07:00:00,3.07,3.25,3.07,3.25,2827400,TTF
2024-11-08 07:00:00,3.4,3.43,3.27,3.27,1889000,TTF
2024-11-11 07:00:00,3.35,3.35,3.1,3.15,1446500,TTF
2024-11-12 07:00:00,3.15,3.2,3.14,3.15,533700,TTF
2024-11-13 07:00:00,3.15,3.16,3.1,3.13,1289700,TTF
2024-11-14 07:00:00,3.13,3.23,3.1,3.12,736500,TTF
2024-11-15 07:00:00,3.07,3.13,3.02,3.06,799800,TTF
2024-11-18 07:00:00,3.01,3.09,2.98,3.09,804800,TTF
2024-11-19 07:00:00,3.1,3.11,3.0,3.0,757600,TTF
2024-11-20 07:00:00,3.02,3.11,3.01,3.06,773400,TTF
2024-11-21 07:00:00,3.06,3.1,3.0,3.01,598400,TTF
2024-11-22 07:00:00,3.02,3.06,3.0,3.0,531900,TTF
2024-11-25 07:00:00,3.0,3.04,3.0,3.02,321000,TTF
2024-11-26 07:00:00,3.04,3.04,3.0,3.03,682300,TTF
2024-11-27 07:00:00,3.03,3.06,3.01,3.03,396300,TTF
2024-11-28 07:00:00,3.03,3.05,3.02,3.04,355500,TTF
2024-11-29 07:00:00,3.02,3.07,3.0,3.05,755100,TTF
2024-12-02 07:00:00,3.03,3.08,3.03,3.06,546100,TTF
2024-12-03 07:00:00,3.06,3.06,3.01,3.04,570200,TTF
2024-12-04 07:00:00,3.04,3.05,2.99,3.0,1346700,TTF
2024-12-05 07:00:00,3.0,3.04,3.0,3.01,626100,TTF
2024-12-06 07:00:00,3.02,3.07,3.02,3.03,951500,TTF
2024-12-09 07:00:00,3.03,3.15,3.03,3.08,1057300,TTF
2024-12-10 07:00:00,3.1,3.21,3.1,3.11,1198300,TTF
2024-12-11 07:00:00,3.19,3.19,3.08,3.09,1027300,TTF
2024-12-12 07:00:00,3.1,3.13,3.06,3.1,808400,TTF
2024-12-13 07:00:00,3.06,3.18,3.06,3.07,866500,TTF
2024-12-16 07:00:00,3.1,3.1,3.03,3.04,743300,TTF
2024-12-17 07:00:00,3.05,3.08,3.02,3.03,817200,TTF
2024-12-18 07:00:00,3.09,3.09,3.01,3.05,711900,TTF
2024-12-19 07:00:00,3.05,3.05,3.01,3.02,580300,TTF
2024-12-20 07:00:00,3.02,3.1,3.02,3.03,800500,TTF
2024-12-23 07:00:00,3.07,3.09,3.03,3.05,524700,TTF
2024-12-24 07:00:00,3.06,3.26,3.03,3.26,3048500,TTF
2024-12-25 07:00:00,3.3,3.34,3.2,3.26,2374700,TTF
2024-12-26 07:00:00,3.26,3.29,3.16,3.18,1247100,TTF
2024-12-27 07:00:00,3.19,3.23,3.15,3.15,1136400,TTF
2024-12-30 07:00:00,3.19,3.27,3.12,3.2,985000,TTF
2024-12-31 07:00:00,3.19,3.19,3.14,3.17,486200,TTF
2025-01-02 07:00:00,3.17,3.25,3.16,3.2,1093500,TTF
2025-01-03 07:00:00,3.2,3.24,3.14,3.15,677300,TTF
2025-01-06 07:00:00,3.15,3.23,3.13,3.17,696700,TTF
2025-01-07 07:00:00,3.18,3.24,3.15,3.19,767900,TTF
2025-01-08 07:00:00,3.15,3.18,3.1,3.1,597700,TTF
2025-01-09 07:00:00,3.11,3.17,3.08,3.09,836400,TTF
2025-01-10 07:00:00,3.12,3.15,3.06,3.07,598600,TTF
2025-01-13 07:00:00,3.07,3.07,3.03,3.04,344000,TTF
2025-01-14 07:00:00,3.04,3.08,3.03,3.06,302600,TTF
2025-01-15 07:00:00,3.08,3.08,3.04,3.08,362200,TTF
2025-01-16 07:00:00,3.08,3.11,3.07,3.08,388400,TTF
2025-01-17 07:00:00,3.09,3.09,3.06,3.08,205100,TTF
2025-01-20 07:00:00,3.08,3.1,3.02,3.03,424400,TTF
2025-01-21 07:00:00,3.03,3.07,3.01,3.01,677600,TTF
2025-01-22 07:00:00,3.01,3.05,3.01,3.03,311100,TTF
2025-01-23 07:00:00,3.03,3.06,3.02,3.03,668500,TTF
2025-01-24 07:00:00,3.05,3.05,3.01,3.02,711600,TTF
2025-02-03 07:00:00,3.02,3.06,2.99,3.01,1161900,TTF
2025-02-04 07:00:00,3.05,3.09,3.04,3.08,539800,TTF
2025-02-05 07:00:00,3.06,3.17,3.06,3.14,924300,TTF
2025-02-06 07:00:00,3.16,3.16,3.09,3.1,1021000,TTF
2025-02-07 07:00:00,3.09,3.25,3.09,3.18,1931700,TTF
2025-02-10 07:00:00,3.19,3.35,3.1,3.18,1758500,TTF
2025-02-11 07:00:00,3.21,3.23,3.16,3.17,588900,TTF
2025-02-12 07:00:00,3.22,3.22,3.13,3.14,732300,TTF
2025-02-13 07:00:00,3.14,3.16,3.14,3.14,351000,TTF
2025-02-14 07:00:00,3.14,3.19,3.13,3.17,1033000,TTF
2025-02-17 07:00:00,3.17,3.24,3.17,3.18,605700,TTF
2025-02-18 07:00:00,3.2,3.26,3.16,3.22,996700,TTF
2025-02-19 07:00:00,3.22,3.26,3.2,3.25,944000,TTF
2025-02-20 07:00:00,3.28,3.28,3.21,3.22,1149400,TTF
2025-02-21 07:00:00,3.23,3.23,3.18,3.19,863500,TTF
2025-02-24 07:00:00,3.19,3.22,3.17,3.2,652200,TTF
2025-02-25 07:00:00,3.2,3.25,3.16,3.19,1080000,TTF
2025-02-26 07:00:00,3.18,3.19,3.16,3.18,439500,TTF
2025-02-27 07:00:00,3.18,3.24,3.18,3.2,2005500,TTF
2025-02-28 07:00:00,3.21,3.4,3.2,3.2,4780000,TTF
2025-03-03 07:00:00,3.22,3.25,3.18,3.18,1715300,TTF
2025-03-04 07:00:00,3.17,3.2,3.1,3.11,2392600,TTF
2025-03-05 07:00:00,3.11,3.15,3.1,3.11,1045400,TTF
2025-03-06 07:00:00,3.13,3.15,3.1,3.15,457200,TTF
2025-03-07 07:00:00,3.13,3.16,3.12,3.15,618600,TTF
2025-03-10 07:00:00,3.15,3.18,3.13,3.14,1243800,TTF
2025-03-11 07:00:00,3.13,3.19,3.13,3.15,1136500,TTF
2025-03-12 07:00:00,3.15,3.19,3.15,3.16,988600,TTF
2025-03-13 07:00:00,3.16,3.18,3.14,3.14,1167100,TTF
2025-03-14 07:00:00,3.12,3.14,3.11,3.11,1790900,TTF
2025-03-17 07:00:00,3.1,3.15,3.1,3.11,888200,TTF
2025-03-18 07:00:00,3.11,3.15,3.1,3.13,885800,TTF
2025-03-19 07:00:00,3.12,3.14,3.11,3.12,650000,TTF
2025-03-20 07:00:00,3.12,3.13,3.1,3.12,733800,TTF
2025-03-21 07:00:00,3.12,3.12,3.1,3.1,610300,TTF
2025-03-24 07:00:00,3.1,3.15,3.09,3.11,869300,TTF
2025-03-25 07:00:00,3.13,3.15,3.1,3.12,777000,TTF
2025-03-26 07:00:00,3.12,3.15,3.08,3.1,1005000,TTF
2025-03-27 07:00:00,3.1,3.12,3.08,3.11,551200,TTF
2025-03-28 07:00:00,3.11,3.13,3.08,3.12,667400,TTF
2025-03-31 07:00:00,3.12,3.12,3.08,3.09,747200,TTF
2025-04-01 07:00:00,3.09,3.12,3.09,3.11,494500,TTF
2025-04-02 07:00:00,3.11,3.12,3.08,3.1,717800,TTF
2025-04-03 07:00:00,2.89,3.05,2.89,2.89,4205000,TTF
2025-04-04 07:00:00,2.69,2.69,2.69,2.69,1318600,TTF
2025-04-08 07:00:00,2.51,2.51,2.51,2.51,730000,TTF
2025-04-09 07:00:00,2.34,2.34,2.34,2.34,882100,TTF
2025-04-10 07:00:00,2.5,2.5,2.5,2.5,222500,TTF
2025-04-11 07:00:00,2.67,2.67,2.48,2.62,2929800,TTF
2025-04-14 07:00:00,2.64,2.65,2.53,2.57,1082700,TTF
2025-04-15 07:00:00,2.57,2.59,2.46,2.52,946300,TTF
2025-04-16 07:00:00,2.59,2.59,2.5,2.56,1108600,TTF
2025-04-17 07:00:00,2.54,2.54,2.47,2.51,579800,TTF
2025-04-18 07:00:00,2.51,2.59,2.5,2.54,954500,TTF
2025-04-21 07:00:00,2.54,2.56,2.47,2.51,662300,TTF
2025-04-22 07:00:00,2.51,2.53,2.34,2.38,1470800,TTF
2025-04-23 07:00:00,2.44,2.44,2.31,2.4,643400,TTF
2025-04-24 07:00:00,2.4,2.45,2.4,2.42,470700,TTF
2025-04-25 07:00:00,2.4,2.46,2.4,2.46,745200,TTF
2025-04-28 07:00:00,2.46,2.48,2.44,2.47,537800,TTF
2025-04-29 07:00:00,2.46,2.48,2.4,2.48,661400,TTF
2025-05-05 07:00:00,2.46,2.48,2.4,2.48,701100,TTF
2025-05-06 07:00:00,2.48,2.59,2.45,2.52,1372400,TTF
2025-05-07 07:00:00,2.52,2.54,2.5,2.51,617600,TTF
2025-05-08 07:00:00,2.51,2.56,2.51,2.54,765300,TTF
2025-05-09 07:00:00,2.54,2.56,2.54,2.54,421900,TTF
2025-05-12 07:00:00,2.53,2.58,2.52,2.55,393200,TTF
2025-05-13 07:00:00,2.57,2.59,2.55,2.57,615000,TTF
2025-05-14 07:00:00,2.56,2.6,2.55,2.59,829200,TTF
2025-05-15 07:00:00,2.59,2.6,2.55,2.55,550300,TTF
2025-05-16 07:00:00,2.56,2.59,2.53,2.53,595900,TTF
2025-05-19 07:00:00,2.53,2.57,2.52,2.55,556200,TTF
2025-05-20 07:00:00,2.55,2.58,2.55,2.58,614400,TTF
2025-05-21 07:00:00,2.57,2.6,2.53,2.58,924300,TTF
2025-05-22 07:00:00,2.56,2.58,2.5,2.56,933900,TTF
2025-05-23 07:00:00,2.56,2.56,2.5,2.54,737700,TTF
2025-05-26 07:00:00,2.54,2.69,2.5,2.63,1207000,TTF
2025-05-27 07:00:00,2.62,2.65,2.6,2.64,621200,TTF
2025-05-28 07:00:00,2.64,2.66,2.56,2.6,803400,TTF
2025-05-29 07:00:00,2.62,2.62,2.58,2.59,554900,TTF
2025-05-30 07:00:00,2.57,2.6,2.52,2.58,892400,TTF
2025-06-02 07:00:00,2.56,2.58,2.51,2.58,423600,TTF
2025-06-03 07:00:00,2.58,2.58,2.53,2.56,714900,TTF
2025-06-04 07:00:00,2.57,2.57,2.52,2.56,856900,TTF
2025-06-05 07:00:00,2.56,2.57,2.54,2.56,543100,TTF
2025-06-06 07:00:00,2.56,2.56,2.52,2.52,537100,TTF
2025-06-09 07:00:00,2.52,2.55,2.52,2.53,361200,TTF
2025-06-10 07:00:00,2.52,2.56,2.52,2.53,551900,TTF
2025-06-11 07:00:00,2.53,2.56,2.53,2.55,502400,TTF
2025-06-12 07:00:00,2.55,2.58,2.55,2.58,575400,TTF
2025-06-13 07:00:00,2.55,2.57,2.5,2.51,840900,TTF
2025-06-16 07:00:00,2.51,2.55,2.5,2.54,657600,TTF
2025-06-17 07:00:00,2.53,2.57,2.52,2.53,403000,TTF
2025-06-18 07:00:00,2.55,2.55,2.52,2.53,287300,TTF
2025-06-19 07:00:00,2.54,2.56,2.52,2.56,821900,TTF
2025-06-20 07:00:00,2.56,2.56,2.54,2.55,357700,TTF
2025-06-23 07:00:00,2.53,2.57,2.52,2.55,456800,TTF
2025-06-24 07:00:00,2.54,2.61,2.54,2.59,814700,TTF
2025-06-25 07:00:00,2.59,2.69,2.59,2.67,1532600,TTF
2025-06-26 07:00:00,2.69,2.69,2.6,2.62,835300,TTF
2025-06-27 07:00:00,2.62,2.67,2.61,2.64,392700,TTF
2025-06-30 07:00:00,2.65,2.65,2.6,2.63,862300,TTF
2025-07-01 07:00:00,2.63,2.64,2.58,2.58,746700,TTF
2025-07-02 07:00:00,2.58,2.6,2.55,2.57,1293100,TTF
2025-07-03 07:00:00,2.59,2.74,2.58,2.74,2058800,TTF
2025-07-04 07:00:00,2.93,2.93,2.89,2.93,4726800,TTF
2025-07-07 07:00:00,3.12,3.12,2.93,3.0,5650600,TTF
2025-07-08 07:00:00,3.05,3.05,2.87,2.91,2131600,TTF
2025-07-09 07:00:00,2.92,3.11,2.92,3.03,3867800,TTF
2025-07-10 07:00:00,3.03,3.04,2.99,3.02,1910500,TTF
2025-07-11 07:00:00,3.02,3.09,2.96,2.96,2626600,TTF
2025-07-14 07:00:00,2.99,3.08,2.94,3.01,1593000,TTF
2025-07-15 07:00:00,3.01,3.19,3.01,3.03,3061600,TTF
2025-07-16 07:00:00,3.02,3.07,3.01,3.05,1201100,TTF
2025-07-17 07:00:00,3.06,3.1,3.01,3.06,2332800,TTF
2025-07-18 07:00:00,3.06,3.1,3.04,3.07,1799500,TTF
2025-07-21 07:00:00,3.07,3.16,3.03,3.11,3472100,TTF
2025-07-22 07:00:00,3.11,3.11,3.06,3.08,1342300,TTF
2025-07-23 07:00:00,3.08,3.14,3.04,3.05,2309100,TTF
2025-07-24 07:00:00,3.08,3.1,3.04,3.06,1662400,TTF
2025-07-25 07:00:00,3.08,3.09,3.05,3.07,1839400,TTF
2025-07-28 07:00:00,3.09,3.18,3.07,3.14,3404400,TTF
2025-07-29 07:00:00,3.16,3.16,3.0,3.0,4091700,TTF
2025-07-30 07:00:00,3.0,3.05,2.94,3.04,2844800,TTF
2025-07-31 07:00:00,3.06,3.07,2.97,2.99,1801800,TTF
2025-08-01 07:00:00,3.0,3.04,2.95,2.99,2031900,TTF
2025-08-04 07:00:00,3.1,3.19,3.02,3.19,2837600,TTF
2025-08-05 07:00:00,3.41,3.41,3.15,3.19,6705500,TTF
2025-08-06 07:00:00,3.41,3.41,3.21,3.27,4611900,TTF
2025-08-07 07:00:00,3.29,3.29,3.19,3.22,3218200,TTF
2025-08-08 07:00:00,3.23,3.44,3.21,3.43,8030700,TTF
2025-08-11 07:00:00,3.4,3.56,3.37,3.4,2802800,TTF
2025-08-12 07:00:00,3.41,3.56,3.32,3.4,4588300,TTF
2025-08-13 07:00:00,3.34,3.46,3.28,3.4,2842600,TTF
2025-08-14 07:00:00,3.4,3.41,3.31,3.35,2747500,TTF
2025-08-15 07:00:00,3.39,3.39,3.26,3.26,3399600,TTF
2025-08-18 07:00:00,3.31,3.32,3.18,3.24,2911800,TTF
2025-08-19 07:00:00,3.26,3.46,3.22,3.46,6168200,TTF
2025-08-20 07:00:00,3.55,3.55,3.31,3.39,2413200,TTF
2025-08-21 07:00:00,3.4,3.4,3.31,3.33,1708400,TTF
2025-08-22 07:00:00,3.3,3.32,3.15,3.19,3444400,TTF
2025-08-25 07:00:00,3.2,3.2,2.99,3.0,2957500,TTF
2025-08-26 07:00:00,3.04,3.12,3.02,3.11,995200,TTF
2025-08-27 07:00:00,3.17,3.18,3.08,3.14,755800,TTF
2025-08-28 07:00:00,3.17,3.17,3.07,3.13,1128900,TTF
2025-08-29 07:00:00,3.11,3.19,3.11,3.12,1045600,TTF
2025-09-03 07:00:00,3.12,3.22,3.12,3.16,708200,TTF
2025-09-04 07:00:00,3.18,3.21,3.15,3.17,778800,TTF
2025-09-05 07:00:00,3.17,3.24,3.13,3.13,2149500,TTF
2025-09-08 07:00:00,3.12,3.15,3.0,3.0,2387500,TTF
2025-09-09 07:00:00,3.05,3.08,3.0,3.05,1106300,TTF
2025-09-10 07:00:00,3.09,3.09,3.03,3.05,495400,TTF
2025-09-11 07:00:00,3.05,3.06,2.95,3.05,986500,TTF
2025-09-12 07:00:00,3.05,3.14,3.05,3.12,1375300,TTF
2025-09-15 07:00:00,3.13,3.26,3.11,3.21,1987400,TTF
2025-09-16 07:00:00,3.29,3.32,3.22,3.28,2366900,TTF
2025-09-17 07:00:00,3.31,3.5,3.29,3.47,6381600,TTF
2025-09-18 07:00:00,3.5,3.57,3.34,3.34,2455000,TTF
2025-09-19 07:00:00,3.37,3.37,3.21,3.32,2242900,TTF
2025-09-22 07:00:00,3.27,3.32,3.16,3.21,1881300,TTF
2025-09-23 07:00:00,3.18,3.23,3.18,3.23,714000,TTF
2025-09-24 07:00:00,3.23,3.24,3.15,3.21,803300,TTF
2025-09-25 07:00:00,3.24,3.24,3.15,3.15,1029200,TTF
2025-09-26 07:00:00,3.15,3.17,3.09,3.09,2005900,TTF
2025-09-29 07:00:00,2.99,3.08,2.99,3.04,1458700,TTF
2025-09-30 07:00:00,3.04,3.1,3.01,3.09,694200,TTF
2025-10-01 07:00:00,3.1,3.12,3.0,3.0,1331700,TTF
2025-10-02 07:00:00,3.07,3.07,3.0,3.04,687400,TTF
2025-10-03 07:00:00,3.05,3.05,3.0,3.04,854700,TTF
2025-10-06 07:00:00,3.17,3.17,3.06,3.06,865400,TTF
2025-10-07 07:00:00,3.06,3.08,3.01,3.02,664800,TTF
2025-10-08 07:00:00,3.1,3.1,3.02,3.03,642600,TTF
2025-10-09 07:00:00,3.03,3.07,3.01,3.02,446800,TTF
2025-10-10 07:00:00,3.05,3.08,3.02,3.02,727700,TTF
2025-10-13 07:00:00,2.98,3.04,2.98,3.02,1048400,TTF
2025-10-14 07:00:00,3.04,3.04,2.97,2.98,996400,TTF
2025-10-15 07:00:00,3.0,3.0,2.93,2.96,982600,TTF
2025-10-16 07:00:00,2.95,2.96,2.88,2.89,1586300,TTF
2025-10-17 07:00:00,2.85,2.91,2.83,2.86,620800,TTF
2025-10-20 07:00:00,2.85,2.9,2.67,2.7,850900,TTF
2025-10-21 07:00:00,2.67,2.78,2.64,2.77,1046900,TTF
2025-10-22 07:00:00,2.79,2.87,2.75,2.86,594600,TTF
2025-10-23 07:00:00,2.87,2.89,2.84,2.85,267000,TTF
2025-10-24 07:00:00,2.88,2.88,2.77,2.79,549400,TTF
2025-10-27 07:00:00,2.84,2.89,2.81,2.86,400700,TTF
2025-10-28 07:00:00,2.87,2.88,2.8,2.86,296100,TTF
2025-10-29 07:00:00,2.89,2.95,2.86,2.95,595100,TTF
2025-10-30 07:00:00,2.96,2.98,2.9,2.94,361700,TTF
2025-10-31 07:00:00,2.94,2.95,2.9,2.9,735100,TTF
2025-11-03 07:00:00,2.91,2.93,2.85,2.85,306400,TTF
2025-11-04 07:00:00,2.86,2.88,2.79,2.87,404400,TTF
2025-11-05 07:00:00,2.86,2.88,2.85,2.86,85400,TTF
2025-11-06 07:00:00,2.86,2.87,2.84,2.85,174700,TTF
2025-11-07 07:00:00,2.81,2.86,2.8,2.83,331800,TTF
2025-11-10 07:00:00,2.83,2.86,2.79,2.82,142400,TTF
2025-11-11 07:00:00,2.79,2.83,2.79,2.81,338200,TTF
2025-11-12 07:00:00,2.83,2.85,2.79,2.85,422000,TTF
2025-11-13 07:00:00,2.84,2.93,2.83,2.86,556300,TTF
2025-11-14 07:00:00,2.86,2.92,2.86,2.87,278500,TTF
2025-11-17 07:00:00,2.87,2.93,2.86,2.9,447800,TTF
2025-11-18 07:00:00,2.91,2.93,2.87,2.89,602700,TTF
2025-11-19 07:00:00,2.89,2.91,2.87,2.9,338100,TTF
2025-11-20 07:00:00,2.85,2.91,2.85,2.9,235900,TTF
2025-11-21 07:00:00,2.9,2.91,2.87,2.87,428800,TTF
2025-11-24 07:00:00,2.87,2.9,2.86,2.87,229600,TTF
2025-11-25 07:00:00,2.88,2.95,2.87,2.91,791600,TTF
2025-11-26 07:00:00,2.93,2.93,2.88,2.91,328300,TTF
2025-11-27 07:00:00,2.91,2.92,2.87,2.9,267700,TTF
2025-11-28 07:00:00,2.93,3.1,2.88,3.1,2853300,TTF
2025-12-01 07:00:00,3.31,3.31,3.16,3.21,3352300,TTF
2025-12-02 07:00:00,3.2,3.28,3.11,3.28,2390200,TTF
2025-12-03 07:00:00,3.3,3.3,3.17,3.19,1173500,TTF
2025-12-04 07:00:00,3.18,3.28,3.14,3.22,1220200,TTF
2025-12-05 07:00:00,3.22,3.31,3.16,3.25,2044900,TTF
2025-12-08 07:00:00,3.29,3.47,3.25,3.47,5708500,TTF
2025-12-09 07:00:00,3.7,3.71,3.64,3.71,5168300,TTF
2025-12-10 07:00:00,3.96,3.96,3.82,3.96,13922300,TTF
2025-12-11 07:00:00,4.04,4.23,4.03,4.06,7939300,TTF
2025-12-12 07:00:00,4.09,4.22,3.78,3.78,7989100,TTF
2025-12-15 07:00:00,3.53,3.7,3.52,3.6,6619500,TTF
2025-12-16 07:00:00,3.47,3.85,3.47,3.85,3092500,TTF
2025-12-17 07:00:00,3.95,4.05,3.81,3.81,3110400,TTF
2025-12-18 07:00:00,3.84,3.84,3.55,3.55,3596800,TTF
2025-12-19 07:00:00,3.4,3.71,3.4,3.47,2563900,TTF
2025-12-22 07:00:00,3.47,3.57,3.34,3.36,3832000,TTF
2025-12-23 07:00:00,3.42,3.49,3.34,3.46,2031000,TTF
2025-12-24 07:00:00,3.47,3.47,3.26,3.32,3074200,TTF
2025-12-25 07:00:00,3.32,3.35,3.19,3.2,2310400,TTF
2025-12-26 07:00:00,3.13,3.2,3.0,3.0,2970200,TTF
2025-12-29 07:00:00,3.0,3.16,2.94,3.13,1913200,TTF
2025-12-30 07:00:00,3.18,3.18,3.05,3.15,1200600,TTF
2025-12-31 07:00:00,3.15,3.17,3.05,3.1,1150800,TTF
2026-01-05 07:00:00,3.15,3.15,3.0,3.06,1442400,TTF
2026-01-06 07:00:00,3.02,3.08,2.99,3.01,1861800,TTF
2026-01-07 07:00:00,3.0,3.08,3.0,3.03,1465800,TTF
2026-01-08 07:00:00,3.03,3.1,3.01,3.03,1255200,TTF
2026-01-09 07:00:00,3.03,3.09,2.98,3.0,1173300,TTF
2026-01-12 07:00:00,3.03,3.03,2.94,3.0,1821000,TTF
2026-01-13 07:00:00,3.04,3.09,2.99,3.03,1289900,TTF
2026-01-14 07:00:00,3.03,3.08,2.97,3.01,2675700,TTF
2026-01-15 07:00:00,3.01,3.08,2.99,3.05,1645300,TTF
2026-01-16 07:00:00,3.02,3.06,3.0,3.01,1287500,TTF
2026-01-19 07:00:00,3.02,3.05,3.0,3.05,933600,TTF
2026-01-20 07:00:00,3.05,3.09,3.02,3.02,1052800,TTF
2026-01-21 07:00:00,3.02,3.05,2.98,3.03,1215200,TTF
2026-01-22 07:00:00,3.05,3.24,3.02,3.15,2711900,TTF
2026-01-23 07:00:00,3.16,3.19,3.04,3.05,1343100,TTF
2026-01-26 07:00:00,3.08,3.1,2.92,2.98,1646700,TTF
2026-01-27 07:00:00,2.98,3.01,2.96,3.0,964600,TTF
2026-01-28 07:00:00,3.0,3.03,2.95,3.0,888900,TTF
2026-01-29 07:00:00,3.0,3.04,2.99,3.0,892200,TTF
2026-01-30 07:00:00,3.03,3.1,3.02,3.05,952900,TTF
2026-02-02 07:00:00,3.03,3.1,3.02,3.06,1328700,TTF
2026-02-03 07:00:00,3.08,3.15,3.08,3.11,2003200,TTF
2026-02-04 07:00:00,3.13,3.13,3.0,3.06,931600,TTF
2026-02-05 07:00:00,3.07,3.08,3.0,3.0,1191600,TTF
2026-02-06 07:00:00,2.99,3.02,2.96,2.97,1044500,TTF
2026-02-09 07:00:00,3.01,3.01,2.95,2.96,686000,TTF
2026-02-10 07:00:00,2.97,2.99,2.92,2.93,610700,TTF
2026-02-11 07:00:00,2.93,2.97,2.92,2.96,330400,TTF
2026-02-12 07:00:00,2.97,2.99,2.92,2.92,540300,TTF
2026-02-13 07:00:00,2.93,2.95,2.92,2.92,455300,TTF
2026-02-23 07:00:00,2.94,3.05,2.94,3.0,755500,TTF
2026-02-24 07:00:00,3.0,3.03,3.0,3.02,706000,TTF
2026-02-25 07:00:00,3.03,3.04,3.0,3.04,1051200,TTF
2026-02-26 07:00:00,3.05,3.1,2.95,3.08,2494200,TTF
2026-02-27 07:00:00,3.08,3.09,3.03,3.05,652700,TTF
